organization,row_count,building_count,total_sqft,total_opex_avoidance,total_carbon_reduction_mt,roles,verticals
CBRE Group (CBRE),296,296,135709843,126095085.27,110952.51,manager|owner|tenant,Commercial|Education|Healthcare
Marriott,534,534,107747988,85379489.04,57884.75,tenant|tenant_subunit,Commercial
Cushman & Wakefield,272,272,73004825,80951230.59,56608.52,manager|owner|tenant,Commercial|Education|Healthcare
City Of New York,190,190,56455218,78631181.89,78391.77,manager|owner|tenant,Commercial|Education|Healthcare
Jones Lang LaSalle (JLL),191,191,82819781,73576567.55,90862.02,manager,Commercial|Education|Healthcare|Mixed Use
Principal Real Estate Investors,81,81,77423960,72539420.56,71847.66,manager|owner,Commercial|Education|Healthcare
Kaiser Permanente,162,162,43699449,69481963.28,85910.27,owner|tenant,Commercial|Healthcare
General Services Administration (GSA),205,205,61003471,64080987.22,41741.46,manager|owner|tenant,Commercial|Education
Hines,139,139,66421604,62150918.74,50772.51,manager|owner,Commercial|Education
Brookfield,96,96,72095902,56210770.65,44422.9,manager|owner,Commercial|Healthcare
City Of Denver,24,24,10605785,54524729.17,16566.77,owner|tenant,Commercial|Education|Healthcare
Boston Properties (BXP),109,109,45565137,47876453.08,29214.17,manager|owner,Commercial|Education
Walmart,287,287,41365745,43798299.44,33837.18,owner|tenant,Commercial
Hilton,345,345,62460628,39478642.09,28319.93,owner|tenant,Commercial
Harvard University,162,162,18411037,37447468.59,41078.74,manager|owner|tenant,Commercial|Education
California State University,22,22,52425495,35563436.64,45852.25,owner|tenant,Education
Massachusetts Institute Of Technology,85,85,10551336,35514304.46,40438.58,owner|tenant,Commercial|Education
The Irvine Company,164,164,35679080,35120791.05,33352.27,manager|owner|tenant,Commercial|Education|Healthcare
Apollo Global Management,19,19,15132932,34683323.43,23832.37,manager|owner|tenant,Commercial|Healthcare
Tishman Speyer,66,66,41050197,33377992.76,40707.43,manager|owner,Commercial|Healthcare
Lincoln Property Company,132,132,26244752,32464987.35,18174.67,manager|owner,Commercial|Healthcare
Costco,147,147,21662921,32066489.03,23777.1,owner|tenant,Commercial
District Of Columbia,92,92,22206765,31631921.08,20083.93,owner|tenant,Commercial|Education|Healthcare
State Of New York,40,40,21811523,31078230.18,28602.61,owner|tenant,Commercial|Education|Healthcare
Target,304,304,42210569,30623381.91,21270.89,owner|tenant,Commercial
University of California,37,37,17510789,28826252.21,31955.09,owner|tenant,Education|Healthcare
Adventist Hospital,31,31,6325646,27286808.4,13919.36,owner|tenant,Healthcare
New York University (NYU),55,55,13659289,26942598.11,32647.09,manager|owner|tenant,Education|Healthcare
The Home Depot,231,231,25575831,26030277.08,27784.11,owner|tenant,Commercial
Vornado Realty Trust,78,78,33813422,25975301.35,26608.42,manager|owner,Commercial|Education|Healthcare
Hyatt,106,106,31536166,25216195.26,14143.7,tenant,Commercial
Intel,3,3,2645516,24251075.01,15695.09,owner|tenant,Commercial
Alexandria Real Estate Equities,39,39,18141816,24097948.75,22239.77,manager|owner|tenant,Commercial|Education|Healthcare
Washington Hospital Healthcare,5,5,8638437,23612945.35,36397.51,owner|tenant,Healthcare
Kilroy Realty,98,98,21694868,23290989.6,12774.19,manager|owner|tenant,Commercial|Education|Healthcare
Douglas Emmett,103,103,28734795,21711976.29,10195.88,owner,Commercial|Education|Healthcare
University Of Chicago,13,13,8930089,20912054.06,43513.85,owner|tenant,Education|Healthcare
Howard University,15,15,10239149,19237980.33,22390.21,owner|tenant,Education|Healthcare
Georgetown University,14,14,9769747,18564586.78,26763.61,owner|tenant,Education|Healthcare
Apple Inc,22,22,11491702,18219205.27,15326.93,owner|tenant,Commercial
District Of Columbia Public Schools,187,187,19559981,18146548.27,15511.81,owner,Education
George Washington University,33,33,12090000,17356019.25,17427.75,owner|tenant,Commercial|Education|Healthcare
Newmark,134,134,28836537,17194757.56,17852.49,manager,Commercial|Education
Blackstone,38,38,25103490,16977495.02,24039.74,manager|owner|tenant,Commercial|Education
Sutter Health,45,45,9447249,16644222.11,19684.68,owner|tenant,Commercial|Healthcare
Beacon Capital Partners,34,34,14924355,16522691.74,12229.5,owner|tenant,Commercial
Host Hotels & Resorts,33,33,19123733,16065835.66,10009.51,owner,Commercial
New York-Presbyterian Hospital,4,4,5543030,15793997.75,18335.91,owner|tenant,Healthcare
Oracle,15,15,3905674,15757552.94,7244.97,owner|tenant,Commercial
Qualcomm,7,7,2042968,15361723.09,6313.78,owner|tenant,Commercial
SL Green,52,52,27087076,14913298.55,17698.94,manager|owner,Commercial|Education|Healthcare
Providence Health,29,29,10364451,14896262.47,21250.87,owner|tenant,Commercial|Education|Healthcare
JBG Smith Properties,33,33,13246163,14890280.06,10070.48,manager|owner|tenant,Commercial|Education|Healthcare
InterContinental Hotels Group (IHG),133,133,17549072,14781479.1,8075.16,owner|tenant,Commercial
St. Joseph Hospital,3,3,2305039,14323166.1,6292.0,owner|tenant,Healthcare
Related Companies,22,22,11144086,14259236.55,14184.88,manager|owner,Commercial|Healthcare
St. Luke's Hospital,6,6,4167198,13838498.88,25758.91,owner|tenant,Healthcare
Brandywine Realty Trust,15,15,11644685,13609496.79,14648.29,owner|tenant,Commercial
Google,48,48,11336344,13588789.58,9867.92,owner|tenant,Commercial
Cornell University,5,5,3775203,13382896.74,22175.55,owner|tenant,Commercial|Education|Healthcare
Chicago Public Schools,214,214,31645241,13293379.99,49653.98,owner,Commercial|Education
City Of Los Angeles,42,42,15174055,12934042.22,10130.06,owner|tenant,Commercial|Healthcare
State of California,49,49,12774992,12596954.47,9439.56,owner|tenant,Commercial|Education|Healthcare
Boston Children's Hospital,4,4,2605837,12563409.31,13582.96,owner|tenant,Healthcare
Transwestern,43,43,13000548,12555500.45,14881.57,manager|owner|tenant,Commercial|Healthcare
City University of New York (CUNY),29,29,10784538,12499518.76,15022.57,owner|tenant,Education
Beth Israel Deaconess Medical Center,11,11,3847259,12256307.4,12668.51,owner|tenant,Healthcare
University Of Pennsylvania,10,10,3331505,12161366.22,17721.47,owner|tenant,Education|Healthcare
Macy's,97,97,24931999,12116504.92,8741.74,owner|tenant,Commercial
Boston University,53,53,6759466,12099327.08,9843.72,owner|tenant,Education
Hudson Pacific Properties,64,64,14072849,11950509.03,7824.29,manager|owner,Commercial
Shorenstein Properties,37,37,20478238,11469739.17,9454.73,manager|owner,Commercial
Paramount Group,40,40,18870203,11424961.72,10023.31,manager|owner|tenant,Commercial|Education
JPMorgan Chase (JPM),24,24,12502736,11144018.51,12750.56,owner|tenant,Commercial
Providence,16,16,6293942,11065652.17,16705.42,tenant_subunit,Commercial|Healthcare
Brigham And Women's Hospital,6,6,2238088,10912738.25,8932.85,owner|tenant,Commercial|Healthcare
Stanford University,28,28,5155926,10873601.23,10391.23,owner|tenant,Commercial|Education|Healthcare
Sheraton,25,25,7187028,10832204.84,5725.28,tenant_subunit,Commercial
Santa Clara County,4,4,1192344,10269404.79,4785.27,owner|tenant,Commercial|Healthcare
Albertsons Companies,199,199,11149344,10196024.3,7817.27,owner|tenant,Commercial
Colliers,68,68,14245138,10153848.06,10216.42,manager|owner,Commercial|Education
University Of Southern California,30,30,7220554,9877347.27,7885.84,owner|tenant,Commercial|Education|Healthcare
Ventas,52,52,9730814,9688952.49,12854.5,owner,Commercial|Healthcare
Temple University,21,21,3519842,9578485.49,14691.97,owner|tenant,Education|Healthcare
Citigroup,4,4,3706241,9490727.84,8224.96,owner|tenant,Commercial
Children's National Medical Center,3,3,5586568,9210825.76,11715.22,owner|tenant,Healthcare
Avison Young,45,45,13083593,9154657.54,10095.42,manager,Commercial|Education|Healthcare
Warner Bros Discovery,9,9,4497158,8915516.53,5723.18,owner|tenant,Commercial
University Of Denver,15,15,1536466,8888729.56,2230.04,owner|tenant,Education
CommonWealth Partners,11,11,10933846,8546503.65,4895.66,manager|owner|tenant,Commercial
MetLife,13,13,8132884,8535514.69,6288.41,owner|tenant,Commercial
Albert Einstein College Of Medicine,4,4,1665969,8301661.52,11862.26,owner|tenant,Education
Amazon,47,47,14721527,8205780.85,4507.68,owner|tenant,Commercial|Healthcare
Rush University Medical Center (RUMC),3,3,4894697,8035080.74,20149.11,owner|tenant,Healthcare
Piedmont Office Realty Trust,16,16,7328225,8033841.15,5519.29,manager|owner|tenant,Commercial
Kroger,105,105,7349307,7837169.65,4066.28,owner|tenant,Commercial
Mount Sinai Health System,8,8,2607793,7310160.14,6725.42,owner|tenant,Healthcare
Hyatt Regency,16,16,9910680,7256153.04,3567.58,tenant_subunit,Commercial
New York Life Insurance Company,19,19,5692309,7203520.7,4231.91,owner|tenant,Commercial|Healthcare
Westin,27,27,10478332,7175809.29,5160.39,tenant_subunit,Commercial
Citibank NA (CBNA),5,5,4021889,7161963.08,8225.54,tenant,Commercial
The Durst Organization,20,20,10379892,7106575.12,8625.71,manager|owner,Commercial
Bank of America,20,20,11852211,7072717.49,8310.04,owner|tenant,Commercial
Commonwealth Of Massachusetts,13,13,4808889,6905257.6,4895.05,owner|tenant,Commercial|Education|Healthcare
NAI Global,15,15,8094388,6836794.99,7145.23,manager|owner,Commercial|Education
RXR Realty,14,14,9236966,6696002.61,6498.47,manager|owner,Commercial
Walt Disney Imagineering,12,12,5226548,6681981.12,5754.71,manager|owner|tenant,Commercial
Holiday Inn,55,55,5847783,6642707.36,2864.0,tenant_subunit,Commercial
Unico Properties,22,22,5119772,6323479.78,2946.19,manager|owner|tenant,Commercial
Empire State Realty Trust,25,25,11289171,6318183.41,6562.58,manager|owner,Commercial
Office Properties Income Trust,29,29,4364596,6309691.13,4910.84,owner,Commercial
Healthcare Realty,32,32,4462837,6231101.22,5050.82,manager|owner|tenant,Commercial|Healthcare
Cerberus Capital,40,40,9059583,6078983.44,4059.45,owner|tenant,Commercial
Community Hospital,6,6,2232000,6035111.53,7601.69,owner|tenant,Healthcare
Donohoe,7,7,1981785,6015983.5,3258.37,manager|owner,Commercial|Mixed Use
Emory University,40,40,6766960,5931265.5,10445.34,owner|tenant,Commercial|Education|Healthcare
Loma Linda University,10,10,2410299,5903475.55,8417.38,owner|tenant,Education|Healthcare
Illinois Institute Of Technology,16,16,5163849,5901911.64,19653.02,owner|tenant,Education
Cousins Properties,17,17,10171974,5864974.52,7228.32,manager|owner,Commercial|Healthcare
Embassy Suites,34,34,8518829,5770978.3,4093.71,tenant_subunit,Commercial
Children's Hospital Los Angeles,8,8,3025154,5713050.85,5263.2,owner|tenant,Commercial|Healthcare
Courtyard,85,85,9778396,5698822.14,3613.3,tenant_subunit,Commercial
Gilead Sciences,5,5,1297666,5606799.37,4153.42,owner|tenant,Commercial
Scripps Health,19,19,3864528,5572742.38,3139.48,owner|tenant,Commercial|Healthcare
Silverstein Properties,8,8,7444614,5499044.98,6183.66,manager|owner,Commercial
Rudin Management Co. Inc.,14,14,8599385,5457228.23,6567.97,manager|owner,Commercial
Wework,28,28,9865028,5454921.98,5909.3,owner|tenant,Commercial
Jamestown L.P.,32,32,7040626,5440124.77,3640.52,manager|owner|tenant,Commercial|Education|Healthcare
Tufts University,8,8,2492645,5401750.17,3129.76,owner|tenant,Education|Healthcare
Ross Stores,58,58,4528659,5398812.2,3305.79,tenant|tenant_subunit,Commercial
Prime Healthcare Services,15,15,2448298,5317312.18,7080.46,owner|tenant,Healthcare
Extell Development,11,11,2739322,5294331.66,3205.45,owner,Commercial|Education|Healthcare
Ritz-Carlton,13,13,5453775,5192470.29,4192.65,tenant_subunit,Commercial
Highwoods Properties,37,37,12581992,5179034.54,8809.23,owner,Commercial|Education
Columbia University,25,25,4453074,5133187.23,5161.73,manager|owner|tenant,Education|Healthcare
International Bank For Reconstruction & Development,3,3,2608663,5071215.13,2625.2,owner,Commercial
Carr Properties,10,10,3610352,5033549.83,2988.0,manager|owner,Commercial
Unibail-Rodamco-Westfield,8,8,6184886,5026751.51,2928.52,owner|tenant,Commercial
Microsoft,10,10,6452100,5022963.99,4642.8,owner|tenant,Commercial
Pih Health,10,10,2241380,5012622.05,6136.22,owner|tenant,Healthcare
Park Hotels & Resorts,16,16,7119087,4928156.85,3945.29,owner|tenant,Commercial
Boston Medical Center,4,4,1416987,4926686.63,5153.03,owner|tenant,Healthcare
Kaufman Organization,46,46,9260791,4925688.11,5124.12,manager|owner,Commercial|Education
American University,7,7,4221935,4916138.22,5073.15,owner|tenant,Education
Maimonides Medical Center,4,4,1338135,4865032.1,5374.79,owner|tenant,Healthcare
MemorialCare Health System,8,8,2502225,4838242.3,5228.61,owner|tenant,Commercial|Healthcare
Safeway,97,97,5571849,4789116.03,3835.12,tenant_subunit,Commercial
Los Angeles World Airports,25,25,7179036,4746875.81,3962.61,owner|tenant,Commercial
Wyndham,76,76,7643775,4740614.04,4676.59,tenant,Commercial
Seattle Public Schools,82,82,7347998,4649530.15,1907.54,owner,Education
Fidelity Investments,6,6,1780500,4632853.86,2207.67,owner|tenant,Commercial
Children's Mercy Hospital,3,3,1908083,4624311.02,14649.11,owner|tenant,Healthcare
Doubletree,26,26,5126984,4593877.86,2514.04,tenant_subunit,Commercial
Douglas Development,34,34,3926470,4589538.86,2399.09,manager|owner|tenant,Commercial|Education
Barnes-Jewish Hospital,4,4,4425199,4557984.35,11170.74,owner|tenant,Education|Healthcare
Macerich,15,15,12367979,4528314.98,5165.42,owner,Commercial
Columbia Property Trust,15,15,5290063,4502968.78,3151.75,manager|owner,Commercial|Healthcare
The Meridian Group,6,6,1920275,4467980.38,2180.88,manager|owner,Commercial
Broadcom INC.,6,6,796627,4413399.23,2460.49,owner|tenant,Commercial
Riverside County,18,18,2949205,4393249.56,5669.57,owner|tenant,Commercial|Education|Healthcare
Northwestern Memorial Hospital,5,5,4081504,4335387.91,13634.92,owner|tenant,Healthcare
Global Holdings,10,10,3221211,4328449.32,3081.62,manager|owner,Commercial
Biomed Realty,20,20,2179528,4326339.32,2742.68,manager|owner,Commercial|Healthcare
Mitsui Fudosan America,6,6,4243526,4325531.59,3436.72,owner,Commercial
Rockefeller Group,4,4,4543059,4264391.34,3945.76,manager|owner,Commercial
Residence Inn,65,65,7700871,4257666.8,2782.37,tenant_subunit,Commercial
RFR Realty,20,20,5799546,4111094.41,4208.1,manager|owner,Commercial|Healthcare
Stream Realty Partners,11,11,4096152,4110422.27,4939.54,manager,Commercial
DWS Group,22,22,4010273,4109658.02,2587.25,manager|owner,Commercial|Healthcare
TIAA,15,15,4690537,4091529.21,3002.24,owner|tenant,Commercial
Sony,3,3,2708651,4079964.31,2102.17,owner|tenant,Commercial
Cammeby's,5,5,6697805,4074033.17,3833.77,manager|owner,Commercial
City Of Philadelphia,15,15,3604542,4027159.52,5974.41,owner|tenant,Commercial|Education|Healthcare
Invesco,9,9,5570316,4023276.67,4508.2,manager|owner,Commercial
KBS Realty,11,11,3335421,3998268.75,5160.8,owner,Commercial
MRP Realty,11,11,2827311,3993397.76,2233.2,manager|owner,Commercial
Kimco Realty Corporation,14,14,3953793,3979564.02,2807.03,owner,Commercial
Comcast Corporation,6,6,1778310,3946771.8,2533.29,owner|tenant,Commercial
City Of Boston,31,31,2971038,3930967.25,2911.97,owner|tenant,Commercial|Education
KKR,6,6,2967532,3930712.21,2115.34,manager|owner,Commercial
Dana-Farber Cancer Institute,3,3,814532,3921333.82,4362.39,owner|tenant,Healthcare
Nordstrom,22,22,5398605,3895201.75,2218.53,owner|tenant,Commercial
CIM Group,20,20,6515950,3893336.72,4651.41,manager|owner|tenant,Commercial
Ahold Delhaize,33,33,3955144,3866798.33,2954.18,owner|tenant,Commercial
Zuckerman Gravely Management,27,27,3430466,3811562.91,2378.28,manager|owner,Commercial|Healthcare
NVIDIA,3,3,1382500,3794965.97,2140.82,tenant,Commercial
DivcoWest,12,12,2563327,3774148.09,2280.99,manager|owner,Commercial
Norges Bank Investment Management,8,8,3454347,3742830.77,2206.45,owner|tenant,Commercial
Omni Hotel,8,8,3477363,3715181.5,2435.36,owner|tenant,Commercial
Oxford Properties Group,8,8,3046722,3694450.97,1888.93,manager|owner,Commercial
Loews Hotels,9,9,5424162,3689389.77,5832.56,owner|tenant,Commercial
Consolidated Edison,7,7,2260497,3656304.31,2801.56,manager|owner|tenant,Commercial|Education
Washington Metropolitan Area Transit Authority,10,10,1703995,3637919.35,2534.5,owner|tenant,Commercial
University of Washington (UW),5,5,2780065,3635903.42,3291.66,owner|tenant,Education|Healthcare
CenturyLink,15,15,2173797,3629667.6,777.79,owner|tenant,Commercial|Healthcare
Spectrum Properties Group Inc.,9,9,2949329,3606925.02,2845.53,manager|owner|tenant,Commercial
Boston College,22,22,2845833,3597916.69,3781.24,owner|tenant,Education
Sharp HealthCare,16,16,1869224,3573307.08,2703.86,owner|tenant,Commercial|Education|Healthcare
Swift Real Estate Partners,25,25,5858436,3555086.05,1896.27,owner,Commercial|Healthcare
Orange County,16,16,3424037,3525377.08,3854.29,owner|tenant,Commercial|Education|Healthcare
Hospital For Special Surgery,6,6,1490030,3493823.97,2400.01,tenant,Healthcare
Four Seasons,10,10,4796246,3483696.26,2557.5,tenant,Commercial
H&M,4,4,833708,3462173.7,1147.83,tenant,Commercial
United States Postal Service (USPS),7,7,6152565,3425869.85,4812.66,owner|tenant,Commercial
Stonebridge,5,5,2428860,3384838.25,1469.85,manager,Commercial
Franklin Street Properties,6,6,3121188,3354774.87,3376.57,owner,Commercial
Adobe,11,11,2829412,3349371.61,2015.75,owner|tenant,Commercial|Healthcare
Empire Park Realty Investments,3,3,421907,3346194.96,871.12,owner,Commercial
Sonesta International Hotels,44,44,6132544,3344238.28,2594.27,owner|tenant,Commercial
GFP Real Estate,46,46,8495831,3339032.25,3812.25,manager|owner,Commercial
Truist,6,6,3334942,3336923.56,4112.15,owner|tenant,Commercial
TF Cornerstone Inc.,16,16,3725028,3333208.83,2980.24,manager|owner|tenant,Commercial|Healthcare
Healthpeak Properties,12,12,2105251,3261523.97,1843.18,owner,Commercial|Healthcare
American Realty Advisors,14,14,3443139,3243021.44,2941.35,manager|owner|tenant,Commercial
Fresno Unified School District,54,54,5162000,3203632.82,3102.64,owner|tenant,Education
Prospect Health System,11,11,1433982,3186403.91,3835.75,owner,Commercial|Healthcare
McKinsey & Company,4,4,3968217,3184573.9,4197.35,tenant,Commercial
Stahl Organization,6,6,4142435,3155812.1,3424.06,manager|owner,Commercial
Welltower,48,48,5542849,3149102.83,2144.32,owner,Commercial|Healthcare
Worthe Real Estate,11,11,3497710,3131575.84,2629.13,manager,Commercial
UNIZO Holdings,6,6,1915992,3130274.37,1482.52,owner|tenant,Commercial
Autograph Collection,17,17,3118496,3127570.36,2414.02,tenant_subunit,Commercial
The Lenkin Company,12,12,1648186,3120926.87,1561.74,manager|owner|tenant,Commercial
Stater Bros. Markets,4,4,295018,3117501.17,1358.83,tenant,Commercial
Meta,8,8,2550943,3107368.38,1881.12,owner|tenant,Commercial
Simon Property Group,5,5,3314381,3104749.15,1492.6,owner,Commercial
Northern Trust,7,7,4406404,3091639.76,5609.95,owner|tenant,Commercial
Northeastern University,23,23,3642965,3073863.41,5269.26,owner|tenant,Education
Taconic Partners,4,4,2295870,3066262.02,2844.61,manager|owner,Commercial
Wells Fargo,12,12,4229468,3057466.08,3105.36,owner|tenant,Commercial
Fordham University,4,4,3644092,3028560.98,5127.21,owner|tenant,Education
Cannon Hill Capital Partners,16,16,4522466,3023200.75,2099.18,manager|owner,Commercial
Stop & Shop,22,22,3026939,3016735.26,2190.23,tenant_subunit,Commercial
Hampton Inn,60,60,5340455,2995092.64,2136.15,tenant_subunit,Commercial
Renaissance,11,11,2839405,2977824.07,1633.29,tenant_subunit,Commercial
Union Investment Real Estate GmbH,8,8,1836598,2959991.27,1709.98,owner,Commercial
Ids Real Estate Group,13,13,3125568,2939323.75,1740.13,owner,Commercial
Affinius Capital,5,5,1881039,2935845.5,1331.63,owner,Commercial
Cinemark Holdings,27,27,2003113,2934252.61,1626.29,owner|tenant,Commercial
Museum Of Fine Arts,3,3,1047242,2901213.56,2262.24,owner|tenant,Education
Staten Island University Hospital,3,3,900265,2889338.22,3487.26,owner|tenant,Healthcare
Boeing,4,4,3021632,2852572.46,5514.8,owner|tenant,Commercial
Goldman Sachs,3,3,3899391,2842594.06,2684.13,owner|tenant,Commercial
Southern California Edison,14,14,2315194,2842369.74,1676.55,owner|tenant,Commercial
CVS Health,33,33,2711485,2839352.85,1543.15,owner|tenant,Commercial
San Diego Unified School District,61,61,7491887,2809597.4,2060.0,owner|tenant,Education
Akridge,17,17,2324353,2805185.26,1330.55,manager,Commercial
BentallGreenOak (BGO),11,11,2694607,2794506.7,1675.88,manager|owner,Commercial|Healthcare
Jcpenney,56,56,8049975,2773368.37,1590.08,owner|tenant,Commercial|Education
Rising Realty Partners,7,7,2518027,2771825.3,1167.07,manager|owner,Commercial
Feil Organization,20,20,3946369,2760916.07,2647.14,manager|owner,Commercial|Education
"AMC Entertainment Holdings, Inc. (AMC)",14,14,1160111,2715026.57,1617.52,tenant,Commercial
Onni Group,9,9,3115628,2711390.89,2461.57,owner|tenant,Commercial
Montefiore Medical Center,8,8,1158030,2689882.76,3427.99,owner|tenant,Healthcare
Salesforce,3,3,3411161,2652503.47,2474.66,tenant,Commercial
Nokia,3,3,2044136,2651812.4,4404.92,tenant,Commercial
Department Of Citywide Administrative Services,13,13,3779332,2621788.56,3355.01,manager,Commercial|Education
Ashford Hospitality Trust,17,17,3629593,2616275.74,1816.06,owner,Commercial
Sunset Development Company,19,19,3776022,2605368.11,1894.97,manager|owner,Commercial
Regal Entertainment,12,12,1338965,2593606.3,1320.04,tenant,Commercial
Queen Of The Valley Medical Center,3,3,643107,2593279.86,2882.5,owner|tenant,Healthcare
Marc Realty,16,16,3637207,2579068.31,6515.05,manager|owner,Commercial|Education|Healthcare
La Caisse,4,4,5069484,2560867.42,3796.91,owner,Commercial
Lowe's,57,57,7562690,2557663.76,2412.22,owner|tenant,Commercial
Ascension Health,6,6,2395313,2528214.59,8508.13,owner|tenant,Healthcare
John Hancock,7,7,2581487,2517976.08,1847.41,owner,Commercial
City National Bank,4,4,4175997,2515143.76,1229.72,tenant,Commercial
St Jude Medical Center,3,3,897367,2511910.85,3271.51,owner|tenant,Healthcare
Blake Real Estate INC,9,9,2333037,2458380.59,1382.76,owner|tenant,Commercial
Bronx-Lebanon Hospital Center,6,6,1253560,2457705.46,2396.93,owner|tenant,Healthcare
Quadrangle Management Company,5,5,1559266,2451209.17,1373.26,manager|owner,Commercial
EQ Office,7,7,3070602,2434868.79,1906.66,manager|owner,Commercial
Cisco Systems,6,6,2169287,2427416.19,1087.78,tenant,Commercial
AEW Capital Management,7,7,1861999,2426370.31,1452.95,owner|tenant,Commercial
Fisher Brothers Mgmt,5,5,2906203,2419376.74,2494.83,manager|owner,Commercial
Sears,20,20,4048442,2412557.4,1547.63,owner|tenant,Commercial
Drexel University,19,19,2693247,2409778.13,3988.59,owner|tenant,Commercial|Education
CBS Broadcasting (CBS),6,6,737771,2409103.52,1377.02,manager|owner|tenant,Commercial
Urban Outfitters,6,6,1130597,2404408.16,4144.63,tenant,Commercial
Rockrose Development,9,9,1996446,2401507.63,1168.04,manager|owner,Commercial
Kansas City Public Schools,37,37,4008599,2392404.7,6950.62,owner|tenant,Commercial|Education
Memorial Sloan Kettering Cancer Center,3,3,1042503,2391178.54,2788.61,owner,Healthcare
"Ericsson, INC.",3,3,729384,2380195.41,1176.63,tenant,Commercial
PNC Bank,6,6,2190251,2364080.82,3256.11,owner|tenant,Commercial
Harborview Medical Center,3,3,2509179,2359284.36,2767.11,owner|tenant,Healthcare
Morgan Stanley,5,5,2857979,2358768.19,3149.68,owner|tenant,Commercial
Thomas Jefferson University,8,8,2149177,2353228.75,2943.01,owner|tenant,Commercial|Education|Healthcare
Savanna Real Estate,14,14,3418273,2340694.69,1838.92,owner,Commercial
The RMR Group,16,16,2599859,2303588.78,1223.35,manager,Commercial|Healthcare
"Stoladi Property Group, Inc.",8,8,1407016,2292364.63,1158.73,manager,Commercial
Deloitte,4,4,2110132,2284066.93,3485.46,tenant,Commercial
City Of Seattle,11,11,2801988,2278568.45,403.95,owner|tenant,Commercial
L&L Holding,10,10,4304664,2257861.51,2908.44,manager|owner,Commercial|Education
Grosvenor,7,7,1200426,2241292.51,1250.59,owner,Commercial|Education
Trinity Church,12,12,5510373,2225041.31,2815.76,manager|owner,Commercial
Kimpton,15,15,2022637,2223719.69,1190.85,tenant_subunit,Commercial
Shriners Hospitals For Children,6,6,1040094,2221165.11,3332.53,owner|tenant,Healthcare
"American Consumer Credit Counseling, INC.",5,5,3374577,2220754.92,2742.36,tenant,Commercial
Republic Properties Corporation,3,3,1760462,2201708.69,903.76,manager|owner,Commercial
Sam's Club,7,7,904660,2200204.49,1584.28,tenant_subunit,Commercial
"Rockhill Management, L.L.C.",10,10,3687969,2191296.08,1477.92,manager,Commercial
TA Realty,13,13,2446597,2179826.01,1126.96,owner|tenant,Commercial|Healthcare
T-Mobile,13,13,2240807,2174784.54,1254.83,owner|tenant,Commercial
KPMG,3,3,4097782,2171948.87,5396.59,tenant,Commercial
Harvest Properties,13,13,2927998,2170067.02,1655.45,manager|tenant,Commercial
Menlo Equities,3,3,459725,2124289.86,992.89,owner,Commercial
LBA Realty,8,8,3372364,2111792.45,1201.07,owner,Commercial
DePaul University,27,27,3587975,2111498.62,6679.78,owner|tenant,Education|Healthcare
Northwestern Mutual,3,3,1468722,2086717.17,948.59,owner,Commercial
"Empire Leasing, Inc.",8,8,1062498,2085116.88,976.41,manager|owner,Commercial
Saks Fifth Avenue,5,5,2577829,2068705.16,1378.62,tenant,Commercial
Swig Company,15,15,4567791,2051697.67,2007.23,manager|owner|tenant,Commercial|Healthcare
VMware,13,13,1384612,2031007.2,1022.16,owner|tenant,Commercial
Urban Innovations,4,4,3224879,2030956.56,4452.28,manager,Commercial
Applied Materials,9,9,1059790,2024064.45,1248.55,owner|tenant,Commercial
Visa,4,4,987697,2021053.71,1319.51,owner|tenant,Commercial
US. Federal Government,9,9,1905628,2017200.07,1241.29,owner|tenant,Commercial
Roman Catholic Church,35,35,3544835,2013814.32,2991.55,owner,Commercial|Education
Brause Realty,8,8,1629135,2010666.16,1333.25,manager|owner,Commercial
School District of Philadelphia,26,26,4110508,2009231.66,3335.32,owner|tenant,Education
University Of The District Of Columbia,4,4,1682699,2002990.69,1401.68,manager|owner|tenant,Commercial|Education
City Of Cambridge,14,14,1012872,1984944.97,2129.58,owner|tenant,Commercial|Healthcare
US Bank,9,9,3058915,1981576.09,1018.66,tenant,Commercial
State Street,3,3,1891299,1977021.5,1574.62,tenant,Commercial
Accor,8,8,2953427,1963907.81,1491.23,tenant,Commercial
Long Beach Unified School District,67,67,7185021,1939356.72,2476.99,owner,Education
Turner Broadcasting,3,3,1152887,1929048.35,2345.69,owner|tenant,Commercial
AmTrust Realty Corp,6,6,3134096,1911274.99,4173.88,manager|owner,Commercial|Education|Healthcare
Bny Mellon,3,3,1358575,1907475.59,1248.48,manager|owner|tenant,Commercial
Fortress Investment Group,11,11,2226674,1903472.44,1254.48,owner|tenant,Commercial
Banyan Street Capital,5,5,3290058,1895771.48,2026.18,manager|owner,Commercial
EPR Properties,8,8,2367895,1892491.76,952.23,owner,Commercial|Healthcare
Uci Health,8,8,897603,1877008.16,2093.66,owner|tenant,Healthcare
Korea Investment Corporation,3,3,1978822,1875011.2,1237.68,owner,Commercial
Los Angeles County,22,22,4196572,1873587.36,1272.86,manager|owner|tenant,Commercial|Education|Healthcare
Sage Realty,6,6,1869216,1870453.89,1853.05,manager|tenant,Commercial
St. Regis,5,5,2121364,1861653.29,1249.93,tenant_subunit,Commercial
Synergy Investments,8,8,1623813,1860637.44,1378.14,manager,Commercial
"S.C. Herman & Associates, Inc.",4,4,1602332,1838487.93,900.86,manager|owner,Commercial
InterContinental,6,6,2806891,1824887.53,1304.22,tenant_subunit,Commercial
Davies Wallis Foyster (DWF),9,9,2199361,1823372.03,1024.91,owner|tenant,Commercial
Regus,9,9,2108614,1803435.44,1145.91,tenant,Commercial
Munich Re,4,4,2316024,1801570.13,1288.74,owner,Commercial
Lefrak,4,4,1442746,1799310.87,1869.9,manager|owner,Commercial
Kern County,7,7,1200428,1798785.23,1121.83,owner|tenant,Commercial|Education
Starwood Capital,6,6,3878173,1797369.54,1452.35,owner,Commercial
Hilton Garden Inn,32,32,3429721,1795729.52,1307.8,tenant_subunit,Commercial
JEMB Realty Corporation (JEMB),5,5,3556841,1780383.44,2098.67,manager|owner,Commercial
Hearst,4,4,1300830,1766974.43,1437.34,owner|tenant,Commercial
Winco Foods,24,24,2257272,1764459.73,1398.39,owner|tenant,Commercial
Autodesk,3,3,2454550,1761817.92,1619.05,tenant,Commercial
Washington University in St. Louis,5,5,4792037,1753575.16,5969.26,owner|tenant,Commercial|Education
Commonspirit Health,6,6,1409290,1750379.2,992.62,owner|tenant,Commercial|Healthcare
Cohen Brothers,9,9,3157733,1742072.51,2277.66,manager|owner,Commercial
Port Of Seattle,11,11,2268832,1741256.54,460.15,owner|tenant,Commercial
Southeastern Pennsylvania Transportation Authority (SEPTA),4,4,809633,1736955.87,2859.35,owner|tenant,Commercial
Virginia Mason,6,6,1044754,1723153.88,2028.54,owner|tenant,Commercial|Healthcare
San Antonio Regional Hospital,3,3,900434,1722354.89,3452.13,owner|tenant,Commercial|Healthcare
Abbott Laboratories,6,6,968696,1701839.3,965.49,owner|tenant,Commercial
ABS Partners Real Estate LLC,27,27,3441631,1701252.13,1839.28,manager|owner,Commercial|Education
Commonwealth Of Pennsylvania,5,5,912172,1695944.39,2112.31,owner|tenant,Commercial
Manulife,7,7,2149097,1690847.63,1517.94,manager|owner,Commercial
Restaurant Depot,14,14,1339330,1675063.94,1227.49,owner|tenant,Commercial
Williams Equities,24,24,3267266,1669704.27,1411.43,manager|owner,Commercial|Education
La Quinta,18,18,1854785,1638869.13,2847.36,tenant_subunit,Commercial
Kohl's,51,51,4854616,1638776.47,1031.77,owner|tenant,Commercial
The John Buck Company,4,4,2310434,1638199.81,3030.12,manager|owner,Commercial
King County,4,4,971968,1636845.77,246.99,owner,Commercial
Hallmark Cards Inc,3,3,2527000,1629355.48,3874.74,owner,Commercial
Deka Immobilien Investment,10,10,1964297,1621668.39,1171.75,owner,Commercial
Triumph Hotels,9,9,944444,1616591.98,1332.01,tenant,Commercial
Federal Reserve Bank,4,4,1977393,1594068.02,2558.5,owner|tenant,Commercial
Choice Hotels,44,44,3472055,1588540.92,1090.97,tenant,Commercial
Swedish Medical Center,3,3,2224358,1585857.86,1722.31,owner|tenant,Healthcare
Brookdale Senior Living,35,35,3281243,1580669.29,1251.24,owner|tenant,Healthcare
SAP Labs,3,3,600774,1577731.98,826.91,owner|tenant,Commercial
Intercontinental Real Estate,3,3,1005210,1566271.02,785.96,manager|owner,Commercial
UBS,5,5,1515515,1548086.71,1122.39,owner|tenant,Commercial|Healthcare
Akamai Technologies,3,3,1064128,1545713.46,832.87,tenant,Commercial
Pixar,3,3,425000,1542142.18,1518.16,owner|tenant,Commercial
Equinox,5,5,1927937,1535144.85,1973.45,tenant,Commercial|Education
Cedars-Sinai,4,4,1606757,1527246.52,741.44,owner|tenant,Commercial|Healthcare
Seattle Children's Hospital,4,4,1344300,1525019.99,2074.9,owner|tenant,Healthcare
Acadia Realty Trust,16,16,1297435,1517689.22,1024.15,owner,Commercial|Education|Healthcare
Waldorf Astoria,3,3,1221369,1513020.27,1200.88,tenant_subunit,Commercial
Fortinet,4,4,507894,1504317.47,1031.22,owner|tenant,Commercial
Convene,3,3,1393389,1497668.84,1297.87,tenant,Commercial
PwC,3,3,2798813,1496526.25,1456.23,tenant,Commercial
The Tower Companies,5,5,1125942,1493056.84,691.59,manager|owner,Commercial
City Office REIT,5,5,489837,1489365.03,533.19,owner,Commercial
California Department of Transportation (Caltrans),3,3,1312576,1483565.04,895.05,owner|tenant,Commercial
Greenlaw Partners,12,12,2055118,1483471.95,1159.77,manager,Commercial|Healthcare
Moxy,11,11,1171907,1478787.67,814.65,tenant_subunit,Commercial
Potomac Investment Properties,4,4,1061117,1478687.83,603.15,owner,Commercial
Contra Costa Community College District,5,5,1754538,1469701.1,1559.67,owner|tenant,Education
Sacramento County,6,6,807028,1460528.39,1135.1,owner|tenant,Commercial
Inspire Brands,8,8,1675789,1457200.67,1217.49,tenant,Commercial
J Street Property Services LLC,8,8,1153046,1448503.81,681.3,manager|owner,Commercial
George Comfort & Sons,12,12,3452411,1436080.98,1879.56,manager|owner,Commercial
Centaur Properties,4,4,677870,1432726.42,1123.61,owner,Commercial
Bloomingdale's,5,5,2376951,1431728.52,744.88,tenant_subunit,Commercial
Parallel Capital Partners,3,3,372883,1428961.97,535.84,owner,Commercial
Corona-Norco Unified School District,38,38,3607526,1426192.18,1789.2,owner,Education
Fairfield Inn,35,35,2563170,1421985.79,864.14,tenant_subunit,Commercial
Trump Organization,6,6,3784597,1421647.34,2299.82,manager|owner|tenant,Commercial
Adams & Company Real Estate,26,26,4011190,1412281.43,1841.11,manager|owner,Commercial
National Collegiate Preparatory Pchs,11,11,1312899,1409363.41,1415.93,owner,Education
TJX Companies,13,13,1108976,1407172.75,838.74,tenant,Commercial
Chapman University,6,6,2043140,1401128.38,1753.39,owner|tenant,Education
"Blue Woods Management Group, Inc.",5,5,590031,1391287.8,1062.87,manager,Commercial
Philadelphia County,13,13,2317257,1380058.58,3581.23,owner,Commercial|Healthcare
"Arden Realty, Inc.",13,13,1572864,1373864.99,832.96,manager|owner,Commercial|Healthcare
Homewood Suites,25,25,2615749,1372453.49,835.16,tenant_subunit,Commercial
Capistrano Unified School District,25,25,2770751,1361757.66,1256.47,owner,Education
Braemar Hotels & Resorts,8,8,1886111,1361633.51,1094.11,owner,Commercial
Thor Equities,9,9,1121242,1344969.99,1136.78,manager|owner,Commercial
Fannie Mae,4,4,711472,1344677.62,928.48,owner|tenant,Commercial
KIPP Schools,13,13,1513417,1337670.42,2506.74,owner|tenant,Education
New York Public Library,8,8,1218795,1320985.41,1153.78,owner|tenant,Education
Moinian Group,15,15,2956167,1300573.88,1513.55,manager|owner,Commercial
Barker Pacific Group,5,5,1845560,1295668.58,819.3,manager,Commercial
Berklee College Of Music,11,11,809348,1293100.7,1487.22,owner|tenant,Education
Jack Resnick & Sons,12,12,2961057,1288812.51,1719.74,manager|owner,Commercial|Education
Vons,27,27,1450075,1284379.93,1028.23,tenant_subunit,Commercial
WC Smith,3,3,803227,1280636.24,678.17,manager|owner|tenant,Commercial
Northwestern University,6,6,1309320,1274373.99,4614.26,owner|tenant,Commercial|Education|Healthcare
City Of Sacramento,5,5,1506775,1273919.2,1431.86,owner|tenant,Commercial|Education
Desert Sands Unified School District,31,31,3742044,1271022.38,1382.19,owner,Education
Sunrise Senior Living,32,32,2558900,1268776.57,940.18,owner|tenant,Healthcare
American Broadcasting Company (ABC),4,4,487811,1268722.49,1098.17,owner|tenant,Commercial
Soloviev Group,6,6,2688356,1260688.87,1597.32,manager|owner,Commercial
Fairmont,4,4,2141813,1251361.77,947.51,tenant_subunit,Commercial
Apple Hospitality REIT,17,17,1785426,1240615.22,1195.97,owner,Commercial
The Muller Company,8,8,1467248,1228276.84,822.47,manager|owner,Commercial|Education
Neiman Marcus,6,6,1761812,1222686.83,1166.35,owner|tenant,Commercial
Rialto Unified School District,10,10,1323607,1217653.45,858.26,owner,Education
Sol Vista,5,5,2458363,1214472.18,519.41,owner,Commercial
Oakmont Senior Living,32,32,2954679,1209494.52,1021.2,owner|tenant,Healthcare
Best Buy,23,23,1258424,1202436.5,601.74,owner|tenant,Commercial
Granite Properties,3,3,831371,1196054.35,780.83,manager|owner,Commercial
SEPHORA,7,7,1135917,1195518.71,888.11,tenant,Commercial
Extended Stay America,58,58,3676015,1185420.38,833.54,tenant,Commercial
RLJ Lodging Trust,11,11,1546671,1185314.78,799.43,owner,Commercial
Northeastern Illinois University,5,5,1612079,1166706.47,4124.09,owner|tenant,Education
Yeshiva University,9,9,1142379,1156928.1,1437.49,owner|tenant,Education
Ocean West Management Services,5,5,1560095,1156210.72,639.87,manager|owner,Commercial|Healthcare
Friedman Properties Ltd.,9,9,1605301,1138348.78,2604.73,manager|owner,Commercial|Education|Healthcare
Chaffey Joint Union High School District,18,18,2744273,1136733.58,1640.61,owner|tenant,Education
Gaw Capital Partners,8,8,1957300,1135459.41,1319.42,owner,Commercial
Northbay Health,4,4,529454,1125363.84,1497.03,owner|tenant,Healthcare
Creative Media & Community Trust,6,6,1208690,1123933.01,830.82,owner,Commercial|Healthcare
City Of Chicago,7,7,2515614,1117810.49,2708.36,manager|owner|tenant,Commercial|Education|Healthcare
Atlas Capital Group,3,3,1264610,1115282.41,906.17,manager|owner|tenant,Commercial
UMB Bank,3,3,659658,1112226.99,2487.77,owner,Commercial
Capital One,7,7,1573395,1109610.16,913.26,tenant,Commercial
California State Teachers' Retirement System (CalSTRS),5,5,1510958,1105739.15,571.4,owner|tenant,Commercial
Willco Companies,5,5,918335,1104671.9,460.47,manager|owner,Commercial
Vanbarton Group,14,14,3141098,1104525.79,1165.58,manager|owner|tenant,Commercial
Heitman,5,5,2782146,1097186.73,2056.53,manager|owner,Commercial
Meadow Partners,6,6,1303369,1094658.48,756.07,owner,Commercial
Nicotra Group,5,5,539486,1092170.9,649.03,owner|tenant,Commercial
Urban Renaissance Group,7,7,1833104,1089108.02,105.42,manager|owner,Commercial
Westbrook Partners,3,3,1150835,1088549.28,823.6,owner,Commercial|Healthcare
Amtrak,5,5,732078,1085998.95,491.99,owner|tenant,Commercial
Spaces,6,6,2195475,1085844.62,1073.15,tenant,Commercial
Walter & Samuels,14,14,1799111,1079087.32,1215.46,manager|owner|tenant,Commercial|Healthcare
WFG National Title Insurance Company,4,4,653309,1078201.64,509.95,tenant,Commercial
The Davis Companies,5,5,634208,1075408.37,554.48,manager|owner|tenant,Commercial
USAA Real Estate,5,5,1095907,1073605.9,634.31,owner,Commercial
Ashkenazy Acquisition,3,3,1291482,1072708.26,718.37,manager|owner,Commercial
AC Hotel,13,13,1567402,1069508.05,634.61,tenant_subunit,Commercial
KPB Immigration Law Firm,4,4,858670,1067558.45,581.0,owner|tenant,Commercial
St. John's University,4,4,2955894,1061078.23,1010.02,owner|tenant,Education
Sprouts Farmers Market,13,13,764329,1060434.37,557.24,tenant,Commercial
Netflix,6,6,755482,1050296.11,709.9,owner|tenant,Commercial
Chetrit Group,10,10,2139597,1046098.87,1112.81,manager|owner,Commercial
Santa Monica College,4,4,1130186,1044647.8,1258.47,owner|tenant,Education
Advocate Health,3,3,1693485,1040838.63,3538.45,tenant,Healthcare
Emerson College,7,7,1236991,1036719.74,972.87,owner|tenant,Education
Spear Street Capital,5,5,1416316,1035648.88,1454.95,owner,Commercial
Stawski Partners,7,7,1510536,1031995.08,813.16,manager|owner,Commercial
Dc Public Library,7,7,1204296,1030999.97,917.64,owner|tenant,Education
IKEA,11,11,3353468,1026290.21,1466.66,owner|tenant,Commercial
Fox Associates LP,3,3,751801,1022735.12,926.26,manager|owner|tenant,Commercial
Washington Real Estate Investment Trust,3,3,536298,1022525.77,491.07,owner,Commercial|Education
Walgreens,18,18,1163204,1014792.88,798.43,tenant,Commercial
Eastgate,11,11,858700,1013396.84,417.55,manager|tenant,Commercial
Steel Equities,6,6,731225,1012383.72,671.81,owner|tenant,Commercial
Visalia Unified School District,24,24,2308187,1011991.23,1075.56,owner,Education
Federal Realty,7,7,2013929,1011206.2,664.68,owner,Commercial
Sapir Organization,4,4,1227667,1010696.62,943.61,manager|owner,Commercial
Accenture,4,4,919357,1005925.38,544.86,tenant,Commercial
Sterling Bay,4,4,1362262,1003762.05,2210.71,manager|owner,Commercial
FCA Partners,5,5,1224787,1001112.02,1577.43,owner,Commercial
Cook County,6,6,1245063,1001098.11,2810.11,owner,Commercial|Education|Healthcare
Eq Management LLC,5,5,1374566,998400.77,404.74,manager,Commercial
Centennial Realty Advisors,3,3,323062,996613.4,429.24,manager|tenant,Commercial
Benefit Cosmetics Browbar,5,5,1759722,995131.53,649.49,tenant,Commercial
American Assets Trust,6,6,1596969,994356.77,498.76,owner,Commercial
Sovereign Partners,5,5,1719971,993941.93,1196.57,owner|tenant,Commercial
Property Group Partners,4,4,1170486,992430.37,734.46,manager|owner|tenant,Commercial
Digital Realty,3,3,1295021,987534.75,890.65,owner|tenant,Commercial
Farmers Insurance,4,4,295502,986745.04,286.18,owner|tenant,Commercial
Hilson Management Corp.,12,12,1046899,985398.68,1042.2,manager|owner,Commercial
Chanel,6,6,544494,982545.77,544.31,owner|tenant,Commercial
Metro,6,6,931657,981955.09,581.34,tenant|tenant_subunit,Commercial
Hackman Capital Partners,4,4,1044113,980531.75,971.53,owner,Commercial
BJ's Wholesale Club,9,9,930850,979493.7,762.46,tenant,Commercial
Temecula Valley Unified School District,26,26,3265427,978882.14,1000.28,owner,Education
PSP Investments,6,6,913611,977541.99,461.92,owner,Commercial
Gap INC.,8,8,1542482,977359.64,716.74,owner|tenant,Commercial
Boston Public Library,5,5,798582,964085.49,796.48,owner|tenant,Education
Shubert Theatre,7,7,468072,963350.04,640.64,owner|tenant,Commercial
Embarcadero Capital Partners,9,9,1618558,962145.81,634.15,manager|owner,Commercial
Abramson Brothers,11,11,952704,960313.09,816.57,manager|owner,Commercial|Healthcare
Folsom Cordova Unified School District,10,10,1207004,959577.98,902.56,owner,Education
Marshalls,8,8,751532,958164.25,515.46,tenant_subunit,Commercial
Hyatt Place,15,15,1760396,958032.21,549.62,tenant_subunit,Commercial
Bass Pro Shops,6,6,885281,950700.24,694.42,tenant,Commercial
"Sweetgreen - Healthy Salads, Bowls And Plates",3,3,1036543,947325.09,490.83,tenant,Commercial
Elk Grove Unified School District,19,19,1796763,944804.6,1388.95,owner,Education
Rosen Equities,22,22,2269222,943917.32,1105.08,manager|owner,Commercial
Park Hill R-5 School District,13,13,1131743,940228.1,2711.02,owner,Education
San Juan Unified School District,20,20,2213438,938654.08,1511.8,owner,Education
The Salvation Army,16,16,1127839,936888.08,1023.84,owner|tenant,Commercial|Healthcare
Altera Corp,3,3,363092,927652.18,908.08,owner|tenant,Commercial
Himmel + Meringoff Properties LLC,18,18,2532505,910286.74,967.52,manager|owner,Commercial
Wharton Properties,3,3,893060,907530.85,633.93,owner,Commercial
Columbia College Chicago,12,12,2552875,900833.09,2983.58,owner|tenant,Education
Riverside Unified School District,19,19,1945796,896884.72,1084.68,owner,Education
San Bernardino County,6,6,764725,896174.72,630.42,owner|tenant,Commercial|Healthcare
Rockpoint Group,6,6,1457212,888698.51,942.2,owner,Commercial
"American Century Realty, INC.",4,4,784807,887471.63,2061.91,owner,Commercial
Northwood Investors,8,8,1510795,887059.85,935.24,owner,Commercial
Kf Braun,5,5,1712996,884969.78,1157.82,manager|owner,Commercial
Olmstead Properties,19,19,2753739,882016.33,1055.26,manager|owner,Commercial
Atrius Health,3,3,359387,880369.26,721.46,owner|tenant,Healthcare
San Bernardino City Unified School District,26,26,2736247,876446.78,1036.49,owner|tenant,Education
TMT Development,3,3,676543,874475.87,588.85,manager|owner,Commercial
Best Western,38,38,2134166,867199.25,652.57,tenant,Commercial
Edison Properties,3,3,1056436,861152.02,860.43,manager|owner|tenant,Commercial
Roche,3,3,308628,858527.94,868.64,owner|tenant,Healthcare
"MGR Holdings, LLC",8,8,972315,858146.37,707.46,manager|owner,Commercial
Industrious,9,9,1911999,858073.51,1008.05,tenant,Commercial
"Hd Development Of Maryland, INC.",5,5,672575,854798.51,653.95,owner,Commercial
Clarion Partners,6,6,1123459,852389.67,701.4,owner,Commercial
The Eric Ryan Corporation,7,7,1311136,846922.8,370.92,owner,Commercial
Multi-Employer Property Trust (MEPT),3,3,846184,844191.85,787.7,owner,Commercial
Rockwood Capital,8,8,1565291,843206.43,791.98,owner,Commercial
Smart & Final,12,12,675072,839637.46,616.35,owner|tenant,Commercial
Pontegadea,7,7,881267,837678.1,431.36,owner,Commercial
Polinger Co. - 2401 Pennsylvania Avenue Residences,3,3,645854,837008.38,404.76,manager,Commercial
Pyrus Management LLC,5,5,1268425,835903.04,905.92,manager|owner,Commercial
Edward J. Minskoff Equities,5,5,1061118,835341.5,844.11,manager|owner,Commercial
Albertsons,19,19,1084520,834569.03,696.78,tenant_subunit,Commercial
Hersha Hospitality Trust,15,15,1828301,830135.98,520.58,manager|owner,Commercial
Unbound Collection,3,3,1156428,828739.78,619.56,tenant_subunit,Commercial
State Farm,11,11,598637,824539.33,483.99,owner|tenant,Commercial
Los Angeles Unified School District,12,12,1580619,823481.95,991.33,owner,Education
ADAM Asset Mgmt,4,4,640873,820302.98,379.37,owner,Commercial
TMG Partners,5,5,1246943,819473.98,495.29,manager|owner,Commercial
Gelson's,5,5,351135,818812.27,468.29,tenant,Commercial
Kimpton Hotels,4,4,873247,815293.9,559.04,tenant,Commercial
Seattle Central College,9,9,870722,809174.61,831.63,owner|tenant,Education
Ralphs,13,13,668021,806566.76,376.11,tenant_subunit,Commercial
Workday,3,3,419334,805046.82,564.19,owner|tenant,Commercial
Aurora Capital Associates,7,7,711474,800030.98,854.89,manager|owner,Commercial
Dunkin',5,5,858170,799466.17,407.57,tenant_subunit,Commercial
"James Campbell Company, LLC",4,4,919975,797607.96,1093.68,owner,Commercial
Zeller,3,3,1226329,792830.65,1998.11,manager|owner,Commercial|Healthcare
SpringHill Suites,23,23,1964246,790205.42,535.14,tenant_subunit,Commercial
Steelwave,11,11,1045325,789748.26,459.89,manager,Commercial
Sobrato Organization,4,4,740115,788801.52,495.07,owner|tenant,Commercial
One Medical,5,5,1337129,776150.12,776.8,tenant|tenant_subunit,Commercial
W,4,4,1675198,775722.23,428.49,tenant_subunit,Commercial
NetApp,6,6,1118747,766767.45,483.23,owner|tenant,Commercial
The Doyle Collection,4,4,635589,766762.85,524.55,owner,Commercial
Waterman Properties,7,7,1365741,765880.35,896.44,manager,Commercial|Healthcare
Robertson Properties Group,4,4,479622,765405.18,281.84,owner,Commercial
Jordache Enterprises,3,3,428143,761840.05,401.84,owner,Commercial
National Community Reinvestment Coalition,3,3,435289,752030.38,423.36,owner|tenant,Commercial
Circle Realty Group,3,3,869194,751794.79,658.88,manager|owner,Commercial
Manhattan College,5,5,1088932,751750.18,1527.2,owner|tenant,Education
Lawrence Group,4,4,1340604,750357.97,992.9,manager,Commercial
Handler Real Estate Services,11,11,1181668,750053.4,527.75,manager|owner,Commercial
Jamison Services,5,5,891953,747716.74,290.85,owner,Commercial
Whole Foods Market,15,15,1061145,746394.23,1008.18,tenant_subunit,Commercial|Education
AllianceBernstein,3,3,593487,742845.98,347.0,owner,Commercial
Joseph P. Day,7,7,1387922,741977.57,957.31,manager|owner,Commercial
Dst Realty INC,4,4,855536,738961.14,1696.15,owner,Commercial
Blumenfeld Development Group,3,3,987038,738919.02,635.36,manager|owner,Commercial
Resolution Real Estate,21,21,2456914,737393.12,866.72,manager|owner,Commercial
The Evergreen Company,8,8,1207258,737214.18,572.11,manager|owner|tenant,Commercial
Johns Hopkins University,5,5,865859,734124.65,471.99,owner|tenant,Commercial|Education
Giant Food,9,9,741552,732196.81,650.79,tenant_subunit,Commercial
Rainier Valley Leadership Academy,13,13,1039988,728510.25,315.93,owner|tenant,Education
SSM Health,3,3,1437331,724709.22,2248.72,owner|tenant,Healthcare
Symantec Corporation,6,6,1032233,723413.01,453.19,owner|tenant,Commercial
Bernstein Real Estate,11,11,1263607,723051.16,584.77,manager|owner,Commercial
Glendale Unified School District,25,25,2949276,719990.76,983.39,owner,Education
Two Trees Management,4,4,1686898,714076.39,760.42,manager|owner,Commercial
New York City Geographic District,15,15,2005358,712937.81,1469.76,owner,Education
Dollar Tree,8,8,554342,712348.92,360.66,tenant,Commercial
District Of Columbia International School,6,6,1150673,708438.89,438.15,owner,Education
Kg Investment Properties,9,9,1019129,705045.61,573.91,manager,Commercial
Penumbra,4,4,363341,704686.33,360.48,owner|tenant,Commercial
South Seattle College,7,7,1329313,699944.74,360.77,owner|tenant,Education
Ventura County,3,3,525953,699652.99,530.51,owner,Commercial
MHF,4,4,557000,695265.63,1022.05,owner,Commercial
Williams-Sonoma,5,5,680484,690132.44,494.9,owner|tenant,Commercial|Healthcare
Pendry Hotels,3,3,702670,687225.12,552.93,tenant,Commercial
Hotel Indigo,3,3,380455,687005.34,265.3,tenant_subunit,Commercial
Macklowe Management,5,5,1109320,685509.53,842.13,manager|owner,Commercial
Harbor Group,5,5,1286493,674848.36,825.59,manager|owner,Commercial
Floor & Decor,14,14,1204438,671983.89,398.34,tenant,Commercial
Jamaica Hospital,4,4,911184,670633.15,529.0,owner|tenant,Healthcare
Bright Horizons,3,3,862471,669767.73,694.7,tenant,Commercial
St. Louis Public Schools,17,17,1598183,668553.92,1182.26,owner,Education
Philadelphia University,4,4,983665,667462.99,1050.75,owner|tenant,Education
Schoolsfirst Federal Credit Union,5,5,422669,654972.96,404.52,tenant,Commercial
Raley's,7,7,491963,654614.19,411.96,tenant,Commercial
Young Men's Christian Association (YMCA),8,8,793762,644614.36,752.58,owner|tenant,Commercial|Education|Healthcare
Koeppel Rosen,17,17,1936173,644380.32,918.09,manager,Commercial
Genentech,9,9,1261937,642943.99,536.57,owner|tenant,Commercial
3D Investments,6,6,851307,642377.85,310.88,owner,Commercial|Healthcare
Emmanuel College,7,7,796807,640032.99,675.03,owner|tenant,Education
Social Security Administration,5,5,827824,638853.09,425.32,owner|tenant,Commercial|Healthcare
"Orchard Commercial, INC.",4,4,509720,635084.26,552.07,manager|owner,Commercial
Aloft,13,13,1180782,633953.65,432.22,tenant_subunit,Commercial
LVMH Moet Hennessy Louis Vuitton (LVMH),3,3,1099851,632078.45,788.26,owner|tenant,Commercial
Staybridge Suites,12,12,977494,631168.02,307.26,tenant_subunit,Commercial
Horizon Science Acad-Mckinley Pk,14,14,1619173,630781.65,2379.2,owner,Education
Club Quarters,9,9,1123898,626493.77,414.33,owner|tenant,Commercial
Equimax,3,3,526322,622517.38,455.7,owner,Commercial
Pembroke,5,5,1002393,622515.01,318.91,manager|owner,Commercial
Charles Dunn Real Estate Services,13,13,846679,620039.69,294.75,manager|owner|tenant,Commercial|Healthcare
Yellowstone Real Estate,4,4,990889,619799.39,740.37,owner,Commercial
Hyatt House,13,13,1845153,618787.87,476.57,tenant_subunit,Commercial
Manova Partners Inc.,5,5,696392,612063.04,559.66,manager|owner,Commercial
North American Properties,3,3,948839,610496.26,749.63,owner,Commercial
National University,7,7,518450,608657.27,304.1,owner|tenant,Commercial|Education
Marx Realty,5,5,758540,606778.71,596.05,manager|owner,Commercial
Summit Hotel Properties,13,13,1422800,605776.8,736.59,owner,Commercial
Hesperia Unified School District,12,12,1402427,605673.02,787.33,owner,Education
The New School,7,7,1038572,601651.83,801.8,manager|owner|tenant,Education
Sacramento City Unified School District,22,22,2140035,597569.47,978.25,owner,Education
Snowflake,3,3,776786,596845.75,344.26,tenant,Commercial
Four Points,7,7,920166,596029.45,320.29,owner|tenant_subunit,Commercial
New York Law School,3,3,454462,593322.7,522.13,owner|tenant,Education
Progressive Insurance,5,5,851236,593211.73,373.9,owner|tenant,Commercial
Stellar Management,8,8,1078640,592432.72,512.47,manager|owner,Commercial|Healthcare
Fort Point Channel Investors LLC,6,6,311824,591376.76,433.72,owner,Commercial
Collaborative Project Consulting,3,3,457645,585079.45,458.44,manager,Commercial
Aspen Meadow Public District,4,4,680960,579241.86,625.96,owner,Education
Darden Restaurants,3,3,367876,575436.92,401.53,tenant,Commercial
Silk And Halpern,3,3,982225,570515.38,701.85,manager|owner,Commercial
New England Conservatory Of Music,4,4,392000,569282.5,758.73,owner|tenant,Education
Triangle Assets,8,8,902085,568059.87,619.9,manager|owner,Commercial
Miracosta College,3,3,655235,567819.2,444.73,owner|tenant,Education
City Of San Diego,3,3,767692,566568.19,233.15,owner,Commercial
Publix,3,3,1674030,565810.51,819.08,tenant,Commercial
BMS Realty Services,3,3,474863,560202.8,274.12,manager|owner,Commercial
Charles Schwab,5,5,1148852,559930.6,499.8,owner|tenant,Commercial
Emblem Health,9,9,361841,557003.82,456.15,owner|tenant,Healthcare
PM Realty Group,3,3,723959,552777.87,347.54,manager,Commercial|Healthcare
Nextplay Consulting LLC,5,5,576989,552704.1,334.78,owner,Commercial
Seattle Cancer Care Alliance,3,3,318021,550285.15,398.07,owner|tenant,Commercial|Healthcare
Denver Public Schools,3,3,102395,550114.73,141.74,owner,Education
Omega Healthcare Investors,6,6,777451,549222.91,348.61,owner,Commercial|Healthcare
Jewish Community Center,3,3,324497,547640.47,540.49,owner,Commercial
Sioni Group,9,9,1226930,547212.44,683.62,owner,Commercial
Solil Management,3,3,372982,545168.6,320.59,owner,Commercial
Lesley University,4,4,612097,544162.51,614.83,owner|tenant,Education
Bronzeville Academy Chtr School,6,6,1077826,541059.08,2113.68,owner,Education
Ace Hotels,7,7,767762,540039.9,365.55,tenant,Commercial
Physicians Medical Center,4,4,377841,535012.82,325.96,owner|tenant,Healthcare
Lodi Unified School District,6,6,689889,534987.77,558.55,owner,Education
Renaissance Properties,5,5,845886,533075.85,600.45,manager|owner|tenant,Commercial|Education
Marin County,3,3,576478,530523.25,240.39,owner,Commercial
City Of Atlanta,5,5,821919,530478.69,673.34,owner|tenant,Commercial
Citizenm,7,7,586996,528889.23,208.43,tenant,Commercial
Okada & Company,18,18,2028593,528059.66,738.35,manager|owner,Commercial
"Bay Meadows Station Investors, LLC",3,3,583764,525201.95,271.68,owner,Commercial
Oxford Preparatory Academy,8,8,1037372,523342.41,412.16,owner,Education
Planned Parenthood,5,5,649824,522227.2,385.6,owner|tenant,Commercial|Healthcare
Port Authority Of Kcmo,5,5,1023188,520470.05,685.63,owner,Commercial
Fontana Unified School District,19,19,1896251,518326.36,692.92,owner,Commercial|Education
Friendship Public Charter School (Washington),8,8,666517,515128.7,398.97,tenant,Education
"Newport Healthcare Center, LLC",3,3,325253,514856.63,476.2,owner,Healthcare
APF Properties,6,6,856830,511538.9,594.6,owner,Commercial|Education
Barings,5,5,1148809,510214.91,483.66,owner,Commercial|Healthcare
Franklin Resources,5,5,460691,508970.06,509.71,owner|tenant,Commercial
TD Bank,3,3,324165,508541.57,233.91,tenant,Commercial
Kew Mgmt,7,7,670553,507552.91,452.01,manager|owner,Commercial
City Light,3,3,949826,507408.59,132.45,owner,Commercial
Allied Partners,5,5,1108465,503597.23,558.92,manager|owner,Commercial
Stout & Teague Companies,4,4,466065,503103.41,251.84,manager,Commercial
"The 58-64 40 St. Corp., Inc",3,3,261797,500422.76,338.89,manager|owner,Commercial
Cogir Senior Living,13,13,1467079,498343.93,385.22,owner|tenant,Healthcare
Santa Clara Unified School District,5,5,809991,497361.77,507.94,owner,Education
San Jose City College,3,3,900888,496899.43,485.13,owner|tenant,Education
Savitt Partners,9,9,1569529,492723.73,671.25,manager|owner,Commercial|Education
Ayres Hotel,19,19,1554042,492375.34,371.11,owner|tenant,Commercial
Lsl Advisors,10,10,1250919,490056.4,637.04,manager,Commercial
Pratt Institute,8,8,651769,484892.03,930.76,owner|tenant,Education
Kennedy Wilson,9,9,1133975,484725.85,381.08,owner|tenant,Commercial
La Salle University,3,3,1405908,484024.12,817.26,owner|tenant,Education
Ashley HomeStore,5,5,426583,483398.96,239.08,tenant,Commercial
Samco Properties,13,13,1164377,482580.27,589.07,manager|owner,Commercial
Princeton International Properties,4,4,855258,481590.72,539.85,manager|owner,Commercial
Portland State University,6,6,746030,480669.13,545.62,owner|tenant,Education
San Mateo Union High School District,3,3,632351,477521.98,506.82,owner,Education
Stanislaus County,3,3,600473,477433.14,503.51,owner|tenant,Commercial|Healthcare
Riverside Community College District,3,3,554048,477173.72,554.76,owner|tenant,Education
Motel 6,10,10,434584,476203.22,193.3,tenant,Commercial
Lebeau Realty & Associates,6,6,724232,471721.1,193.68,manager|owner,Commercial
Element,6,6,637834,470420.49,270.43,tenant_subunit,Commercial
Leadership Military Academy - Indio District,6,6,881999,468813.39,471.71,owner,Education
Jenel Management,9,9,600023,467241.94,433.57,manager|owner,Commercial
Pendulum Property Partners,4,4,620891,464791.77,237.82,owner,Commercial
American Automobile Association,6,6,383998,464133.33,302.83,tenant,Commercial
First Pioneer Properties,7,7,493763,462703.18,514.4,manager|owner,Commercial
Goodwill,12,12,866573,461038.4,312.87,owner|tenant,Commercial
Bakersfield City School District,24,24,1757632,459763.94,414.56,owner,Education
Santa Rosa City Schools,7,7,943755,459113.46,538.82,owner,Education
"Raintree Realty II, LLC",5,5,515436,456904.13,444.16,owner,Commercial
G.H. Palmer Associates,11,11,3298388,456190.49,186.53,owner,Commercial
Suffolk University,3,3,286096,454137.36,379.12,owner|tenant,Education
Saddleback Valley Unified School District,6,6,961764,453944.56,271.64,owner,Education
Colton Joint Unified School District,21,21,1863735,451484.53,358.18,owner,Education
J.W. Mays,3,3,485487,450159.54,408.7,owner,Commercial
Flagstar Bank,3,3,912659,448516.54,568.79,tenant,Commercial
Rebel Hospitality,7,7,773898,447989.16,342.77,tenant,Commercial
Time Equities,3,3,988167,447585.26,516.34,manager|owner,Commercial
Aetna Realty,3,3,583553,447515.39,569.4,manager|owner,Commercial
St. Joseph Health,4,4,447688,447128.53,427.11,tenant,Healthcare
Extra Space Storage,3,3,267067,445894.37,869.59,manager|tenant,Commercial
"Acc, LLC",3,3,383250,445182.51,354.18,owner,Commercial|Education
Ebay,7,7,411194,443809.92,244.66,owner|tenant,Commercial
ASB Real Estate,9,9,1071954,443343.28,298.52,owner,Commercial|Education
Washington Unified School District,5,5,565837,442698.04,459.59,owner,Education
Southern Company,3,3,582993,439639.72,377.22,tenant,Commercial
Westside Union Elementary School District,7,7,877584,436675.12,341.24,owner,Education
Scientific Games,3,3,306105,435155.84,922.09,tenant,Commercial
Fig Garden Financial,3,3,316880,433709.73,242.77,tenant,Commercial
Vallarta Supermarkets,7,7,441018,433139.34,394.75,owner|tenant,Commercial
Hickman Mills C-1,3,3,365746,430642.42,1224.95,owner|tenant,Education
Tesla,3,3,478251,429721.63,270.92,tenant,Commercial
Brickman,8,8,767791,429088.47,348.09,manager|owner,Commercial
Ameritus,4,4,673046,428814.1,1174.06,manager,Commercial
Service Properties Trust,7,7,944659,427894.75,324.63,owner,Commercial
Home2 Suites,8,8,519631,427821.81,227.84,tenant_subunit,Commercial
Federal Express Corporation (FedEx),3,3,429316,426402.6,406.01,tenant,Commercial
Moreno Valley Unified School District,19,19,2165155,424857.22,566.4,owner,Education
Boston-based Tritower Financial Group,3,3,401741,418841.06,179.68,owner,Commercial
Paramount Studios,7,7,416183,413517.69,179.95,owner|tenant,Commercial
Pavilions,8,8,418549,408771.89,370.32,tenant_subunit,Commercial
Nightingale Properties LLC,4,4,1283336,408167.82,707.33,manager|tenant,Commercial|Education
Stephens Institute,6,6,746885,407831.95,416.47,owner|tenant,Education
Kern High School District,12,12,1531245,405654.42,343.88,owner,Education
Starbucks,3,3,417712,405563.1,177.45,tenant,Commercial
Drury Hotels,4,4,537276,404087.76,518.25,tenant,Commercial
T.J. Maxx,3,3,280939,402577.72,299.92,tenant_subunit,Commercial
City Of St. Louis,4,4,667072,401648.72,447.39,owner|tenant,Commercial|Education
Parker Properties,3,3,724619,400702.44,356.3,manager|owner|tenant,Commercial
Merrill Gardens,11,11,1201299,400583.71,303.21,owner|tenant,Healthcare
ATCO,6,6,1228988,398734.59,504.34,manager|owner,Commercial|Education
Steinberg,3,3,829598,396968.83,542.53,owner,Commercial
Lam Research,3,3,236657,396962.13,221.28,tenant,Commercial
Western University Of Health Sciences,4,4,431398,395393.76,431.93,owner|tenant,Education
Tiarna Real Estate Services,6,6,577862,395329.38,248.13,manager,Commercial
College Of The Sequoias,3,3,707128,394588.59,458.28,owner|tenant,Education
City Of Inglewood,4,4,470649,394484.86,315.98,owner|tenant,Commercial|Education|Healthcare
"Matern Law Group, PC",3,3,682340,393448.93,300.49,tenant,Commercial
Pittsburg Unified School District,12,12,958400,390296.4,307.63,owner,Education
TownePlace Suites,11,11,706594,384524.92,177.12,tenant_subunit,Commercial
Tri City Acquisitions,4,4,401610,380867.69,220.1,owner,Commercial
Bixby Land Company,4,4,491118,379361.11,208.69,manager|owner,Commercial|Healthcare
BlackRock,3,3,682571,378990.45,290.96,owner|tenant,Commercial
T. Rowe Price,3,3,831654,378656.87,337.5,tenant,Commercial
Cp Property Owner LLC,4,4,324953,377170.55,231.71,owner,Commercial
Winter Organization,10,10,1090449,376964.67,535.32,manager|owner,Commercial
Mountain View Elementary School District,7,7,714306,376081.73,452.05,owner,Education
Watermark Retirement Communities,3,3,630400,375904.78,272.3,owner|tenant,Commercial|Healthcare
Carlton Senior Living,9,9,1043173,375031.79,297.02,owner,Healthcare
Eastside Union Elementary School District,6,6,909395,373333.48,533.18,owner,Education
Brown Harris Stevens,3,3,759859,372447.47,441.53,manager|tenant,Commercial
Sierra Pacific Properties,3,3,760380,365551.62,266.98,manager|owner,Commercial
Gorjian Real Estate Group,3,3,1104482,365126.14,344.66,manager|owner,Commercial
University Of Portland,4,4,867078,364300.66,850.36,owner|tenant,Education
Cerritos Tc Property Owner Jv LLC,3,3,383822,363657.87,216.96,owner,Commercial
United Way,3,3,151680,362963.94,118.04,tenant,Commercial
"Medtronic, INC.",3,3,224116,362486.98,483.95,tenant,Commercial|Healthcare
Modesto City Schools,11,11,1484219,358502.6,538.11,owner,Education
Radisson,7,7,688395,355129.4,290.1,tenant_subunit,Commercial
Central Unified School District,13,13,1040925,354583.09,375.66,owner,Education
Mourier Land Investment Corporation,10,10,805916,354085.98,258.1,owner,Commercial
Sanger Unified School District,5,5,635923,352454.76,530.25,owner,Education
99 Ranch Market,4,4,464745,351601.83,333.84,tenant,Commercial
Curtis Investment Group,3,3,251038,350644.36,205.39,manager|owner,Commercial
Jay Suites,8,8,1444333,350371.94,433.37,manager|owner|tenant,Commercial
Dehesa Elementary School District,6,6,739409,349376.64,435.73,owner,Education
Roman Catholic Archdiocese Of Washington,3,3,257333,349214.49,193.55,tenant,Commercial|Healthcare
Napa County,4,4,294592,346207.76,237.08,owner|tenant,Commercial|Healthcare
Portland Community College,13,13,697916,345909.74,636.98,owner|tenant,Education
RNM Properties,3,3,207845,345545.94,219.22,owner,Commercial
Wentworth Institute Of Technology,10,10,819379,345008.8,367.36,owner|tenant,Education
Olshan Properties,3,3,296247,343923.57,389.16,manager,Commercial|Healthcare
Hankey Investment Company LP,5,5,406291,343186.22,200.54,owner,Commercial
Mather,4,4,322500,341581.87,342.14,tenant,Commercial|Education
Fred Meyer,11,11,1515074,341191.55,427.81,tenant_subunit,Commercial
Curio,3,3,567308,340727.24,279.02,tenant_subunit,Commercial
Douglas Elliman,5,5,576437,339269.69,365.07,manager|tenant,Commercial
William S. Hart Union High School District,10,10,1497831,337998.44,489.46,owner,Education
Jujamcyn Theaters LLC,4,4,142630,335138.51,173.28,owner,Commercial
Madera Unified School District,8,8,600505,333962.77,286.8,owner,Education
Afscme,6,6,1075309,333678.35,319.25,manager|owner|tenant,Commercial
Stars REI,4,4,351030,333196.72,182.71,owner,Commercial
Greenfield Union School District,8,8,944293,332948.25,312.44,owner,Education
Fred Hutchinson Cancer Center (Fred Hutch),3,3,301129,331455.07,71.11,owner,Commercial|Healthcare
Trigon Equities,3,3,1117948,329767.65,386.11,manager|owner,Commercial
Lake Realty Management LLC,4,4,662551,327970.64,307.14,manager|owner,Commercial
Voices College-Bound Language Acad At Mt. Pleasant District,4,4,490036,326771.87,352.48,owner,Education
Waverly Management,3,3,835708,326300.33,352.91,owner|tenant,Commercial
United Talmudical Academy (New York),9,9,728091,324503.57,460.96,owner|tenant,Education
Alhambra Unified School District,14,14,1346035,324156.7,399.36,owner,Education
YOTEL,3,3,445094,323870.83,166.72,tenant,Commercial
West Coast University,4,4,341130,320664.64,205.4,owner|tenant,Education
Drury Inn,3,3,301312,318554.56,310.49,tenant_subunit,Commercial
Acero Schools,6,6,633518,317756.85,1167.06,owner|tenant,Education
A.R.I Investors Inc,3,3,293597,316947.59,305.0,manager|owner,Commercial
Academy Of Art University,16,16,1105219,316874.34,349.05,owner|tenant,Education
KCG Development,3,3,406690,316652.9,170.85,owner,Commercial
Living Spaces,8,8,776422,315289.24,153.65,tenant,Commercial
Quest Diagnostics,4,4,331727,315057.78,286.14,owner|tenant,Commercial|Healthcare
Dry Creek Joint Elementary School District,4,4,411945,314735.72,260.62,owner,Education
Hyatt Centric,4,4,487977,314658.41,243.59,tenant_subunit,Commercial
Human Resources Administration,7,7,401770,314197.45,476.49,tenant,Commercial
Senior Suites,20,20,1380434,311860.82,1065.04,owner|tenant,Healthcare
Oceanside Unified School District,12,12,962087,310709.78,211.57,owner,Education
Elo Realty,10,10,714453,308271.87,357.9,manager|owner,Commercial
Windsor Mgmt,6,6,877032,307153.29,333.96,manager|owner,Commercial
Cardenas Markets,3,3,143540,307039.29,296.8,tenant,Commercial
Tpp-Lpw Som Property LLC,3,3,399498,305389.43,212.15,owner,Commercial
Antelope Valley Union High School District,6,6,850982,305270.41,321.22,owner,Education
San Jose Unified School District,3,3,535604,300302.05,221.26,owner,Education
Church Of Scientology,4,4,258508,299910.55,142.63,owner,Commercial
City Of Portland,4,4,708203,298077.74,258.57,owner|tenant,Commercial|Education
"The Pacifica Company, LP.",5,5,165800,297015.51,128.02,owner,Commercial
Bain Capital,3,3,443366,296999.21,122.64,owner,Commercial
King-Chavez Academy Of Excellence District,8,8,739227,296187.53,231.96,owner,Education
Summit Public Schools,6,6,746229,295562.38,254.83,owner|tenant,Education
Food 4 Less,8,8,542682,291718.03,160.01,tenant_subunit,Commercial
Michaels,6,6,455233,290918.78,168.82,owner|tenant,Commercial
Nike,5,5,545939,289649.33,376.37,owner|tenant,Commercial
Justin Management,10,10,795107,289505.69,384.76,manager|owner,Commercial
Petco,7,7,725425,288089.12,158.82,tenant,Commercial
AFIAA Investment Foundation,5,5,448385,287419.07,250.7,manager|owner,Commercial
The Arch Community School,5,5,562754,285995.82,403.09,owner,Education
Santa Maria Joint Union High School District,5,5,812530,283046.41,326.83,owner|tenant,Education
Health Sciences High District,10,10,941311,282689.17,200.4,owner,Education
"Point West Office Investors, LLC",5,5,513627,282029.28,327.2,owner,Commercial
Truman Medical Center,3,3,270739,281707.83,629.57,owner|tenant,Commercial|Healthcare
940 Alameda LLC,3,3,126557,280936.64,153.69,owner,Healthcare
"Boulevard Investment Group, INC.",4,4,310231,279930.84,147.0,owner,Healthcare
Bonafide Estates,5,5,453942,279271.06,280.17,manager|owner,Commercial|Education
Chromium LLC,3,3,308663,278589.59,149.2,owner,Commercial|Healthcare
Franklin Elementary School District,4,4,411540,278112.02,231.93,owner,Education
Fashion Options,5,5,475823,277875.43,306.69,tenant,Commercial
Junius Development,3,3,272500,275907.53,195.09,owner,Commercial
Le Meridien,3,3,480462,274724.58,209.98,owner|tenant_subunit,Commercial
ELV Associates Inc.,3,3,232807,274055.34,128.8,manager,Commercial
"Kimberly Holdings, LLC",3,3,246818,273892.94,167.77,owner,Commercial
"Block Real Estate Services, LLC",3,3,290840,273867.04,630.65,manager,Commercial
Comfort Inn,12,12,698992,271264.95,160.71,tenant_subunit,Commercial
Stockton Unified School District,8,8,611350,270537.88,264.64,owner,Education
Del Mar Union Elementary School District,4,4,829740,269187.67,209.84,owner,Education
PRD Realty,4,4,405925,267707.8,266.13,manager,Commercial
Greystone,4,4,725688,267424.2,359.22,owner|tenant,Commercial
Multnomah County,6,6,499967,267257.27,339.85,owner|tenant,Commercial|Education|Healthcare
Rockhurst University,4,4,272653,267206.05,718.23,owner|tenant,Commercial|Education
Mehra Properties Inc.,6,6,497623,266456.04,225.75,manager|owner,Commercial
Roseville Joint Union High School District,4,4,482070,265563.74,250.08,owner,Education
Central Stickney Sd 110,3,3,609184,263112.69,985.92,owner,Education
Mojave River Academy,6,6,728409,262823.29,347.52,owner,Education
Safety Training Seminars,3,3,236142,261711.77,260.32,tenant,Commercial
Fresno County,4,4,455858,260447.51,174.6,owner|tenant,Commercial
Cambria,4,4,572774,258741.86,199.59,tenant|tenant_subunit,Commercial
Group Real Estate Development LLC,6,6,508070,258062.71,322.0,owner,Commercial
Yuba City Unified School District,3,3,427413,256767.43,223.41,owner,Education
Room & Board,4,4,655990,256488.38,179.33,tenant,Commercial
Acorn Development,3,3,626611,255342.26,21.09,owner,Commercial
Aerotek,3,3,351230,255338.67,200.98,tenant,Commercial
Gordon Property Group LLC,3,3,275719,253015.32,192.75,manager|owner,Commercial
University Of San Francisco,11,11,901070,249907.35,186.8,owner|tenant,Education
The Philadelphia Cs For Arts And Sciences At Hr Edmunds,4,4,675818,248669.29,418.35,owner,Education
Boys & Girls Clubs of America,5,5,327285,247901.25,414.91,owner|tenant,Commercial|Education
Keiller Leadership Academy District,8,8,690375,247494.22,164.45,owner,Education
Delano Joint Union High School District,4,4,326298,245963.61,184.84,owner,Education
Vert Energy Group,5,5,409390,245842.14,114.65,manager,Commercial
Ares Management,4,4,671628,244539.61,161.9,owner,Commercial
Gelb Enterprises,7,7,294252,244327.9,118.59,owner,Commercial|Healthcare
Baypoint Preparatory Academy - San Diego District,3,3,605446,244022.48,226.2,owner,Education
Pleasanton Unified School District,5,5,591917,243531.22,280.01,owner,Education
University of Illinois Foundation,3,3,293819,243252.16,540.46,owner,Commercial|Healthcare
Drury Development Corporation,4,4,552964,241140.04,433.02,owner,Commercial
Betty Shabazz Internl Chrtr Sch,7,7,697606,240909.81,955.75,owner,Education
Dublin Unified School District,9,9,769994,240779.78,178.06,owner,Education
Fatollah Hematian,4,4,293663,240702.09,217.34,owner,Commercial
Educational Alliance,3,3,152541,240597.79,191.86,owner|tenant,Commercial|Healthcare
Kings Canyon Joint Unified School District,4,4,402733,236398.11,212.29,owner,Education
Rite Aid,4,4,205140,235346.49,140.22,tenant,Commercial
HCA Healthcare,4,4,260231,234006.49,185.5,tenant,Healthcare
Garden Grove Unified School District,9,9,905474,233263.38,234.71,owner,Education
Valencia College,8,8,545766,230485.42,630.91,owner|tenant,Education
"Brawner Company, Inc.",3,3,241763,229295.2,165.25,manager|tenant,Commercial|Healthcare
Central Calif Migrant Head Start Jpa,3,3,528109,228568.54,434.08,owner,Education
Brennan Properties,3,3,288482,227808.71,135.55,manager,Commercial
Cj Segerstrom & Sons,3,3,210361,225126.45,134.31,owner,Commercial
Santee School District,8,8,809375,224777.8,191.17,owner,Education
San Marcos Unified School District,6,6,721244,224425.99,179.26,owner,Education
Ellman Realty Advisors,5,5,264654,220975.67,209.52,manager,Commercial
RiverRock Real Estate Group,3,3,451327,220815.21,146.19,manager,Commercial
MD Carlisle,3,3,552750,220436.84,321.4,manager|owner,Commercial
Westminster,3,3,696759,219782.34,337.89,manager|owner,Commercial|Education
Aritzia,3,3,355354,219263.47,284.56,tenant,Commercial
Lee & Associates,9,9,759026,219096.38,299.22,manager,Commercial
Cypress Elementary (Cypress),3,3,351796,219074.01,270.26,owner,Education
Equity One LLC,4,4,261033,215910.86,198.79,owner,Commercial
Wildflower Open Classroom District,5,5,952952,215744.19,303.42,owner,Education
Calvary Chapel,4,4,328542,214437.43,189.61,owner|tenant,Commercial|Education
Hobby Lobby,6,6,354705,214397.05,79.6,tenant,Commercial
ShopRite,5,5,355055,214266.65,349.55,tenant,Commercial
Dsw Designer Shoe Warehouse,3,3,225048,213898.49,277.18,tenant,Commercial
Davis Joint Unified School District,9,9,766520,213144.99,212.35,owner,Education
Latin School Of Chicago,3,3,303819,211965.19,779.56,owner|tenant,Education
City Of Hope,3,3,427521,209529.38,204.39,tenant,Commercial|Healthcare
Burlington Stores,5,5,342783,209480.29,221.98,tenant,Commercial
"1776 Portfolio Investment, LLC",5,5,397322,209035.9,140.28,owner,Commercial
LUMA Hotel,3,3,353331,205781.08,144.53,tenant,Commercial
Unire Real Estate Group,3,3,276895,205177.92,116.92,manager,Commercial
Journey District,4,4,447955,204348.87,195.61,owner,Education
Lucky,5,5,266182,203935.0,137.54,tenant,Commercial
Vacaville Unified School District,4,4,349870,203325.66,205.77,owner,Education
Eugenio Maria De Hostos Cs,3,3,549920,202840.76,531.82,owner,Education
Northern Star LLC,4,4,381652,201100.18,191.23,manager|owner,Commercial
Ganahl Lumber,3,3,212450,200380.5,119.55,tenant,Commercial
Health Sciences Middle District,8,8,551811,198772.58,140.31,owner,Education
California Education Authority,8,8,637795,198596.87,306.93,owner,Education
Dezer Properties,12,12,778961,198418.62,269.16,manager|owner,Commercial
Enchante Accessories,3,3,521713,197901.0,239.14,owner|tenant,Commercial
Oyster-Adams Bilingual School (Adams),4,4,231868,197127.88,206.5,tenant,Education
Falcon Properties,5,5,454418,196707.22,200.6,manager|owner|tenant,Commercial
Alice Re Holdings LLC,3,3,226372,195746.58,106.05,owner,Commercial
Kairos Public School Vacaville Academy District,4,4,364048,194295.4,218.61,owner,Education
Anaheim Union High School District,4,4,471465,194232.79,216.62,owner,Education
Dast Holding CORP,3,3,116206,193670.16,180.79,owner,Commercial
Covina Valley Unified School District,7,7,652612,193374.83,191.95,owner|tenant,Education
WMC Associates,5,5,625771,192983.68,208.63,manager|owner,Commercial|Education
El Dorado Union High School District,4,4,821549,192956.19,336.05,owner,Education
Savannah College Of Art And Design,3,3,555000,192429.16,361.66,owner|tenant,Education
Plumas Lake Elementary (Olivehurst),3,3,302803,191836.65,167.53,owner,Education
Mmc Corporation,3,3,196071,191787.62,254.61,owner,Commercial|Healthcare
CodeGreen Solutions Inc.,8,8,352838,191280.96,174.95,manager,Commercial
Staples,7,7,520074,191086.67,126.11,owner|tenant,Commercial
Knotel,6,6,362921,190645.43,165.93,tenant,Commercial
Patterson Joint Unified School District,4,4,302512,190490.8,151.21,owner,Education
Hive Property Owner LLC,3,3,244298,190415.19,118.81,owner,Commercial
Partnership Healthplan Of California,3,3,259000,189567.09,176.9,owner|tenant,Commercial
Block Buildings,3,3,514806,188806.56,271.0,owner,Commercial
Days Inn,4,4,320132,188558.22,71.54,tenant_subunit,Commercial
Art Center College Of Design,3,3,305657,187055.25,194.85,owner|tenant,Education
Homes For The Homeless Institute,6,6,365095,185918.13,133.86,owner,Commercial
Grunberg Realty,3,3,188836,185509.3,148.71,manager,Commercial
Options For Youth-Acton District,7,7,1054120,185264.01,221.68,owner,Education|Healthcare
Los Banos Unified School District,3,3,222460,185190.14,148.39,owner,Education
San Jacinto Unified School District,10,10,890932,184616.19,235.61,owner|tenant,Education
Brentwood Union Elementary School District,10,10,714950,182545.03,169.27,owner,Education
Magnolia Science Academy San Diego District,4,4,486950,178666.72,110.06,owner,Education
Columbus Properties,3,3,248596,178408.03,185.88,owner,Commercial
CareTrust REIT,3,3,211534,176762.68,124.66,owner,Commercial|Healthcare
Shulsky Properties,4,4,531873,174909.64,243.36,manager|owner,Commercial
Abner Properties,6,6,573018,174884.23,222.76,owner,Commercial
Quartermaster Plaza 1777 LLC,3,3,349478,174391.13,249.38,owner,Commercial
California Montessori Project - Elk Grove Campus District,3,3,462014,173996.05,268.35,owner,Education
Catholic Charities,5,5,611244,173476.38,280.88,owner|tenant,Commercial|Healthcare
Quality Inn,6,6,393785,171618.93,74.08,tenant_subunit,Commercial
Pacific Union Elementary School District,4,4,304783,171586.94,144.2,owner,Education
Charter Communications,4,4,312864,168872.05,149.99,owner|tenant,Commercial|Education
Marysville Joint Unified School District,4,4,483087,168562.17,157.41,owner,Education
Westlake Park Place Inc.,3,3,224008,168236.52,143.21,owner,Commercial
Crale Realty,7,7,223727,167823.0,126.93,manager|owner,Commercial
Chicago International Charter School,6,6,522795,166481.9,644.66,owner,Education
Vision Quest & Career Pathway District,3,3,384030,166011.28,164.16,owner,Education
School Of The Art Institute Of Chicago,4,4,703346,164324.31,614.87,owner|tenant,Education
Heller Properties,5,5,421579,164026.79,145.38,manager|owner,Commercial|Healthcare
Aspen Valley Prep Academy District,4,4,264084,163958.98,148.7,owner,Education
Delano Union Elementary School District,4,4,307516,163645.85,146.96,owner,Education
Samson,4,4,407853,162957.92,169.48,manager|owner,Commercial
Trinity Real Estate,6,6,420853,160982.41,137.68,owner|tenant,Commercial
Silver Cloud Inn,5,5,498216,160820.81,78.2,owner|tenant,Commercial
Unity Health Care,3,3,133383,159650.68,105.96,owner|tenant,Healthcare
Office Depot/Officemax,4,4,259193,159056.95,106.58,tenant,Commercial
Downtown Properties,3,3,489092,158649.33,105.47,manager|owner,Commercial
New Seasons Market,7,7,218491,155851.55,227.22,owner|tenant,Commercial
HCRE,4,4,171238,154047.1,127.5,manager|owner,Commercial|Healthcare
Aegis Living,7,7,493700,153175.57,97.66,tenant,Healthcare
Spirit Halloween,3,3,228135,150215.34,85.31,tenant,Commercial
Silvercup Studios,4,4,477267,149899.33,203.94,owner|tenant,Commercial
Tapestry,4,4,378465,149436.45,119.17,tenant_subunit,Commercial
Ash Management,3,3,126597,148755.07,82.04,owner|tenant,Commercial
Kings County,4,4,290440,147992.14,163.03,owner|tenant,Commercial|Healthcare
Allstate,4,4,201160,146753.49,81.58,tenant,Commercial
King Terminal LLC Mass LLC,6,6,244987,146542.48,127.98,owner,Commercial
QFC,8,8,383367,145119.54,181.66,tenant_subunit,Commercial
Silvergate Residential Care,3,3,430980,145041.47,106.7,tenant,Healthcare
Catholic High School Association (New York),3,3,682776,144748.61,350.8,owner|tenant,Education
Kerman Unified School District,5,5,384853,143490.43,174.22,owner,Education
Rubicon Point Partners,4,4,496444,143220.99,114.32,manager,Commercial
Ocean View,4,4,461939,142841.72,220.51,owner,Education
MacTaggart Family,3,3,586480,142109.06,180.83,owner,Commercial
West Contra Costa Unified School District,6,6,535971,141883.89,161.68,owner,Education
Raber Enterprises,3,3,294274,141731.97,250.85,owner|tenant,Commercial
Fountain Valley Elementary School District,4,4,570115,140223.32,202.34,owner,Education
High Tech Elementary Mesa District,7,7,704260,139853.15,99.59,owner,Education
Drollinger Properties,4,4,209318,138962.94,53.25,owner,Commercial
Travis Unified School District,5,5,650653,137924.17,94.16,owner,Education
Grocery Outlet Bargain Market,4,4,194763,137869.02,99.79,owner|tenant,Commercial
Lululemon,3,3,266804,137338.79,117.6,tenant,Commercial
American National Red Cross,4,4,247165,134919.05,156.62,owner,Commercial
Castro Properties LLC,4,4,231914,133553.26,164.36,manager|owner,Commercial
Simmons University,9,9,453700,131690.03,103.33,owner|tenant,Education
Kidinnu Academy District,5,5,502194,130202.61,124.54,owner,Education
Community College Of Philadelphia,3,3,834244,129987.55,204.06,owner|tenant,Education
Community Montessori District,7,7,536593,129744.59,94.96,owner,Education
McDonald's,3,3,212498,129549.16,71.46,tenant,Commercial
Ranken Technical College,4,4,380476,128214.22,448.16,owner|tenant,Education
Eretz Group,4,4,561275,127619.74,153.24,manager|owner,Commercial
Gateway International District,3,3,335367,126071.98,238.11,owner,Education
Terreno Realty,6,6,371438,122571.55,103.61,owner,Commercial|Healthcare
Restoration Hardware,4,4,235444,121951.17,97.28,tenant,Commercial
Riverdale Country School (New York),3,3,248992,121457.26,162.58,owner|tenant,Education
Rexford Industrial,4,4,327953,121410.33,76.42,owner|tenant,Commercial|Healthcare
Jurupa Unified School District,5,5,672405,120748.46,121.5,owner,Education
Rocco Tomassetti,3,3,160462,119019.46,78.39,manager|owner,Commercial
Jewish Home And Hospital,3,3,477632,116295.28,345.05,tenant,Healthcare
Ronald McDonald House Charities,4,4,254961,116208.31,115.92,tenant,Commercial
Alvord Unified School District,6,6,392228,115507.55,128.08,owner,Education
Twin Rivers Unified School District,5,5,313575,115190.5,135.98,owner,Education
A. Trenkmann Estate Inc.,4,4,233615,114275.48,119.9,owner,Commercial
"Fenway Capital Advisors, LLC",3,3,126300,113681.04,65.04,owner,Commercial|Education
Clear Channel Outdoor,3,3,189249,113269.36,16.92,owner|tenant,Commercial
United Cerebral Palsy Of New York City,3,3,164179,112711.34,149.68,owner|tenant,Healthcare
MJ Orbach,4,4,447620,112244.94,154.14,manager|owner,Commercial
Stony Point East LP,3,3,199228,110692.91,66.17,owner,Commercial
Ateret Torah Center,4,4,170463,110537.66,125.47,owner,Commercial|Education|Healthcare
San Bernardino Community College District,3,3,224494,109880.68,89.21,owner|tenant,Education
Longwood Management,3,3,112043,109057.88,58.64,owner,Commercial|Healthcare
B.H. Management Inc.,3,3,429822,107987.26,111.94,manager|owner,Commercial
Grainger Industrial Supply,3,3,185647,107827.54,54.03,tenant,Commercial
Menifee Union School District,4,4,317850,107746.13,124.41,owner,Education
Bellevue Union School District,3,3,322413,106988.52,127.68,owner,Education
Habitat For Humanity Restore,3,3,117255,104161.79,38.56,owner|tenant,Commercial
Buckingham Browne And Nichols School (Cambridge),3,3,169300,103849.52,139.01,tenant,Education
Placer County,3,3,260800,103207.79,81.07,owner|tenant,Commercial
Travelodge,4,4,243434,103133.42,65.58,tenant_subunit,Commercial
Schur Management Company,3,3,320654,102285.21,147.86,owner,Commercial|Healthcare
Meyer Equities,3,3,357953,101982.8,132.47,owner,Commercial
Duane Reade,4,4,246274,101952.93,82.9,tenant_subunit,Commercial
Schnucks,3,3,184985,101097.6,264.98,tenant,Commercial
Trademark Collection,3,3,247168,100945.14,71.67,tenant_subunit,Commercial
The Biome,3,3,405056,100830.82,392.71,owner,Education
Shell,3,3,434722,100185.99,105.96,tenant,Commercial
Des Moines Public Schools (Chicago),3,3,305270,99856.78,377.69,tenant,Education
Cornish College Of The Arts,4,4,328434,99379.83,83.99,owner|tenant,Education
Realty Income Corporation,3,3,161207,98926.84,133.41,owner|tenant,Commercial
Holy Family University,3,3,245416,98921.47,229.38,owner|tenant,Education
Pali Management Group,3,3,131604,98646.05,53.51,owner,Commercial|Healthcare
Sinvin,5,5,248426,96430.68,109.63,manager,Commercial
Triad Management Systems INC.,3,3,137608,92721.43,61.01,manager|owner,Commercial
Fairfield-Suisun Unified School District,6,6,513993,91567.1,62.51,owner,Education
Montague-Lee Limited Partnership,3,3,169249,89945.5,101.62,manager,Commercial
Cutler-Orosi Joint Unified School District,4,4,300674,89690.87,87.19,owner,Education
Classical Academy High District,5,5,371630,87179.55,53.46,owner,Education
Citizens,3,3,137934,86597.14,88.32,tenant,Commercial
Decron Properties,3,3,159000,86524.41,42.37,owner,Commercial
"Monarchs Sub, LLC",4,4,265273,86310.16,224.22,owner,Commercial
At Home,3,3,371663,86235.3,129.21,tenant,Commercial
Windsor Unified School District,3,3,339565,84442.35,100.64,owner,Education
Far Rockaway,3,3,94334,80608.39,96.19,tenant,Commercial|Healthcare
McKinstry,3,3,199048,80589.43,52.78,owner|tenant,Commercial
Atria Senior Living,4,4,261932,79737.53,72.41,manager|tenant,Healthcare
Sundale Union Elementary School District,5,5,270558,78297.61,57.41,owner,Education
Roosevelt Lee,3,3,216378,78139.07,95.36,manager|tenant,Commercial
Sulphur Springs Union School District,3,3,420841,77885.95,108.27,owner,Education
Albany City Unified School District,3,3,312764,77851.31,59.9,owner,Education
San Lorenzo Unified School District,4,4,514396,77623.15,87.26,owner,Education
Alliance For Progress Cs,3,3,398137,76327.6,167.59,owner,Education
IQHQ,3,3,85845,75933.54,66.27,owner,Commercial
The Soulard School,4,4,401344,75865.94,295.48,owner,Education
Cabrillo Unified School District,3,3,341903,74821.58,109.57,owner,Education
Bnos Zion Of Bobov INC (New York),4,4,200077,73928.93,101.54,owner|tenant,Education
Hauser & Wirth,3,3,254694,73613.29,41.73,owner|tenant,Education|Healthcare
Cajon Valley Union School District,4,4,341840,71741.01,66.01,owner,Education
Heskel's Asset Mgmt,4,4,207396,70728.9,68.66,manager|owner,Commercial|Healthcare
Sycamore Academy Of Science And Cultural Arts Chino Vly District,3,3,182156,70429.48,82.65,owner,Education
Ascend Collection,3,3,179225,70287.39,37.49,tenant_subunit,Commercial
Spar Knitwear CORP,3,3,219996,70132.66,64.28,owner,Commercial
Winoker Realty,4,4,264492,68960.74,87.25,owner,Commercial
dd's DISCOUNTS,3,3,129952,68887.06,30.36,tenant_subunit,Commercial
Esplanade 99 LLC,3,3,126749,68844.46,49.29,owner,Commercial
Eagle Point,3,3,287762,68354.77,90.83,owner,Commercial
El Rancho Unified School District,4,4,443393,67736.5,68.16,owner,Education
Santa Monica-Malibu Unified School District,7,7,589131,66293.94,80.04,owner,Education
"Wespac Management Group, INC",3,3,91993,64713.55,49.32,owner,Commercial|Healthcare
San Pasqual Union Elementary School District,4,4,270245,63066.91,43.65,owner,Education
"The Ashtin Group, Inc.",3,3,337550,62635.12,85.45,manager,Commercial
Carlsbad Unified School District,3,3,364488,62505.83,49.86,owner,Education
Berik Management,3,3,210313,61343.91,83.99,manager,Commercial
Baldy View Rop,5,5,314449,60581.59,60.96,owner,Education
Confluence Academy,4,4,326033,59903.83,233.31,owner|tenant,Education
Boston Center For The Arts,3,3,204623,59752.99,50.77,owner,Commercial
Contractors' Warehouse,3,3,398597,58987.07,43.68,tenant,Commercial
Janus Property,3,3,453358,58963.62,84.54,manager|owner,Commercial
The Education Corps District,3,3,233274,53908.47,58.73,owner,Education
Jerome's Furniture & Mattress Store,4,4,240029,53525.19,29.34,tenant,Commercial
Starpointe Management LLC,3,3,239542,52576.83,83.88,manager|owner,Commercial
Hotel 21,4,4,157520,52202.66,39.04,tenant,Commercial
DC Preparatory Academy,3,3,133566,44414.78,60.02,owner|tenant,Education
Kiamie Industries,3,3,147582,43201.27,58.17,owner,Commercial
Redcar Properties LTD,5,5,311449,42448.11,24.54,owner,Commercial
State Of Washington,3,3,143614,42242.86,39.54,owner|tenant,Commercial
Jewish Board of Family and Children's Services,3,3,93577,38329.8,61.95,owner,Healthcare
Boost Mobile,3,3,88573,38073.81,30.89,tenant,Commercial
North Side Community School,3,3,197806,36860.48,143.56,owner,Education
Elijah Equities,3,3,236329,29109.65,35.33,owner,Commercial
Aspira INC. Of Illinois,3,3,216294,27770.47,95.88,owner,Education
Legend Real Estate Management,4,4,194147,23621.31,13.64,owner,Commercial|Healthcare
St. John's Place Family Center,3,3,139560,16006.6,21.12,owner,Commercial
