Year,Building ID,Property Address,Building Size,Primary Use Type,Compliance Status,Site Energy Use Intensity (Site EUI),Weather Normalized Source Energy Use Intensity (Source EUI),Total Annual Greenhouse Gas Emissions,ENERGY STAR score (if applicable),Property Notes,Lat,Long,Georeference Location
2023,352001,525 E Jackson St,74357,Condo,Not Participating,,,,,,,,POINT (28.5084768 -81.43230453)
2023,115006,150 N Orange Ave,140748,Office,Participating,17.3,58.6,270.1,95,,,,
2023,110055,1000 Legion Pl- Bldg 1,228241,Office,Participating,39.8,110.9,1040,83,,,,
2023,332001,322 E Central Blvd,285428,Condo,Not Participating,,,,,,,,POINT (28.56970914 -81.35633825)
2023,159013,5991 S Goldenrod Rd,246483,Retail,Not Participating,,218.1,,,,,,POINT (28.57802464 -81.32039484)
2023,123005,2315 Lynx Ln,51896,Non-Refrigerated Warehouse,Participating,25.2,65.2,145.3,23,,,,POINT (28.56970914 -81.35633825)
2023,155003,5555 Hazeltine National Dr,227023,Hotel,Not Participating,,,,,,,,POINT (28.57802464 -81.32039484)
2023,165006,6545 Corporate Centre Blvd.,95440,Office,Participating,67.6,189.4,717.6,58,,,,POINT (28.53968028 -81.38388612)
2023,112003,1213 S Division Ave,58946,Warehouse,Not Participating,,,,,,,,
2023,152007,5250  International Dr,706344,RTL REG Mall I,Not Participating,,,,,,,,POINT (28.5084768 -81.43230453)
2023,159025,5907  Turkey Lake Rd,54708,Office,Participating,60.2,107.5,366,70,,,,POINT (28.57802464 -81.32039484)
2023,353001,530 E Central Blvd,127745,Condo,Not Participating,,,,,,,,POINT (28.5084768 -81.43230453)
2023,138009,3827 W D Judge Dr- Bldg 1,91346,Distribution,Exempt for 2023 Compliance Season,,,,,,,,POINT (28.56970914 -81.35633825)
2023,127004,2729 Hansrob Rd,87505,Non-Refrigerated Warehouse,Participating,9.3,26,90.7,,,,,POINT (28.56970914 -81.35633825)
2023,174003,7415 Emerald Dunes Dr- Business Ctr. E,226800,Non-Refrigerated Warehouse,Not Participating,9.5,7.2,0,75,,,,POINT (28.47208672 -81.46194446)
2023,146010,4568 L B Mcleod Rd,73000,Non-Refrigerated Warehouse,Not Participating,0.6,1.7,5.1,100,,,,POINT (28.36470653 -81.24705862)
2023,174012,7433  Emerald Dunes Dr- Business Ctr. F,145800,Non-Refrigerated Warehouse,Not Participating,2.4,7.6,0,99,,,,POINT (28.47208672 -81.46194446)
2023,165007,6550 Hazeltine National Dr,121400,Distribution Center,Participating,23.8,66.6,321.8,26,,,,POINT (28.53968028 -81.38388612)
2023,246005,4484 Concord Landing Dr-Bldg 16,70089,Multifamily Housing,Not Participating,,,,,,,,POINT (28.36583939 -81.27398547)
2023,City Building,5420 L.B. Mcleod Road,1,Wastewater Treatment Plant,Participating,74959230,209885800,8491.1,,,,,POINT (28.5084768 -81.43230453)
2023,166005,6601  Adventure Way- Bldg 3,1290338,Hotel,Participating,72.2,127.6,6801.2,70,,,,POINT (28.53968028 -81.38388612)
2023,"216001,       216002,      216003,       216004",1601 S Kirkman Rd,160692,Multifamily Housing,Participating,76,210.7,1357.3,25,,,,POINT (28.52722692 -81.39316308)
2023,127009,2712 E Colonial Dr- Bldg 20 (Units 36-39),52875,Strip Mall,Participating,65.2,182.7,384.4,,Voluntary Compliant Orlando building ID for 2712 E Colonial Dr here: 502717.,,,POINT (28.56970914 -81.35633825)
2023,162004,6233 International Dr,128547,Hotel,Not Participating,,,,,,,,POINT (28.57802464 -81.32039484)
2023,167002,6700 Kingspointe Pkwy,92000,Fitness Center/Health Club/Gym,Not Participating,0,,0.4,,,,,POINT (28.53968028 -81.38388612)
2023,127008,2712 E Colonial Dr- Bldg 19 (Units 24-32),106233,Strip Mall,Participating,59.2,165.7,700.7,,,,,POINT (28.56970914 -81.35633825)
2023,182001,8200 Boggy Creek Rd,62456,Distribution Center,Not Participating,0,0,0,100,,,,POINT (28.47208672 -81.46194446)
2023,134012,3403 E. Colonial Drive,149000,Retail Store,Participating,29.2,21.4,483.9,78,,,,POINT (28.56970914 -81.35633825)
2023,289002,899 N Orange Ave- Bldg 2,182572,Parking Garage,Not Participating,,,,,,,,POINT (28.47208672 -81.46194446)
2023,125001,25 Underwood St- Garage C,757104,Parking,Not Participating,,6.1,188.4,,,,,POINT (28.56970914 -81.35633825)
2023,183002,8310 Boggy Creek Rd,55808,Distribution Center,Not Participating,0,0,0,100,,,,POINT (28.47208672 -81.46194446)
2023,348001,480 N Orange Ave,309034,Condo,Not Participating,,,,,,,,POINT (28.36470653 -81.24705862)
2023,"299001,       299002,       299003,       299004,       299005,        299006",990 Warehouse Rd,460468,Multifamily Housing,Participating,27.5,75.6,1404.7,89,,,,POINT (28.47208672 -81.46194446)
2023,143007,43  Columbia St,68000,Hotel,Participating,61.6,142.7,335.1,47,,,,POINT (28.56970914 -81.35633825)
2023,154005,5435 Forbes Pl,77307,Hotel,Participating,73.4,155.3,398.1,43,,,,POINT (28.460986 -81.31395136)
2023,160021,6004 S Goldenrod Rd,82596,K-12 School,Not Participating,,,,,,,,POINT (28.57802464 -81.32039484)
2023,"173009,       170014,        170001",730 Lucerne Terrace,502853,Senior Living Community,Participating,43.7,105.9,1911.3,88,,,,POINT (28.47208672 -81.46194446)
2023,City Building,10199 Narcoossee Rd,10174,Fire Station,Pending Final Review,,,,,,,,
2023,141010,411 Mercy Dr,115122,Food Bank,Not Participating,,,,,,,,POINT (28.56970914 -81.35633825)
2023,137004,3701 Vineland Rd,56945,Warehouse,Exempt for 2023 Compliance Season,,,,,,,,POINT (28.56970914 -81.35633825)
2023,128005,2873 S Orange Ave,72787,Rtl Comm Shopping,Not Participating,,,,,,,,POINT (28.56970914 -81.35633825)
2023,154014,"5433 Altamira Drive, Orlando Fl 32819",99159,Hotel,Exempt for 2023 Compliance Season,64.4,144.3,0,78,,,,POINT (28.5084768 -81.43230453)
2023,315001,151 E Washington St,113472,Condo,Not Participating,,,,,,,,
2023,120002,20 N Orange Ave Bldg 1,268452,Office,Participating,42,178.1,1254.1,86,,,,POINT (28.56970914 -81.35633825)
2023,165025,6550  Adventure Way- Building 11,144673,Hotel,Not Participating,,,,,,,,POINT (28.53968028 -81.38388612)
2023,264001,646 W Smith St- Bldg 1,214407,Multifamily Housing,Exempt for 2023 Compliance Season,28,77.6,668.1,99,,,,POINT (28.53968028 -81.38388612)
2023,159018,5900 Universal Blvd- B2,75875,Office,Participating,65.6,179.3,554.6,,,,,POINT (28.57802464 -81.32039484)
2023,113004,13547 Nemours Pkwy,298705,Hospital,Not Participating,,,,,,,,
2023,110014,102 S Semoran Blvd,65772,Office,Not Participating,,,,,,,,
2023,270002,7010  Lake Nona Blvd,194958,Parking Garage,Not Participating,,,,,,,,POINT (28.47208672 -81.46194446)
2023,City Building,1214 S Westmoreland Dr,15879,Other,Participating,31.1,86.1,56,,,,,
2023,172002,7272 Kingspointe Pkwy,102071,Warehouse,Not Participating,,,,,,,,POINT (28.47208672 -81.46194446)
2023,168019,6843  Conway Rd,101747,Distribution Center,Not Participating,0.4,2.2,4.1,100,,,,POINT (28.47208672 -81.46194446)
2023,128004,2815 Directors Row,50950,Distribution Center,Not Participating,,,,,,,,POINT (28.56970914 -81.35633825)
2023,241005,414 E Pine St,153549,Multifamily Housing,Participating,37,93.8,545,88,,,,POINT (28.56970914 -81.35633825)
2023,"146004,       146021,        146026",4600 Millenia Plaza Way,160025,Strip Mall,Participating,88.8,238.7,1481.9,,,,,POINT (28.36470653 -81.24705862)
2023,190006,9080 Boggy Creek Rd,59456,Distribution Center,Participating,27,87.5,178.9,19,,,,POINT (28.47208672 -81.46194446)
2023,216006,1650 N Mills Ave- Bldg 1,404375,Multifamily Housing,Participating,22.2,61.2,998.6,99,This property does not use natural gas. The GFA listed in property appraiser website was used. The property manager confirms that the pools on the property are not heated.,,,POINT (28.52722692 -81.39316308)
2023,159033,5905 S Kirkman Rd,123394,Hotel,Not Participating,,,,,,,,POINT (28.57802464 -81.32039484)
2023,242001,420 E Church St,343895,Multifamily Housing,Participating,29.6,91.3,1131.4,96,Property has no Gas,,,POINT (28.56970914 -81.35633825)
2023,"138012,          134007,         134008,                134011",3401 & 3419 Wd Judge Drive,550000,Non-Refrigerated Warehouse,Participating,1.3,3.6,78.4,,,,,POINT (28.56970914 -81.35633825)
2023,121003,2101 Park Center Dr,90060,Office,Participating,79.8,219.5,798.9,48,,,,POINT (28.56970914 -81.35633825)
2023,149023,4951 Vineland Rd,154470,Office,Participating,66.3,185.5,1140.4,57,"The SF of the ASC has been excluded because it meets the following 4 requirements:
* The excluded space must be less than 10% of the building's Gross Floor Area (GFA).
* The excluded space must not be a property type eligible to receive an ENERGY STAR score.
* The excluded space must be sub-metered so that both the excluded space's floor area and energy consumption can be excluded.
* The excluded space's energy use patterns must be significantly different than those of the rest of the building (e.g., a cell phone tower on a building), or a large restaurant on the ground floor of an Office building).",,,POINT (28.5084768 -81.43230453)
2023,130018,3905 Center Loop- Building 911,60652,Warehouse,Not Participating,,,,,,,,POINT (28.56970914 -81.35633825)
2023,110043,101 E Central Blvd,290000,Library,Participating,52.3,133.7,1687.2,,,,,
2023,157009,5767 T G Lee Blvd,63258,Hotel,Participating,60.5,163.9,426.5,65,,,,POINT (28.57802464 -81.32039484)
2023,158020,"5867 Vista East Pkwy, #1305",105500,Distribution Center,Not Participating,0.7,0.6,8.5,100,,,,POINT (28.57802464 -81.32039484)
2023,165008,653 Maguire Blvd,64245,Self-Storage Facility,Participating,8,46.6,57,,,,,POINT (28.53968028 -81.38388612)
2023,124016,2425 E Landstreet Rd- Bldg 1,50018,Distribution Center,Participating,11.1,64.4,61.7,68,,,,POINT (28.56970914 -81.35633825)
2023,158016,6001 Universal Blvd- B760,3952364,Parking,Participating,2,5.6,890.5,,,,,POINT (28.57802464 -81.32039484)
2023,170013,7055 S Kirkman Rd- Bldg 3,385850,Office,Not Participating,,,,,,,,POINT (28.47208672 -81.46194446)
2023,163006,6327 International Dr,108541,Hotel,Not Participating,,116.1,614,,,,,POINT (28.57802464 -81.32039484)
2023,113016,13485 Veterans Way,39151,Office,Participating,217.4,608.8,948.5,10,,,,
2023,118016,1800 S Kirkman Rd- HSB,79429,College/University,Participating,55.8,171.1,493.5,,,,,POINT (28.52722692 -81.39316308)
2023,151001,5102 Cinderlane Parkway,81157,Multifamily Housing,Participating,29.9,63,233.9,90,,,,POINT (28.5084768 -81.43230453)
2023,156003,5601 Butler National Dr,84429,Retail,Not Participating,,,,,,,,POINT (28.57802464 -81.32039484)
2023,169009,6900 Lake Nona Blvd- Bldg 1,170755,College/University,Not Participating,,,,,,,,POINT (28.47208672 -81.46194446)
2023,124002,2435 S. Hiawassee Road,112481,Retail Store,Participating,151.2,346.2,1798.2,1,,,,POINT (28.56970914 -81.35633825)
2023,126008,2685 Hansrob Rd,50000,Office,Participating,11.2,29.1,62.4,,,,,POINT (28.56970914 -81.35633825)
2023,City Building,110 George De Salvia Way,40142,Data Center,Participating,135.2,378.6,614.9,8,,,,
2023,111010,11010 Florida Crown Dr,262741,Distribution Center,Participating,7,19.7,205.9,85,,,,
2023,141015,4157 Seaboard Rd,102688,Warehouse,Not Participating,,,,,,,,POINT (28.56970914 -81.35633825)
2023,130021,3000 S John Young Pkwy Bldg 4,50852,Religious,Not Participating,,,,,,,,POINT (28.56970914 -81.35633825)
2023,160001,"60 S Ivanhoe Blvd, Orlando, Fl 32804",444769,Hotel,Participating,51.7,125.6,2002.2,58,,,,POINT (28.57802464 -81.32039484)
2023,City Building,101 North Parramore,18414,Social/Meeting Hall,Participating,40.5,111.3,84.6,,,,,
2023,159030,6055 Pershing Ave,172575,Parking,Participating,2.2,6.1,42,,The Pershing Parking Garage has three levels. It holds nine electric vehicle charging stations.,,,POINT (28.57802464 -81.32039484)
2023,144004,4402 Curry Ford Rd,64177,Retail,Not Participating,,,,,,,,POINT (28.56970914 -81.35633825)
2023,254001,5451 Millenia Lakes Blvd-Bldg 1,429678,Multifamily Housing,Participating,27.7,76.9,1324,88,,,,POINT (28.57802464 -81.32039484)
2023,144021,4401 Shader Rd,97172,Warehouse,Not Participating,,,,,,,,POINT (28.56970914 -81.35633825)
2023,169008,6955  Lake Nona Blvd,141840,Hotel,Not Participating,,159.4,793.1,,,,,POINT (28.47208672 -81.46194446)
2023,196001,9645 Tradeport Dr- Bldg 444,55632,Warehouse,Not Participating,,,,,,,,POINT (28.47208672 -81.46194446)
2023,326001,260 S Osceola Ave,188905,Condo,Not Participating,,,,,,,,POINT (28.56970914 -81.35633825)
2023,154007,5445 Forbes Pl,218679,Hotel,Participating,105.1,172.2,2.5,,,,,POINT (28.57802464 -81.32039484)
2023,114004,1401 Tradeport Dr,353098,Warehouse,Not Participating,,,,,,,,
2023,211001,111 E Washington St,572735,Mixed Use Property,Not Participating,,73.6,958.4,,,,,
2023,168017,6831  Eagle Watch Dr,57260,Strip Mall,Participating,56.1,137.1,357.9,,,,,POINT (28.47208672 -81.46194446)
2023,158010,5976 Caravan Court,90934,Hotel,Participating,53.6,149.2,402.6,89,,,,POINT (28.57802464 -81.32039484)
2023,175019,7501 Greenbriar Pkwy,93915,Office-Low Rise,Not Participating,,,,,,,,POINT (28.47208672 -81.46194446)
2023,City Building,401 W Livingston St,65487,Thearter/Auditorium,Exempt for 2023 Compliance Season,,,,,,,,POINT (28.56970914 -81.35633825)
2023,120016,201 S Rosalind Ave,157873,Office,Participating,78.4,240.2,1375.5,37,,,,POINT (28.56970914 -81.35633825)
2023,174005,7450 Augusta National Dr,118708,Hotel,Not Participating,,,,,,,,POINT (28.47208672 -81.46194446)
2023,124010,2425 Silver Star Rd,61097,Warehouse,Not Participating,,,,,,,,POINT (28.56970914 -81.35633825)
2023,154010,5403 Millenia Lakes Boulevard,164640,Hotel,Participating,68.5,139.3,730.7,79,,,,POINT (28.5084768 -81.43230453)
2023,110065,8050 Vista Reserve Blvd,240013,Warehouse,Not Participating,,,,,,,,POINT (28.47208672 -81.46194446)
2023,126003,2600 Technology Dr,64827,College/University,Not Participating,,,,,,,,POINT (28.56970914 -81.35633825)
2023,City Building,1920 N Forest Av,28693,Social/Meeting Hall,Participating,72,201.5,233.9,,,,,POINT (28.56970914 -81.35633825)
2023,110033,109 E Church St Bldg 1,109586,Office,Not Participating,,150.4,934.5,,,,,
2023,248004,4807 Millenia Palms Dr- Bldg 2,50210,Multifamily Housing,Not Participating,,,,,,,,POINT (28.5084768 -81.43230453)
2023,134002,3415 Bartlett Blvd,53455,Warehouse,Not Participating,,,,,,,,POINT (28.56970914 -81.35633825)
2023,112005,1222 S Orange Ave,201502,Medical Office,Not Participating,,159.5,1337.1,,,,,
2023,146014,4600 E Colonial Dr- Bldg 2,78868,Retail,Not Participating,,,,,,,,POINT (28.36470653 -81.24705862)
2023,173007,7350  Hazeltine National Dr- Bldg 1,988651,Warehouse,Not Participating,,,,,,,,POINT (28.47208672 -81.46194446)
2023,126010,2837  Lake Baldwin Ln,108369,Senior Living Community,Not Participating,,,,,,,,POINT (28.56970914 -81.35633825)
2023,226002,2691 Charleston Town Pl- Bldg 1,85761,Multifamily Housing,Not Participating,,,,,,,,POINT (28.56970914 -81.35633825)
2023,131007,3155 S John Young Pkwy,60600,Hotel,Exempt for 2023 Compliance Season,,,,,,,,POINT (28.56970914 -81.35633825)
2023,146022,4600 E Colonial Dr- Bldg 1,69769,Retail,Not Participating,,,,,,,,POINT (28.36470653 -81.24705862)
2023,117003,1768 Park Center Dr,79447,Office,Participating,22,59.1,194.7,87,,,,POINT (28.52722692 -81.39316308)
2023,123006,2349 Silver Star Rd Bldg 1,115000,Manufacturing/Industrial Plant,Participating,4.3,12.5,54.7,,,,,POINT (28.56970914 -81.35633825)
2023,156013,5621 Windhover Dr.,51000,Hotel,Participating,85.8,159.5,258.3,66,,,,POINT (28.57802464 -81.32039484)
2023,146016,4635  34Th St,83885,Warehouse,Not Participating,,,,,,,,POINT (28.36470653 -81.24705862)
2023,175009,7500  Municipal Dr- Bldg 1,52489,Warehouse,Not Participating,,,,,,,,POINT (28.47208672 -81.46194446)
2023,210003,1333 Lake Baldwin Ln,74716,Multifamily Housing,Not Participating,,,,,,,,
2023,VC501001,10771 Palmbay Drive Ringhaver Drive,44080,Distribution Center,Participating,10.7,29.9,52.4,66,,,,
2023,134005,3451 W Princeton St,67500,Wholesale Club/Supercenter,Participating,116.6,339.9,875,2,,,,POINT (28.56970914 -81.35633825)
2023,158021,"5867 Vista East Pkwy, #1306",125085,Distribution Center,Participating,1.1,2.9,15.6,100,,,,POINT (28.57802464 -81.32039484)
2023,125015,2501 N Orange Ave Bldg 2,134443,Office Medical Bldg,Not Participating,,,,,,,,POINT (28.56970914 -81.35633825)
2023,111016,1111 N Orange Ave,61398,Theater/Auditorium,Exempt for 2023 Compliance Season,,,,,,,,
2023,312001,125 E Pine St,641119,Condo,Participating,12.2,34.1,868.9,100,,,,
2023,181001,815 Herndon Ave,63733,Worship,Exempt for 2023 Compliance Season,,,,,,,,POINT (28.47208672 -81.46194446)
2023,192002,108 W Miller St- Garage B,192002,Parking,Not Participating,,,,,,,,
2023,175006,7550 Augusta National Dr,113908,Hotel,Not Participating,,,,,,,,POINT (28.47208672 -81.46194446)
2023,141001,4121 34Th St,84562,Warehouse,Not Participating,,,,,,,,POINT (28.56970914 -81.35633825)
2023,176002,7601 Kingspointe Pkwy,98361,Distribution Center,Not Participating,,,,,,,,POINT (28.47208672 -81.46194446)
2023,220001,20 S Lucerne Cir W,224795,Multifamily Housing,Participating,30,80.1,727,91,,,,POINT (28.56970914 -81.35633825)
2023,251003,512  Margaret Ct,67200,Multifamily Housing,Not Participating,62.1,150.8,365.2,12,,,,POINT (28.5084768 -81.43230453)
2023,160024,601 E Rollins St- Bldg 20,247708,Hospital,Not Participating,,,,,,,,POINT (28.57802464 -81.32039484)
2023,151005,5159 L B Mcleod Rd,73760,Warehouse,Not Participating,,,,,,,,POINT (28.5084768 -81.43230453)
2023,110023,10425 S Orange Ave,131930,Non-Refrigerated Warehouse,Not Participating,,,,,,,,
2023,124009,2425 E Landstreet Rd- Bldg 2,55456,Distribution Center,Participating,11.2,40.9,69.3,67,,,,POINT (28.56970914 -81.35633825)
2023,175003,7500 Augusta National Dr,70408,Hotel,Not Participating,,,,,,,,POINT (28.47208672 -81.46194446)
2023,144006,4424 Seaboard Rd,56994,Warehouse,Not Participating,,,,,,,,POINT (28.56970914 -81.35633825)
2023,159011,5955 T G Lee Blvd,144976,Office,Not Participating,,,,,,,,POINT (28.57802464 -81.32039484)
2023,134010,3401 W D Judge Dr- Bldg 4,91836,Distribution,Not Participating,,,,,,,,POINT (28.56970914 -81.35633825)
2023,171009,7133 Municipal Dr,174714,Non-Refrigerated Warehouse,Not Participating,,,,,,,,POINT (28.47208672 -81.46194446)
2023,119009,1924 W Princeton St,52624,Warehouse,Not Participating,,,,,,,,POINT (28.56970914 -81.35633825)
2023,251002,515  Delaney Ave,92000,Multifamily Housing,Participating,70.6,182.5,622.7,4,,,,POINT (28.5084768 -81.43230453)
2023,115003,1500 Tradeport Dr,128154,Warehouse,Not Participating,,,,,,,,
2023,"132005,         132008",3220 Shader Rd,200000,Manufacturing/Industrial Plant,Participating,11,30.3,245.2,,,,,POINT (28.56970914 -81.35633825)
2023,163008,6300  Hollywood Way,815218,Hotel,Participating,126.2,254.7,7881.1,17,,,,POINT (28.57802464 -81.32039484)
2023,City Building,78 W Central,60000,Other - Public Services,Participating,46.8,130.9,317.8,,,,,POINT (28.47208672 -81.46194446)
2023,136005,3601 Silver Star Rd,103902,Manufacturing/Industrial Plant,Not Participating,,50.5,214.9,,,,,POINT (28.56970914 -81.35633825)
2023,213001,1874 Harmon Ave,322944,Multifamily Housing,Not Participating,,,,,,,,POINT (28.52722692 -81.39316308)
2023,154013,5445 Hazeltine National Dr,78245,Hotel,Participating,57,125.5,308.2,64,,,,POINT (28.57802464 -81.32039484)
2023,145004,4501 Parkway Commerce Blvd,51374,Warehouse,Not Participating,,,,,,,,POINT (28.36583939 -81.27398547)
2023,159004,5905 International Dr,233110,Hotel,Participating,55.5,107.6,896.8,89,,,,POINT (28.57802464 -81.32039484)
2023,City Building,46 E Amelia St,326560,Parking,Participating,5.3,14.8,192.2,,,,,POINT (28.36470653 -81.24705862)
2023,130012,302 E Pine St,479948,Other,Not Participating,,4.3,85.2,,,,,POINT (28.56970914 -81.35633825)
2023,169004,6989 Lee Vista Blvd,68132,Parking,Not Participating,,323.4,0,,,,,POINT (28.47208672 -81.46194446)
2023,149013,4959 International Dr- Bldg 10,79778,Retail,Not Participating,,,,,,,,POINT (28.5084768 -81.43230453)
2023,110054,109 E Church St,116550,Parking,Not Participating,,,,,,,,
2023,159008,5946 Hazeltine National Dr,58198,Retail,Not Participating,,,,,,,,POINT (28.57802464 -81.32039484)
2023,159036,7125 Universal Blvd,1250175,Hotel,Not Participating,,,,,,,,POINT (28.47208672 -81.46194446)
2023,158009,5893 American Way,103788,Hotel,Not Participating,,164.1,566.9,,,,,POINT (28.57802464 -81.32039484)
2023,VC505901,5900 Lakehurst Dr,53199,Self-Storage Facility,Participating,1.3,3.5,7.6,,,,,POINT (28.57802464 -81.32039484)
2023,118012,1800 S Kirkman Rd- Bldg 3,58217,College/University,Participating,65.3,173.9,384.1,,,,,POINT (28.52722692 -81.39316308)
2023,120009,201 E Pine St,274540,Office,Participating,73.9,115.6,1457.3,80,,,,POINT (28.56970914 -81.35633825)
2023,127001,2716 Hazelhurst Ave,106780,Warehouse,Not Participating,,,,,,,,POINT (28.56970914 -81.35633825)
2023,189002,8963 Tradeport Dr- Bldg 401,56245,Warehouse,Not Participating,,,,,,,,POINT (28.47208672 -81.46194446)
2023,190008,901 Highland Ave - Bldg 8,71972,School-Private,Not Participating,,,,,,,,POINT (28.47208672 -81.46194446)
2023,146008,4607 Millenia Plaza Way,110650,Retail,Not Participating,,,,,,,,POINT (28.36470653 -81.24705862)
2023,City Building,11401 Boggy Creek Rd,1,Wastewater Treatment Plant,Pending Final Review,,,,,,,,
2023,126011,2661 Lake Baldwin Ln,75320,Senior Living Community,Not Participating,,,,,,,,POINT (28.56970914 -81.35633825)
2023,130020,304 W Colonial Dr,143209,Hotel,Participating,70.6,143.8,687.9,81,,,,POINT (28.56970914 -81.35633825)
2023,119005,191 E Pine St,150680,Hotel,Not Participating,,,766.1,,,,,POINT (28.52722692 -81.39316308)
2023,149006,4912 S John Young Pkwy,83523,Self-Storage Facility,Participating,7.9,21.6,73.5,,,,,POINT (28.5084768 -81.43230453)
2023,110016,1023 N Mills Ave,52125,Self-Storage Facility,Participating,10,69.6,57.8,,,,,
2023,155004,5575 S Semoran Blvd,66315,Office,Not Participating,,,,,,,,POINT (28.57802464 -81.32039484)
2023,149014,4953 International Dr- Bldg 11,82337,Retail,Not Participating,,,,,,,,POINT (28.5084768 -81.43230453)
2023,118017,1800 S Kirkman Rd- SSB,79725,College/University,Participating,71.3,171,633.7,,,,,POINT (28.52722692 -81.39316308)
2023,246004,4525 Emerson Park Dr- Bldg 13,70089,Multifamily Housing,Not Participating,,,,,,,,POINT (28.36583939 -81.27398547)
2023,136004,3600 Vineland Rd,116400,Office,Participating,25.6,95.7,0,22,,,,POINT (28.56970914 -81.35633825)
2023,City Building,1588 Park Center Drive,10800,Fire Station,Participating,56.4,157.8,68.9,,,,,POINT (28.52330561 -81.46954529)
2023,110001,1 S Orange Ave,72793,Office,Participating,88.7,272.1,717.9,7,,,,
2023,340002,401 E Robinson,51248,Condo,Not Participating,,,,,,,,POINT (28.56970914 -81.35633825)
2023,170006,7024 Augusta National Dr,99936,Hotel,Not Participating,,,,,,,,POINT (28.47208672 -81.46194446)
2023,131010,3191 Maguire Blvd,56368,Office,Participating,41.8,108.1,261.8,82,,,,POINT (28.56970914 -81.35633825)
2023,158006,5850 T G Lee Blvd,144976,Office,Not Participating,,,,,,,,POINT (28.57802464 -81.32039484)
2023,173001,730 N Magnolia Ave,113000,Hotel,Participating,72.3,153.3,572.1,75,,,,POINT (28.47208672 -81.46194446)
2023,155017,55 W Gore St- Bldg 2,299871,Parking,Not Participating,,,,,,,,POINT (28.57802464 -81.32039484)
2023,310005,10 N Summerlin Ave,76003,Condo,Not Participating,,,,,,,,
2023,120020,222 South Orange Avenue,151585,Office,Participating,26.3,95,439.6,,,,,POINT (28.56970914 -81.35633825)
2023,355001,5550 E Michigan St,274716,Condo,Not Participating,,,,,,,,POINT (28.57802464 -81.32039484)
2023,157014,5725 Major Blvd,158784,Vehicle Dealership,Participating,51.8,139.4,914,,,,,POINT (28.57802464 -81.32039484)
2023,170004,701 S Kirkman Rd- Bldg 5,52800,Non-Refrigerated Warehouse,Not Participating,,,0,,,,,POINT (28.47208672 -81.46194446)
2023,156012,5620 Major Blvd,65758,Hotel,Participating,52.1,106.8,253.8,61,,,,POINT (28.57802464 -81.32039484)
2023,"120005,      120004,       120021",200 South Orange Avenue,741082,Office,Participating,62.8,177.4,5177.7,82,,,,POINT (28.56970914 -81.35633825)
2023,137002,37 N Orange Ave,100323,Office,Participating,51.8,143.2,577.3,94,,,,POINT (28.56970914 -81.35633825)
2023,City Building,100 George De Salvia Way,68045,Other,Participating,59.9,57.6,450.1,,,,,
2023,156005,5605 Major Blvd,95931,Hotel,Participating,75.1,155.2,473.3,32,,,,POINT (28.57802464 -81.32039484)
2023,110007,1000 Mid Florida Dr,154000,Distribution Center,Participating,14.9,40.9,255.8,50,,,,
2023,156010,5615 Major Boulevard,55000,Hotel,Participating,67.8,153.2,269.9,65,,,,POINT (28.57802464 -81.32039484)
2023,167004,6723 Adventure Way,403936,Hotel,Not Participating,,,,,,,,POINT (28.53968028 -81.38388612)
2023,158012,5828 Hazeltine National Dr,87517,Hotel,Not Participating,,,,,,,,POINT (28.57802464 -81.32039484)
2023,215002,1460 Alden Rd,548125,Multifamily Housing,Not Participating,,,1760,,,,,
2023,134001,3403 E Colonial Dr,1385794,Enclosed Mall,Participating,7.6,21.4,1175.9,78,,,,POINT (28.56970914 -81.35633825)
2023,145006,4506 L B Mcleod Rd,81345,Warehouse,Not Participating,,,,,,,,POINT (28.36583939 -81.27398547)
2023,165018,6515 International Dr- Bldg 5,74660,Hotel,Participating,42.5,115.3,353.7,64,,,,POINT (28.53968028 -81.38388612)
2023,City Building,185 George Desalvia Way,91868,Other - Technology/Science,Participating,43.3,117.7,441.8,,,,,POINT (28.52722692 -81.39316308)
2023,City Building,595 N Primrose Dr,43700,Office,Participating,38.9,104.8,192.7,67,,,,POINT (28.57802464 -81.32039484)
2023,130007,3001 Directors Row,50000,Distribution Center,Not Participating,0,0,0,100,,,,POINT (28.56970914 -81.35633825)
2023,231001,315 W Concord St  Unit 1,195794,Multifamily Housing,Not Participating,,,,,,,,POINT (28.56970914 -81.35633825)
2023,111006,11100 Boggy Creek Rd- Bldg 7,61149,Distribution Center,Participating,13.8,38,93.5,86,,,,
2023,146015,4696 Gardens Park Blvd,165452,Supermarket/Grocery Store,Not Participating,,393,2283.5,,,,,POINT (28.36470653 -81.24705862)
2023,124013,2475 Lynx Ln- Bldg A,102977,"Repair Services (Vehicle, Shoe, Locksmith, etc)",Participating,49.4,141.2,566.4,,,,,POINT (28.56970914 -81.35633825)
2023,175013,7501  Municipal Dr- Bldg 2,80000,Warehouse,Not Participating,,,,,,,,POINT (28.47208672 -81.46194446)
2023,156004,6870 Grand National D- Bldg1,52000,Retail Store,Participating,,,,,,,,POINT (28.47208672 -81.46194446)
2023,157015,5710 Young Pine Rd,109829,Warehouse,Not Participating,,,,,,,,POINT (28.57802464 -81.32039484)
2023,110044,106 E Church St-Bldg 4,65030,Worship,Not Participating,,,,,,,,
2023,118018,1800 S Kirkman Rd- Bldg 11,106072,College/University,Participating,35.9,92.3,423.9,,,,,POINT (28.52722692 -81.39316308)
2023,"226007,       226008",2680 N Orange Ave,328996,Multifamily Housing,Exempt for 2023 Compliance Season,15.6,43.6,569.2,100,,,,POINT (28.56970914 -81.35633825)
2023,153007,5337 Millenia Lakes Blve,111356,Office,Not Participating,,,790.9,,,,,POINT (28.5084768 -81.43230453)
2023,145011,4560 L B Mcleod Rd,77204,Warehouse,Not Participating,,,,,,,,POINT (28.36470653 -81.24705862)
2023,City Building,800 Delaney Avenue,33246,Social/Meeting Hall,Participating,2.3,6.6,8.8,,,,,POINT (28.47208672 -81.46194446)
2023,156009,5614 Vineland Rd,58684,Hotel,Participating,74.4,134.2,302.2,32,,,,POINT (28.57802464 -81.32039484)
2023,130015,3061 Mercy Dr,61664,Warehouse,Not Participating,,,,,,,,POINT (28.56970914 -81.35633825)
2023,142007,2424 Mcrae Ave,453559,Hospital,Not Participating,,,,,,,,POINT (28.56970914 -81.35633825)
2023,VC509101,9143 Boggy Creek Road,48695,Distribution Center,Participating,6,16.2,32.3,89,,,,POINT (28.47208672 -81.46194446)
2023,248005,4807 Millenia Palms Dr- Bldg 3,53428,Multifamily Housing,Not Participating,,,,,,,,POINT (28.5084768 -81.43230453)
2023,120013,209 E Robinson St,121337,Other,Participating,1.5,4,19.7,,,,,POINT (28.56970914 -81.35633825)
2023,161001,6100 Old Park Ln,69811,Office Low-Rise,Not Participating,,,,,,,,POINT (28.57802464 -81.32039484)
2023,100002,Jeff Fuqua Blvd,171360,Parking,Not Participating,,,,,,,,POINT (28.47208672 -81.46194446)
2023,165019,6550  Adventure Way-Building 2,131528,Hotel,Not Participating,,,,,,,,POINT (28.53968028 -81.38388612)
2023,141018,4170 South Airside Dr- Bldg 490,73738,Warehouse,Not Participating,,,,,,,,POINT (28.56970914 -81.35633825)
2023,159029,6003 Pershing Ave,65567,Office,Participating,41.8,100,304.9,79,The engineer building is a two story property that is mainly used as office space.,,,POINT (28.57802464 -81.32039484)
2023,110021,10355 S Orange Ave,94904,Retail Store,Participating,14.7,49,154.9,44,,,,
2023,121010,2110 S Division Ave Bldg 1,51768,Warehouse,Not Participating,,,,,,,,POINT (28.56970914 -81.35633825)
2023,165024,6550  Adventure Way- Building 10,225948,Hotel,Not Participating,,,,,,,,POINT (28.53968028 -81.38388612)
2023,113013,1350  Tradeport Dr,112354,Warehouse,Not Participating,,,,,,,,
2023,180003,801 N Magnolia Ave,54000,Office,Not Participating,,,,,,,,POINT (28.47208672 -81.46194446)
2023,171006,7155 North Frontage Rd,86192,Hotel,Not Participating,,111.7,336.4,,,,,POINT (28.47208672 -81.46194446)
2023,241001,4150 Eastgate Dr- Bldg 2,282806,Multifamily Housing,Participating,160.1,107,5034,1,Parking garage building ID:241002,,,POINT (28.56970914 -81.35633825)
2023,147003,4750 Millenia Plaza Way,184526,Retail Store,Participating,81.1,172.7,1483,53,,,,POINT (28.36470653 -81.24705862)
2023,241002,4150 Eastgate Dr- Bldg 5,148452,Parking Garage,Not Participating,,,,,,,,POINT (28.56970914 -81.35633825)
2023,126002,2600 Shader Rd,118976,Warehouse,Not Participating,,,,,,,,POINT (28.56970914 -81.35633825)
2023,170012,7141 S Kirkman Rd- Bldg 2,136762,Office,Not Participating,,,,,,,,POINT (28.47208672 -81.46194446)
2023,125008,2501 N Orange Ave Bldg 1,642456,Office Pof Svc Bldg,Not Participating,,,,,,,,POINT (28.56970914 -81.35633825)
2023,140015,4092 Eastgate Dr,309000,Wholesale Club/Supercenter,Participating,67.4,104.1,1889.5,39,,,,POINT (28.56970914 -81.35633825)
2023,170002,7000 Kingspointe Pkwy,160151,Distribution Center,Not Participating,0,0,0,100,,,,POINT (28.47208672 -81.46194446)
2023,270001,7010 Lake Nona Blvd,386229,Multifamily Housing,Participating,20.8,56.7,884.3,100,,,,POINT (28.47208672 -81.46194446)
2023,132010,3224 President Barack Obama Parkway-Bldg B,117351,Warehouse,Exempt for 2023 Compliance Season,,,,,,,,POINT (28.56970914 -81.35633825)
2023,226001,2691 Charleston Town Pl- Bldg 5,85761,Multifamily Housing,Not Participating,,,,,,,,POINT (28.56970914 -81.35633825)
2023,136012,3671 Old Winter Garden Rd- Bldg 8,79187,Warehouse,Not Participating,,,,,,,,POINT (28.56970914 -81.35633825)
2023,139004,3902 Millenia Blvd,68904,Office,Not Participating,,,,,,,,POINT (28.56970914 -81.35633825)
2023,132002,3200 Mercy Dr,146566,Non-Refrigerated Warehouse,Not Participating,3.7,22.9,121.8,95,,,,POINT (28.56970914 -81.35633825)
2023,221001,2121 S Hiawassee Rd,516590,Multifamily Housing,Not Participating,,,,,,,,POINT (28.56970914 -81.35633825)
2023,216008,1650 N Mills Ave- Bldg 2,176021,Other,Participating,5.5,15.4,108.2,,,,,POINT (28.52722692 -81.39316308)
2023,232001,3219 S Orange Ave,340112,Multifamily Housing,Exempt for 2023 Compliance Season,,42.5,494.5,,,,,POINT (28.56970914 -81.35633825)
2023,160018,605 E Robinson St,84000,Office,Participating,43.1,123.1,386.4,79,,,,POINT (28.57802464 -81.32039484)
2023,275003,750 N Orange Ave,255882,Multifamily Housing,Not Participating,,,,,,,,POINT (28.47208672 -81.46194446)
2023,151002,5112 E Colonial Dr,60897,Retail,Not Participating,,,,,,,,POINT (28.5084768 -81.43230453)
2023,277002,777 N Orange Ave-Bldg 2,215175,Parking Garage,Not Participating,,,,,,,,POINT (28.47208672 -81.46194446)
2023,217002,1915 Lakemont Avenue,446133,Multifamily Housing,Participating,30,85.6,1486.8,97,,,,POINT (28.52722692 -81.39316308)
2023,176001,7600 Kingspointe Pkwy,105090,Warehouse,Not Participating,,,,,,,,POINT (28.47208672 -81.46194446)
2023,City Building,1025 W Grand St,15120,Office,Participating,28.9,79.7,49.5,53,,,,
2023,184001,8401 Casa Verde Rd- Blgd 835,64817,Warehouse,Not Participating,,,,,,,,POINT (28.47208672 -81.46194446)
2023,170003,7007 Narcoossee Rd,102513,Retail Store,Participating,36.9,95.4,421,90,,,,POINT (28.47208672 -81.46194446)
2023,172007,724 Herndon Ave,50860,Retail Store,Participating,46.5,130.3,263.8,54,,,,POINT (28.47208672 -81.46194446)
2023,153003,5401 S Kirkman Rd,92781,Office,Participating,56.7,168.3,552.2,65,,,,POINT (28.5084768 -81.43230453)
2023,125011,2544 E Landstreet Rd,62456,Distribution Center,Participating,17.9,46.5,124.6,41,,,,POINT (28.56970914 -81.35633825)
2023,142004,4201 Shader Rd,193398,Warehouse,Not Participating,,,,,,,,POINT (28.56970914 -81.35633825)
2023,175002,750 S Orange Blossom Trail,59341,Office,Participating,22,63,145.3,95,,,,POINT (28.47208672 -81.46194446)
2023,135007,3505 E Colonial Dr,205857,Retail Store,Participating,34.1,95.5,775.1,58,,,,POINT (28.56970914 -81.35633825)
2023,220002,2000  Hillcrest St,109430,Multifamily Housing,Not Participating,,,,,,,,POINT (28.56970914 -81.35633825)
2023,158011,5835 T G Lee Blvd,140138,Hotel,Not Participating,,170.8,828.6,,,,,POINT (28.57802464 -81.32039484)
2023,193002,9391 Tradeport Dr- Bldg 443,55632,Warehouse,Not Participating,,,,,,,,POINT (28.47208672 -81.46194446)
2023,145017,455 N Garland Ave Bldg 2,85823,Office,Participating,113.3,287.5,1083.7,25,,,,POINT (28.36470653 -81.24705862)
2023,141008,4105 Seaboard Rd,123016,Warehouse,Not Participating,,,,,,,,POINT (28.56970914 -81.35633825)
2023,110031,10805 Southport Dr,74214,Non-Refrigerated Warehouse,Participating,15.2,15.3,0,51,,,,
2023,150001,500 W Livingston St,133441,College/University,Not Participating,,,,,,,,POINT (28.5084768 -81.43230453)
2023,167006,6700  Shadowridge Dr,57115,Warehouse,Not Participating,,,,,,,,POINT (28.53968028 -81.38388612)
2023,149008,490 E South St,68945,Other,Not Participating,,,,,,,,POINT (28.5084768 -81.43230453)
2023,112011,12350  Narcoossee Rd- Main Bldg,89750,College/University,Participating,,155.1,659.4,,,,,
2023,146006,4603 W Colonial Dr,52276,Fairgrounds,Not Participating,,,,,,,,POINT (28.36470653 -81.24705862)
2023,233002,335 N Magnolia Ave - Bldg 2,160416,Parking Garage,Not Participating,,,,,,,,POINT (28.56970914 -81.35633825)
2023,110029,10701 Central Port Dr,604094,Warehouse,Not Participating,,,,,,,,
2023,157010,5780 Carrier Dr,65188,Warehouse,Not Participating,,,,,,,,POINT (28.57802464 -81.32039484)
2023,149017,4901  Vineland Rd,154470,Office,Participating,66.3,209.4,1137.8,57,"The SF of the ASC has been excluded because it meets the following 4 requirements: * The excluded space must be less than 10% of the building's Gross Floor Area (GFA). * The excluded space must not be a property type eligible to receive an ENERGY STAR score. * The excluded space must be sub-metered so that both the excluded space's floor area and energy consumption can be excluded. * The excluded space's energy use patterns must be significantly different than those of the rest of the building (e.g., a cell phone tower on a building), or a large restaurant on the ground floor of an Office building).",,,POINT (28.5084768 -81.43230453)
2023,"219000,       219002,       291005,       291006",9100 Dowden Road,286500,Multifamily Housing,Participating,33.4,90.6,1063.3,69,"Includes data for Orlando Building ID's 219000, 219002, 291005 and 291006 4/26/21-RM-2020 Water consumption reduced by cGal billed back to off-site commercial properties. These properties are not included in this property but share a master meter due to previously being part of 1 lot. 4/20/22- JT- Off-site strip mall water usage can be gathered by generating a report from non Voyager database. Property Codes: p0065478, p0065479, p0065480,",,,POINT (28.47208672 -81.46194446)
2023,125012,255 South Orange Avenue,322040,Office,Participating,66.6,191.1,2385.8,53,,,,POINT (28.56970914 -81.35633825)
2023,132011,3212 President Barack Obama Parkway-Bldg C,126169,Warehouse,Exempt for 2023 Compliance Season,,,,,,,,POINT (28.56970914 -81.35633825)
2023,114002,1400 S Orange Ave,242394,Hospital,Not Participating,,,,,,,,
2023,VC505802,5800 Dolphin Drive,150279,Multifamily Housing,Participating,69.7,190.1,1164,19,,,,POINT (28.57802464 -81.32039484)
2023,141014,4152 Conroy Rd,236907,Retail Store,Participating,43.1,48.4,1136.9,70,,,,POINT (28.56970914 -81.35633825)
2023,165022,6550  Adventure Way- Building 3,133782,Hotel,Not Participating,,,,,,,,POINT (28.53968028 -81.38388612)
2023,141012,4134 Bear Rd,191818,Airplane Hanger,Not Participating,,,,,,,,POINT (28.56970914 -81.35633825)
2023,226005,2650 Dade Ave- Bldg 1,300956,Multifamily Housing,Not Participating,,,,,,,,POINT (28.56970914 -81.35633825)
2023,120018,20 N Orange Ave- Bldg 2,159031,Parking,Not Participating,,10.4,68.8,,Building use is a maintenance room in the parking garage.,,,POINT (28.56970914 -81.35633825)
2023,157007,5753 Hoffner Ave,67352,Self-Storage Facility,Participating,0.6,8.9,4.6,,"This is a compartmentalized storage facility, which explains the low EUI.",,,POINT (28.57802464 -81.32039484)
2023,145002,450 South Orange Avenue,363030,Office,Participating,76.8,120.9,2098.8,75,,,,POINT (28.36583939 -81.27398547)
2023,130023,3000 S John Young Pkwy Bldg 23,53889,Religious,Not Participating,,,,,,,,POINT (28.56970914 -81.35633825)
2023,100003,9301 Jeff Fuqua Blvd,223074,Warehouse,Not Participating,,,,,,,,POINT (28.47208672 -81.46194446)
2023,114005,142 E Jackson St- M & E Bldg,103220,Worship Facility,Participating,31.5,85.3,356.3,63,,,,
2023,140004,400 W Livingston St,247985,Hotel,Not Participating,,,,,,,,POINT (28.56970914 -81.35633825)
2023,213002,1874 Harmon Ave,352580,Multifamily Housing,Exempt for 2023 Compliance Season,20.6,54.4,809,100,,,,POINT (28.52722692 -81.39316308)
2023,129005,2900 Mercy Dr Bldg 1,145000,"Repair Services (Vehicle, Shoe, Locksmith, etc)",Participating,4.3,11.9,68.9,,Fleet Shop on same property as Manufacturing plant.,,,POINT (28.56970914 -81.35633825)
2023,158019,5800 Universal Blvd,493000,Hotel,Participating,162.6,301.3,3976.5,11,,,,POINT (28.57802464 -81.32039484)
2023,124011,2444 Tradeport Dr,265150,Distribution Center,Participating,62,181.1,1827.8,1,,,,POINT (28.56970914 -81.35633825)
2023,133007,3362 All American Blvd,117974,Warehouse,Not Participating,,,,,,,,POINT (28.56970914 -81.35633825)
2023,148006,4875 Cason Cove Dr,63233,Senior Living Community,Participating,138.5,327.1,785.8,16,,,,POINT (28.5084768 -81.43230453)
2023,110025,10300 Boggy Creek Rd- Bldg 1,442670,Warehouse,Not Participating,,,,,,,,
2023,169006,6900 Lake Nona Blvd- Bldg 2,17578,College/University,Not Participating,,,,,,,,POINT (28.47208672 -81.46194446)
2023,158014,5900 Universal Blvd- B5,57775,Mixed Use Property,Participating,42.6,115.7,274.4,,,,,POINT (28.57802464 -81.32039484)
2023,168001,6800 Kingspointe Pkwy,172400,Non-Refrigerated Warehouse,Participating,32,89.5,612.7,12,,,,POINT (28.53968028 -81.38388612)
2023,167009,6718 Lake Nona Blvd- Bldg 1,50000,Medical Office,Not Participating,,,109.6,,,,,POINT (28.53968028 -81.38388612)
2023,165009,6550 Adventure Way,1545550,Hotel,Not Participating,68,121,7274.4,82,,,,POINT (28.53968028 -81.38388612)
2023,145008,4520 36Th St,97150,Warehouse,Exempt for 2023 Compliance Season,,,,,,,,POINT (28.36583939 -81.27398547)
2023,110032,"10850 Lee Vista Blvd, Ctr #1301",141810,Distribution Center,Participating,0.2,1.2,2.8,100,,,,
2023,149018,4973 International Dr- Bldg 7,201339,Retail,Not Participating,,,,,,,,POINT (28.5084768 -81.43230453)
2023,134004,3450 Vineland Rd,58258,Warehouse,Not Participating,,,,,,,,POINT (28.56970914 -81.35633825)
2023,144008,4455 Dardanelle Dr,52082,Warehouse,Not Participating,,,,,,,,POINT (28.56577213 -81.32712568)
2023,112004,1216 W Amelia St,57752,Warehouse,Not Participating,,,,,,,,
2023,154003,5422 Carrier Dr,90892,Office,Not Participating,,,,,,,,POINT (28.5084768 -81.43230453)
2023,184002,8420 Boggy Creek Rd,70362,Distribution Center,Not Participating,0,0,0,100,,,,POINT (28.47208672 -81.46194446)
2023,167003,675 S Semoran Blvd,55353,Retail,Not Participating,,,,,,,,POINT (28.53968028 -81.38388612)
2023,122000,2250 S Semoran Blvd,71996,Inst -Retirement Lg,Not Participating,,,,,,,,POINT (28.56970914 -81.35633825)
2023,City Building,3691 Millenia Blvd,10000,Other - Public Services,Participating,29.6,81.1,33.5,,,,,POINT (28.56970914 -81.35633825)
2023,133005,333 W Michigan St,75352,Warehouse,Not Participating,,,,,,,,POINT (28.56970914 -81.35633825)
2023,131005,315 E Robinson St,231661,Office,Not Participating,38,101.6,980.6,78,,,,POINT (28.56970914 -81.35633825)
2023,155013,2328 Alden Rd,94560,Parking,Not Participating,,,,,,,,POINT (28.56970914 -81.35633825)
2023,113001,1312 W Washington St,66282,Warehouse,Not Participating,,,,,,,,
2023,159038,5940 Caravan Court,143278,Hotel,Participating,75.3,162.4,726.6,66,,,,POINT (28.57802464 -81.32039484)
2023,166002,5877 American Way,83520,Hotel,Participating,93.9,185.6,503.4,47,,,,POINT (28.57802464 -81.32039484)
2023,149024,4967  International Dr- Bldg 1,157609,Retail,Not Participating,,,,,,,,POINT (28.5084768 -81.43230453)
2023,City Building,400 S. Orange Ave,268963,Office,Participating,73,130.4,1599.9,70,,,,POINT (28.56970914 -81.35633825)
2023,156017,5601  Universal Blvd- Bldg 1,814349,Hotel,Participating,118.2,252.4,6801.9,33,,,,POINT (28.57802464 -81.32039484)
2023,125002,25 W Crystal Lake St- Bldg B,104443,Strip Mall,Participating,60.7,131.9,588.9,,,,,POINT (28.56970914 -81.35633825)
2023,124019,245 E Ridgewood St,164292,Parking Garage,Not Participating,,,,,,,,POINT (28.56970914 -81.35633825)
2023,315003,155 S Court Ave,293018,Condo,Not Participating,,,,,,,,
2023,122008,222 S. Orange Ave,151585,Office High- Rise,Exempt for 2023 Compliance Season,,,,,,,,POINT (28.56970914 -81.35633825)
2023,251001,5112  Millenia Waters Dr,1095853,Multifamily Housing,Participating,8.3,89.3,1010.4,100,,,,POINT (28.5084768 -81.43230453)
2023,118004,1820 Michigan Ave,187958,Worship,Not Participating,,,,,,,,POINT (28.52722692 -81.39316308)
2023,142010,4298 Millenia Blvd,276000,Retail Store,Participating,34.6,98.2,1149.9,92,,,,POINT (28.56970914 -81.35633825)
2023,128007,2855  Mcrae Ave,423043,Parking Garage,Not Participating,,,,,,,,POINT (28.56970914 -81.35633825)
2023,141023,4141 N John Young Pkwy Bldg 1,80121,Warehouse,Not Participating,,,,,,,,POINT (28.56970914 -81.35633825)
2023,126009,2691 Dardanelle Dr,107190,Warehouse,Not Participating,,,,,,,,POINT (28.56970914 -81.35633825)
2023,130029,3015  Coast Line Dr Bldg 5,571350,Warehouse,Not Participating,,,,,,,,POINT (28.56970914 -81.35633825)
2023,391001,911 N Orange Ave,218233,Condominium,Not Participating,,,,,,,,POINT (28.47208672 -81.46194446)
2023,122001,2222 Diversified Way,110000,Manufacturing/Industrial Plant,Participating,0.9,6.3,10.5,,,,,POINT (28.56970914 -81.35633825)
2023,159010,5950 Hazeltine National Dr,144976,Office,Not Participating,,,,,,,,POINT (28.57802464 -81.32039484)
2023,153008,5323 Millenia Lakes Blvd,111356,Office,Not Participating,,,473.6,,,,,POINT (28.5084768 -81.43230453)
2023,164003,6457 Hazeltine National Dr,61795,Office,Participating,30.4,135.8,208.5,87,,,,POINT (28.53968028 -81.38388612)
2023,144024,4492 36Th St (33-Ind. Ctr. 4),47000,Distribution Center,Not Participating,1.1,2.9,5.8,100,,,,POINT (28.36583939 -81.27398547)
2023,168018,6800 Lakewood Plaza Dr Bldg 1,48937,Non-Refrigerated Warehouse,Participating,2182.3,3033.2,2695.1,1,,,,POINT (28.53968028 -81.38388612)
2023,148005,4850 Millenia Blvd,60021,College/University,Not Participating,,219.2,515.4,,,,,POINT (28.5084768 -81.43230453)
2023,159017,5900 Universal Blvd- B4,75153,Mixed Use Property,Participating,136,400.3,1138.8,,,,,POINT (28.57802464 -81.32039484)
2023,172008,7273 Universal Blvd,50119,Hotel,Not Participating,,,,,,,,POINT (28.47208672 -81.46194446)
2023,125013,2500 W Church St,61216,Multifamily Housing,Not Participating,,,,,,,,POINT (28.56970914 -81.35633825)
2023,193001,9300 Jeff Fuqua Blvd- Bldg 2,535400,Hotel,Participating,76.8,131.5,2454.3,63,Our property has been under renovation since April 2018.,,,POINT (28.47208672 -81.46194446)
2023,173002,7300 Augusta National Drive,78000,Hotel,Participating,73.4,157.5,412.7,68,,,,POINT (28.47208672 -81.46194446)
2023,173008,7350  Hazeltine National Dr- Bldg 2,51705,Warehouse,Not Participating,,,,,,,,POINT (28.47208672 -81.46194446)
2023,340001,400 E Colonial Dr,174282,Condo,Not Participating,,,,,,,,POINT (28.56970914 -81.35633825)
2023,158001,5883  Turkey Lake Rd- B110,64000,Office,Participating,35.3,100.2,259.7,90,,,,POINT (28.57802464 -81.32039484)
2023,110066,8050 Vista Reserve Blvd,324008,Warehouse,Not Participating,,,,,,,,POINT (28.47208672 -81.46194446)
2023,169003,6918 Presidents Dr,80000,Distribution Center,Not Participating,0,0,0,100,,,,POINT (28.47208672 -81.46194446)
2023,363001,6312 Buford St,20000,Other - Lodging/Residential,Not Participating,,,0,,,,,POINT (28.57802464 -81.32039484)
2023,176003,7680 Universal Blvd,114024,Office,Not Participating,,,,,,,,POINT (28.47208672 -81.46194446)
2023,140001,400 E South St,60060,Office,Participating,69.8,178.5,466.3,42,,,,POINT (28.56970914 -81.35633825)
2023,172009,7199 Conway Rd- Bldg C,97538,Distribution Center,Participating,34,89.2,369.8,10,,,,POINT (28.47208672 -81.46194446)
2023,136010,3670  8Th St,478400,Refrigerated Warehouse,Participating,4.9,13.7,260.8,,,,,POINT (28.56970914 -81.35633825)
2023,164002,6400  Sanger Rd,198901,Warehouse,Not Participating,,,,,,,,POINT (28.53968028 -81.38388612)
2023,112002,120 W Grant St Bldg 1,184784,Retail Store,Participating,79.3,220.6,1425.6,50,,,,
2023,124006,2420 Lakemont Ave,165732,Office,Participating,35.5,79.9,660.6,91,,,,POINT (28.56970914 -81.35633825)
2023,149021,4963 International Dr- Bldg 3,63464,Retail,Not Participating,,,,,,,,POINT (28.5084768 -81.43230453)
2023,174004,7443 Emerald Dunes Dr- Business Ctr. D,109704,Distribution Center,Not Participating,,10.1,44.2,,,,,POINT (28.47208672 -81.46194446)
2023,229001,295 N Ivanhoe Blvd E,335619,Multifamily Housing,Participating,,65.7,1147.5,,,,,POINT (28.56970914 -81.35633825)
2023,142005,4210 L.B. Mcleod Road- (33 Ind. Ctr. 8),65000,Non-Refrigerated Warehouse,Not Participating,8.3,22.2,59.8,80,,,,POINT (28.56970914 -81.35633825)
2023,171002,7100 Municipal Dr,104977,Office,Not Participating,,182.5,710.9,,,,,POINT (28.47208672 -81.46194446)
2023,City Building,401 W Amelia St,471500,Parking,Pending Final Review,,,,,,,,POINT (28.56970914 -81.35633825)
2023,VC502717,2712 E Colonial Dr (Units 1-7),33660,Strip Mall,Participating,54.5,140.6,178.6,,,,,POINT (28.56970914 -81.35633825)
2023,124007,2420 Lynx Ln Unit 2,50112,Non-Refrigerated Warehouse,Participating,11.3,24.9,62.9,,,,,POINT (28.56970914 -81.35633825)
2023,City Building,400 S Rio Grande Ave,1075293,Stadium (Open),Participating,19.5,54.6,2418.7,,,,,POINT (28.56970914 -81.35633825)
2023,158013,5858  Universal Studios Plz- B32,79286,Office,Participating,85.2,104.9,550.1,70,,,,POINT (28.57802464 -81.32039484)
2023,255001,55 West Church St,521129,Multifamily Housing,Participating,38.9,593.5,2256,64,,,,POINT (28.57802464 -81.32039484)
2023,174002,7414 Kingspointe Pkwy,175922,Warehouse,Not Participating,,,,,,,,POINT (28.47208672 -81.46194446)
2023,"180007,       180008",800 N. Magnolia Avenue,395322,Office,Participating,35.8,95.5,1575,89,,,,POINT (28.47208672 -81.46194446)
2023,130027,3015  Coast Line Dr Bldg 3,179709,Warehouse,Not Participating,,,,,,,,POINT (28.56970914 -81.35633825)
2023,140010,4020 Curry Ford Rd,79553,Self-Storage Facility,Participating,11.2,31.8,88.7,,,,,POINT (28.56970914 -81.35633825)
2023,118011,1800 S Kirkman Rd- Bldg 2,51120,College/University,Participating,76.6,214.4,436.3,,,,,POINT (28.52722692 -81.39316308)
2023,122004,2251 Mercy Dr,56460,Distribution Center,Not Participating,,22.1,51.2,,,,,POINT (28.56970914 -81.35633825)
2023,145024,4542 L B Mcleod Rd,78348,Warehouse,Not Participating,,,,,,,,POINT (28.36470653 -81.24705862)
2023,162006,6252 Lee Vista Blvd,66229,Warehouse,Not Participating,,,,,,,,POINT (28.57802464 -81.32039484)
2023,130011,3019 Mercy Dr,158579,Warehouse,Not Participating,,,,,,,,POINT (28.56970914 -81.35633825)
2023,120001,2 S Orange Ave,74435,Office/bars/retail,Not Participating,,,,,,,,POINT (28.56970914 -81.35633825)
2023,141020,4187 34th St- (33 Ind. Ctr. 5),42863,Distribution Center,Not Participating,6,16.4,0,89,,,,POINT (28.56970914 -81.35633825)
2023,154009,5460 Gateway Village Cir,107231,Hotel,Participating,66.3,144.4,507.9,75,,,,POINT (28.57802464 -81.32039484)
2023,386001,860 N. Orange Ave,242365,Multifamily Housing,Participating,36.2,100.2,974.2,73,,,,POINT (28.47208672 -81.46194446)
2023,159007,5909 American Way,52046,Hotel/Lodging,Not Participating,,121.8,,,,,,POINT (28.57802464 -81.32039484)
2023,154004,5425 Gateway Village Cir,102946,Hotel,Not Participating,,146.6,530.6,,,,,POINT (28.5084768 -81.43230453)
2023,City Building,1400 Gaston Foster Road,16682,Social/Meeting Hall,Participating,107.2,300.1,202.5,,,,,
2023,171008,718 Maguire Blvd,114134,Retail Store,Participating,60.8,168.3,746.1,59,,,,POINT (28.47208672 -81.46194446)
2023,188003,8855 Tradeport Dr- Bldg 407,100400,Other,Participating,47.4,114.9,530.3,,,,,POINT (28.47208672 -81.46194446)
2023,156008,5610 Vineland Rd,50878,Hotel,Participating,64,124.1,223,37,,,,POINT (28.57802464 -81.32039484)
2023,138003,3826 Bryn Mawr St,173343,Bakery,Not Participating,,,,,,,,POINT (28.56970914 -81.35633825)
2023,165003,6500 International Dr - Bldg 1,83584,Hotel,Not Participating,,,,,,,,POINT (28.53968028 -81.38388612)
2023,132009,3200 President Barack Obama Parkway-Bldg A,207993,Warehouse,Exempt for 2023 Compliance Season,,,,,,,,POINT (28.56970914 -81.35633825)
2023,135011,3525  Gardens Ridge Way Bldg 2,59809,Retail Big Box MD,Not Participating,,,,,,,,POINT (28.56970914 -81.35633825)
2023,City Building,300 Liberty Ave,403920,Parking,Participating,3.6,10.2,163.4,,,,,POINT (28.56970914 -81.35633825)
2023,140020,404 E Jackson St,140020,Assisted Living Facility,Not Participating,,,,,,,,POINT (28.56970914 -81.35633825)
2023,161004,615 E Princeton St,50574,Medical Office,Not Participating,,,,,,,,POINT (28.57802464 -81.32039484)
2023,311001,1110 Sw Ivanhoe Blvd,120678,Condo,Not Participating,,,,,,,,
2023,341001,4177 N Orange Blossom Trl,88020,Condo,Not Participating,,,,,,,,POINT (28.56970914 -81.35633825)
2023,154006,5440 Forbes Pl,70107,Hotel,Participating,74.3,147.7,366.7,71,,,,POINT (28.57802464 -81.32039484)
2023,124001,2400 S Division Ave,64084,Non-Refrigerated Warehouse,Participating,18,48.1,128.1,51,,,,POINT (28.56970914 -81.35633825)
2023,120006,2000 E Landstreet Rd,355732,Distribution Center,Participating,24.9,77.2,985.6,43,,,,POINT (28.56970914 -81.35633825)
2023,175017,7501 Municipal Dr- Bldg 1,91882,Warehouse,Not Participating,,,,,,,,POINT (28.47208672 -81.46194446)
2023,165020,6500 International Dr- Bldg 4,157078,Hotel,Not Participating,,,,,,,,POINT (28.53968028 -81.38388612)
2023,165005,6515 International Dr,52845,Hotel,Participating,107.9,297.3,635.2,1,,,,POINT (28.53968028 -81.38388612)
2023,159006,5911 Turkey Lake Rd,61137,Office,Participating,14.7,36.4,100.2,100,,,,POINT (28.57802464 -81.32039484)
2023,110028,10601 Southport Dr,292000,Distribution Center,Participating,7.6,16,246.1,74,,,,
2023,214001,4688 New Broad St,764428,Multifamily Housing,Participating,,86.1,2636.4,,"For Orlando Benchmarking, this is a campus-style submission for the following Building IDs: 210003 210009 210010 214001 217001 219001",,,POINT (28.36470653 -81.24705862)
2023,189003,8989 S Orange Ave,201136,Non-Refrigerated Warehouse,Participating,33.3,90.7,746.2,18,,,,POINT (28.47208672 -81.46194446)
2023,146007,4605 L B Mcleod Rd,64800,Warehouse,Not Participating,,,,,,,,POINT (28.36470653 -81.24705862)
2023,172006,7297 Conway Rd- Bldg B,105788,Distribution Center,Participating,11.6,26.3,136.7,66,,,,POINT (28.47208672 -81.46194446)
2023,138005,3851 Center Loop,63166,Warehouse,Exempt for 2023 Compliance Season,,,,,,,,POINT (28.56970914 -81.35633825)
2023,188002,8810 Boggy Creek Rd- Bldg 1,55778,Distribution Center,Not Participating,0.8,2.2,5.1,100,,,,POINT (28.47208672 -81.46194446)
2023,243001,431 E Central Blvd Bldg 2,305903,Multifamily Housing,Participating,42.2,116.2,1246.8,46,"For Orlando Benchmarking, this will be a campus-style submission for the following Building IDs: 243001 243002 280001 111017",,,POINT (28.56970914 -81.35633825)
2023,110064,10115 William Carey Dr,68043,Hotel,Not Participating,,,,,,,,
2023,156001,5600 International Dr,77132,Retail,Not Participating,,,,,,,,POINT (28.57802464 -81.32039484)
2023,199001,9901 Ringhaver Dr,109339,Warehouse,Not Participating,,,,,,,,POINT (28.47208672 -81.46194446)
2023,117002,1743 Park Center Dr,52550,Mixed Use Property,Participating,12.8,35.8,74.7,98,,,,POINT (28.52722692 -81.39316308)
2023,165010,655 W Church St,483834,Other,Not Participating,,,,,,,,POINT (28.53968028 -81.38388612)
2023,121005,2145 Metrocenter Blvd,98569,Office,Participating,41.8,115.6,458.5,71,,,,POINT (28.56970914 -81.35633825)
2023,246001,4580 Concord Landing Dr- Bldg 4,70089,Multifamily Housing,Not Participating,,,,,,,,POINT (28.36470653 -81.24705862)
2023,137007,3750 Bengert St,94951,Warehouse,Not Participating,,,,,,,,POINT (28.56970914 -81.35633825)
2023,198001,9809 Tradeport Dr- Bldg 431,116105,Other,Participating,56.7,139.2,731.4,,,,,POINT (28.47208672 -81.46194446)
2023,141019,4185 L B Mcleod Rd- Bldg 2,52200,Warehouse,Not Participating,,,,,,,,POINT (28.56970914 -81.35633825)
2023,162003,625 E Washington St,171427,Office,Not Participating,,,,,,,,POINT (28.57802464 -81.32039484)
2023,City Building,601 S. Goldwyn Ave,12000,Other - Public Services,Participating,53.1,144.5,70.9,,,,,POINT (28.57802464 -81.32039484)
2023,121007,2150 Brengle Ave,72339,Worship,Not Participating,,,,,,,,POINT (28.56970914 -81.35633825)
2023,139001,390 N. Orange Avenue,491863,Office,Participating,59,237.4,3102.2,60,,,,POINT (28.56970914 -81.35633825)
2023,275005,757 S Orange Ave,84062,Multifamily Housing,Participating,32.2,90.1,301.5,87,,,,POINT (28.47208672 -81.46194446)
2023,127006,2728 E Colonial Dr- Bldg 2 (Units 8-19),143609,Strip Mall,Participating,41.8,668.4,,,,,,POINT (28.56970914 -81.35633825)
2023,143001,4300 Clarcona Ocoee Rd,50000,Worship Facility,Participating,22.1,60.4,179.2,62,,,,POINT (28.56970914 -81.35633825)
2023,290003,9 W Gore St- Bldg 2,253648,Multifamily Housing,Not Participating,,,,,,,,POINT (28.47208672 -81.46194446)
2023,163004,6355 Metrowest Blvd,112225,Office,Not Participating,,148.9,,,,,,POINT (28.53968028 -81.38388612)
2023,110045,106 E Church St -Bldg 5,54034,Worship,Not Participating,,,,,,,,
2023,159003,2500 S Kirkman Rd,217998,Supermarket,Not Participating,,243.9,,,,,,POINT (28.56970914 -81.35633825)
2023,195003,9555 Benford Rd- Bldg 429,81380,Distribution Center,Not Participating,,,,,,,,POINT (28.47208672 -81.46194446)
2023,265004,656 N Orange Ave-Bldg 1,76758,Multifamily Housing,Not Participating,,,,,,,,POINT (28.53968028 -81.38388612)
2023,146011,4669 L B Mcleod Rd,66560,Warehouse,Not Participating,,,,,,,,POINT (28.36470653 -81.24705862)
2023,110003,10670  Central Port Dr,196302,Distribution Center,Participating,13.4,35.4,292.9,58,,,,
2023,121008,2155 W Colonial Dr,126308,Retail,Not Participating,,,,,,,,POINT (28.56970914 -81.35633825)
2023,134009,3401 W D Judge Dr- Bldg 3,102438,Distribution,Not Participating,,,,,,,,POINT (28.56970914 -81.35633825)
2023,110039,1099 Clay St,137141,Multifamily Housing,Not Participating,,,,,,,,
2023,157012,5780  Major Blvd- Bldg 2,229116,Hotel,Not Participating,,,,,,,,POINT (28.57802464 -81.32039484)
2023,170015,7000 Universal Blvd,682523,Hotel,Not Participating,,,,,,,,POINT (28.47208672 -81.46194446)
2023,169005,6900 Tavistock Lakes Blvd,91167,Office,Not Participating,,,,,,,,POINT (28.47208672 -81.46194446)
2023,171005,7143 Narcoossee Rd,96268,Retail Store,Participating,31.2,91.9,333.4,81,,,,POINT (28.47208672 -81.46194446)
2023,111015,11920  Narcoossee Rd,160186,Retail Big Box MD,Not Participating,,,,,,,,
2023,129006,2904  Tradeport Dr,154400,Distribution Center,Participating,11.6,31.8,199.3,68,,,,POINT (28.56970914 -81.35633825)
2023,175008,7580 Golf Channel Dr- Bldg 1,55000,Office,Not Participating,,,,,,,,POINT (28.47208672 -81.46194446)
2023,City Building,112 E Central Bv,204127,Other,Participating,4.9,13.4,112.2,,,,,
2023,146003,4600 L B Mcleod Rd,84797,Non-Refrigerated Warehouse,Participating,22.8,62.5,214.8,28,,,,POINT (28.36470653 -81.24705862)
2023,150007,501 W Church St,193568,Office,Participating,144.4,327.4,2571,37,,,,POINT (28.5084768 -81.43230453)
2023,177003,7703 Kingspointe Pkwy,59233,Distribution Center,Not Participating,,114,,,,,,POINT (28.47208672 -81.46194446)
2023,166004,6640  Eagle Watch Dr,67390,Strip Mall,Participating,46.3,135.8,347,,,,,POINT (28.53968028 -81.38388612)
2023,219003,1915 Lakemont Ave,448678,Multifamily Housing,Not Participating,,,,,,,,POINT (28.52722692 -81.39316308)
2023,130006,3000 S John Young Pkwy Bldg 1,222900,Worship,Not Participating,,,,,,,,POINT (28.56970914 -81.35633825)
2023,118015,1800 S Kirkman Rd- Bldg 7,53278,College/University,Participating,61.2,171.5,363.5,,,,,POINT (28.52722692 -81.39316308)
2023,125003,250 N Orange Ave,130164,Office,Participating,,,,,,,,POINT (28.56970914 -81.35633825)
2023,233001,335 N Magnolia Ave- Bldg 1,347191,Multifamily Housing,Not Participating,,,,,,,,POINT (28.56970914 -81.35633825)
2023,118007,1801 S Semoran Blvd,148045,Retail Big Box MD,Not Participating,,,,,,,,POINT (28.52722692 -81.39316308)
2023,159001,5900 American Way,51776,Hotel,Not Participating,,,,,,,,POINT (28.57802464 -81.32039484)
2023,199002,998 N John Young Pkwy,70640,Warehouse,Not Participating,,,,,,,,POINT (28.47208672 -81.46194446)
2023,160028,601 E Rollins St- Bldg 17,73659,Hospital,Not Participating,,,,,,,,POINT (28.57802464 -81.32039484)
2023,289001,899 N Orange Ave- Bldg 1,226063,Multifamily Housing,Participating,37.7,104.3,947.7,,,,,POINT (28.47208672 -81.46194446)
2023,142011,435 N Orange Ave Bldg 1,904491,Courthouse,Participating,59.5,160.4,5980.2,47,,,,POINT (28.56970914 -81.35633825)
2023,129001,2900 Mercy Dr Bldg 8,286000,Manufacturing/Industrial Plant,Participating,261.9,514.4,4350.3,,,,,POINT (28.56970914 -81.35633825)
2023,142009,4241 N John Young Pkwy,60866,Retail,Not Participating,,,,,,,,POINT (28.56970914 -81.35633825)
2023,156011,5617 Major Blvd,65578,Hotel,Participating,64,142,288.8,51,,,,POINT (28.57802464 -81.32039484)
2023,133002,3319 Maguire Blvd,55570,Office,Participating,36.9,103.9,227.9,88,,,,POINT (28.56970914 -81.35633825)
2023,131008,3160 Southgate Commerce Blvd,86242,Warehouse,Not Participating,,,,,,,,POINT (28.56970914 -81.35633825)
2023,165026,6550  Adventure Way- Building 12,119272,Hotel,Not Participating,,,,,,,,POINT (28.53968028 -81.38388612)
2023,130002,300 E Church St,316398,Parking,Not Participating,,,,,,,,POINT (28.56970914 -81.35633825)
2023,235001,350 E Jackson St,148062,Multifamily Housing,Not Participating,,,,,,,,POINT (28.56970914 -81.35633825)
2023,141027,4170  Wiley Dr- Bldg 490,57960,Warehouse,Not Participating,,,,,,,,POINT (28.56970914 -81.35633825)
2023,210008,100 E Anderson St,104702,Multifamily Housing,Not Participating,,,,,,,,
2023,City Building,400 W Church St,875000,Indoor Arena,Participating,,,9937.5,,,,,POINT (28.56970914 -81.35633825)
2023,111011,119 W Sturtevant St- Garage E,236208,Parking,Not Participating,,,,,,,,
2023,130025,3015 Coast Line Dr Bldg 2,336000,Warehouse,Not Participating,,,,,,,,POINT (28.56970914 -81.35633825)
2023,161009,6174 S Goldenrod Rd,77405,Self-Storage Facility,Participating,6.9,20.8,59.4,,,,,POINT (28.57802464 -81.32039484)
2023,130005,"3000 Directors Row, Orlando, Fl 32809, Usa Bldg 3",1927646,Distribution Center,Participating,11,30.4,2349.2,69,,,,POINT (28.56970914 -81.35633825)
2023,157002,5728 Major Blvd,117292,Office,Not Participating,,,,,,,,POINT (28.57802464 -81.32039484)
2023,118020,1848 E Landstreet Rd- Bldg 1,68522,Warehouse,Not Participating,,,,,,,,POINT (28.52722692 -81.39316308)
2023,121009,217 E Ridgewood St,203592,Parking Garage,Not Participating,,,,,,,,POINT (28.56970914 -81.35633825)
2023,134003,3438 Maggie Blvd,103397,Warehouse,Not Participating,,,,,,,,POINT (28.56970914 -81.35633825)
2023,196002,9682 Lake Nona Village Pl,82164,Multifamily Housing,Participating,58.3,125.6,367.8,100,,,,POINT (28.47208672 -81.46194446)
2023,130016,3090 Caruso Ct,58320,Warehouse,Not Participating,,,,,,,,POINT (28.56970914 -81.35633825)
2023,135001,3500 S Semoran Blvd,166095,Wholesale Club/Supercenter,Participating,27,30.6,500.5,98,,,,POINT (28.56970914 -81.35633825)
2023,171004,7110 S Kirkman Rd,80486,Hotel,Participating,47.1,130.7,422.7,85,,,,POINT (28.47208672 -81.46194446)
2023,111014,11926  Narcoossee Rd,69641,Retail Multi-Tenant,Not Participating,,,,,,,,
2023,City Building,5450 S. Econlockhatchee,10174,Fire Station,Participating,52.8,147.8,60.8,,,,,POINT (28.57802464 -81.32039484)
2023,169002,6917 Presidents Dr,75540,Warehouse,Not Participating,,,,,,,,POINT (28.47208672 -81.46194446)
2023,310001,101 S Eola Dr,142575,Condominium,Not Participating,,,,,,,,
2023,118009,1800  Mercy Dr,112882,Hospital,Not Participating,,,,,,,,POINT (28.52722692 -81.39316308)
2023,182002,8200 Mccoy Rd,111491,Warehouse,Not Participating,,,,,,,,POINT (28.47208672 -81.46194446)
2023,110068,10240 Usta Boulevard,70890,Indoor Arena,Exempt for 2023 Compliance Season,54,148.7,415.4,,,,,
2023,190004,9025 Boggy Creek Rd,52500,Distribution Center,Participating,21.4,59.9,125.2,31,,,,POINT (28.47208672 -81.46194446)
2023,110010,1001 Tradeport Dr,264438,Warehouse,Not Participating,,,,,,,,
2023,118005,1848 E Landstreet Rd- Bldg 3,61830,Distribution Center,Not Participating,,78.8,370.9,,,,,POINT (28.52722692 -81.39316308)
2023,138001,3800 Gardenia Ave,49994,Office,Participating,87.5,248.4,442,39,,,,POINT (28.56970914 -81.35633825)
2023,130004,300 S Orange Ave,271785,Office,Participating,69.8,113.6,1455.5,87,,,,POINT (28.56970914 -81.35633825)
2023,110026,10550 Southport Dr,124469,Distribution Center,Not Participating,,106.1,520.4,,,,,
2023,"210004,      210016,       210017",10201 Lee Vista Blvd,442736,Multifamily Housing,Participating,12.3,108.5,607.8,100,,,,
2023,170009,7055 S Kirkman Rd- Bldg 1,133902,Office,Not Participating,,,,,,,,POINT (28.47208672 -81.46194446)
2023,112009,120 W Grant St- Bldg 2,295553,Parking,Not Participating,,,,,,,,
2023,165011,6555 Sanger Rd,110019,Office Low-Rise,Not Participating,,,,,,,,POINT (28.53968028 -81.38388612)
2023,136009,3608 Shader Rd- Bldg 1,191500,Non-Refrigerated Warehouse,Participating,6.2,18.7,132.4,78,,,,POINT (28.56970914 -81.35633825)
2023,167001,6700 Conroy Rd,61255,Retail,Not Participating,,,,,,,,POINT (28.53968028 -81.38388612)
2023,165027,6550  Adventure Way- Building 1,153247,Hotel,Not Participating,,,,,,,,POINT (28.53968028 -81.38388612)
2023,139009,3964 Shader Rd,302000,Distribution Center,Participating,30.3,83.8,1020.4,,,,,POINT (28.56970914 -81.35633825)
2023,156018,5601 Universal Blvd- Bldg 2,276310,Hotel,Not Participating,,,,,,,,POINT (28.57802464 -81.32039484)
2023,131003,3131 Caruso Ct,159591,Warehouse,Not Participating,,,,,,,,POINT (28.56970914 -81.35633825)
2023,172005,7315 Conway Rd- Bldg A,97497,Distribution Center,Participating,8.2,22.3,88.6,81,,,,POINT (28.47208672 -81.46194446)
2023,130024,3050  Pennington Rd,74179,Warehouse,Not Participating,,,,,,,,POINT (28.56970914 -81.35633825)
2023,188001,88 W Copeland Dr- Garage A,248125,Parking,Not Participating,,,,,,,,POINT (28.47208672 -81.46194446)
2023,116002,1601 Atlanta Ave,66676,Warehouse,Not Participating,,,,,,,,POINT (28.52722692 -81.39316308)
2023,130008,3001 Mercy Dr,133390,Warehouse,Not Participating,,,,,,,,POINT (28.56970914 -81.35633825)
2023,187001,8701 Lee Vista Blvd,55756,Supermarket,Not Participating,,,,,,,,POINT (28.47208672 -81.46194446)
2023,197001,9775 Air Commerce Parkway,569169,Warehouse,Exempt for 2023 Compliance Season,,,,,,,,POINT (28.47208672 -81.46194446)
2023,131015,3101 W Princeton St,218081,Wholesale Club/Supercenter,Not Participating,,217.4,1550.1,,,,,POINT (28.56970914 -81.35633825)
2023,148008,4895 Vineland Road,145416,Automobile Dealership,Participating,36.2,98.8,586.7,,,,,POINT (28.5084768 -81.43230453)
2023,193003,9303  Jeff Fuqua Blvd,90467,Muni Airport,Not Participating,,,,,,,,POINT (28.47208672 -81.46194446)
2023,118013,1800 S Kirkman Rd- Bldg 5,57103,College/University,Participating,24.9,98,158.3,,,,,POINT (28.52722692 -81.39316308)
2023,157004,5750 Major Blvd,92766,Office,Not Participating,,,,,,,,POINT (28.57802464 -81.32039484)
2023,City Building,25 W. South St,617128,Other,Participating,5.1,14.4,359.8,,,,,POINT (28.56970914 -81.35633825)
2023,120017,201  Beggs Ave,160385,College/University,Not Participating,,189.2,,,,,,POINT (28.56970914 -81.35633825)
2023,141016,4161 N John Young Pkwy,118280,Warehouse,Not Participating,,,,,,,,POINT (28.56970914 -81.35633825)
2023,135010,3525  Gardens Ridge Way Bldg 1,65234,Retail Store,Not Participating,,134.7,0,,,,,POINT (28.56970914 -81.35633825)
2023,111008,1181 Tradeport Dr,60000,Distribution Center,Participating,25.4,69.2,169.9,23,,,,
2023,168010,6825 Universal Studios Plz- B115,1274150,Parking,Participating,2.2,5.8,310.1,,"Property was expanded in 2018 to 1,274,150 sq. ft. Property has EV Charging stations on site since 2018.",,,POINT (28.47208672 -81.46194446)
2023,248001,4884 New Broad St Unit B- Bldg C2,50424,Multifamily Housing,Not Participating,,,,,,,,POINT (28.5084768 -81.43230453)
2023,130014,305 Palmetto Ave,150112,Parking Garage,Not Participating,,,,,,,,POINT (28.56970914 -81.35633825)
2023,160026,601 E Rollins St- Bldg 22,402892,Hospital,Not Participating,,,,,,,,POINT (28.57802464 -81.32039484)
2023,173004,7320 Kingspointe Pkwy,163138,Warehouse,Not Participating,,,,,,,,POINT (28.47208672 -81.46194446)
2023,120003,200 E Robinson St,179712,Office,Participating,61.3,165.6,1224.7,47,Parking is separately metered.,,,POINT (28.56970914 -81.35633825)
2023,136011,3671 Old Winter Garden Rd- Bldg 10,324664,Warehouse,Not Participating,,,,,,,,POINT (28.56970914 -81.35633825)
2023,125005,2500 Lynx Ln- Bldg B,51652,Office,Participating,75.4,223.5,433.7,52,,,,POINT (28.56970914 -81.35633825)
2023,122002,225 E Robinson St,242174,Office,Not Participating,39.8,108.2,1075.1,75,,,,POINT (28.56970914 -81.35633825)
2023,161003,6145 Carrier Dr,80000,Hotel,Not Participating,,,1213.8,,,,,POINT (28.57802464 -81.32039484)
2023,City Building,1723 Bruton Bv,26507,Social/Meeting Hall,Participating,54,150.8,162.2,,,,,POINT (28.52722692 -81.39316308)
2023,120014,301 E Pine St,359731,Office,Participating,41.4,114.6,1654.2,78,,,,POINT (28.56970914 -81.35633825)
2023,162007,6272 Lee Vista Blvd,78449,Office,Participating,90.1,252.2,785.6,8,,,,POINT (28.57802464 -81.32039484)
2023,141003,4101 Silver Star Rd,60360,Warehouse,Not Participating,,,,,,,,POINT (28.56970914 -81.35633825)
2023,277001,777 N Orange Ave- Bldg 1,365519,Multifamily Housing,Not Participating,,,,,,,,POINT (28.47208672 -81.46194446)
2023,262001,625 Lake Dot Cir,107327,Multifamily Housing,Not Participating,,,,,,,,POINT (28.57802464 -81.32039484)
2023,157013,5780  Major Blvd Bldg- Bldg 6,53758,Hotel,Not Participating,,,,,,,,POINT (28.57802464 -81.32039484)
2023,226004,2691 Charleston Town Pl- Bldg 4,85761,Multifamily Housing,Not Participating,,,,,,,,POINT (28.56970914 -81.35633825)
2023,110053,10300  Boggy Creek Rd- Bldg 2,495269,Distribution Center,Participating,16.5,49.4,904.6,74,,,,
2023,146013,4697 Millenia Plaza Way,106272,Wholesale Club/Supercenter,Not Participating,,5.8,6.1,,,,,POINT (28.36470653 -81.24705862)
2023,190003,901 Highland Ave- Bldg 1,74920,School-Private,Not Participating,,,,,,,,POINT (28.47208672 -81.46194446)
2023,137009,3785 Bryn Mawr St,83520,Distribution Center,Not Participating,,4.9,24.2,,,,,POINT (28.56970914 -81.35633825)
2023,146012,4680 L B Mcleod Rd,50580,Non-Refrigerated Warehouse,Participating,15.8,43,88.9,50,,,,POINT (28.36470653 -81.24705862)
2023,188005,8810  Boggy Creek Rd- Bldg 2,51846,Flex Space I,Not Participating,,,,,,,,POINT (28.47208672 -81.46194446)
2023,168015,6830  Shadowridge Dr,65580,Warehouse,Not Participating,,,,,,,,POINT (28.47208672 -81.46194446)
2023,174009,7499 Augusta National Dr,292000,Hotel,Participating,56.1,59.1,2.5,100,,,,POINT (28.47208672 -81.46194446)
2023,253001,5312 Millenia Blvd,63510,Multifamily Housing,Not Participating,,,,,,,,POINT (28.5084768 -81.43230453)
2023,110015,102 W Pineloch Ave,64129,Warehouse,Not Participating,,,,,,,,
2023,"170011,           170005",7022 Tpc Drive,86316,Distribution Center,Participating,0.5,1.5,4.6,100,,,,POINT (28.47208672 -81.46194446)
2023,168012,680 N Orange Ave,113513,Hotel,Not Participating,,,,,,,,POINT (28.53968028 -81.38388612)
2023,City Building,2393 Elizabeth Av,19823,Social/Meeting Hall,Participating,78.3,215.4,175.7,,,,,POINT (28.56970914 -81.35633825)
2023,175007,7576 Kingspointe Pkwy,186285,Warehouse,Not Participating,,,,,,,,POINT (28.47208672 -81.46194446)
2023,118001,1800 Crown Way,96934,Warehouse,Not Participating,,,,,,,,POINT (28.52722692 -81.39316308)
2023,215001,415 E Pine St,422960,Multifamily Housing,Not Participating,,,,,,,,POINT (28.56970914 -81.35633825)
2023,226006,2650  Dade Ave- Bldg 3,141120,Parking Garage,Not Participating,,,,,,,,POINT (28.56970914 -81.35633825)
2023,130013,3033 Mercy Dr- Building 909,119295,Warehouse,Not Participating,,,,,,,,POINT (28.56970914 -81.35633825)
2023,142008,4240-4288 L.B. Mcleod Road- (33 Ind. Ctr. 7),57600,Non-Refrigerated Warehouse,Not Participating,7.6,20.4,48.5,83,,,,POINT (28.56970914 -81.35633825)
2023,152001,5269 International Drive,89710,Lifestyle Center,Not Participating,,,16.7,,,,,POINT (28.5084768 -81.43230453)
2023,110004,100 W Anderson St,122511,Office,Participating,135.6,215.4,1242.6,49,One of the first LEED Certified buildings located in downtown Orlando. It has ten floors which five are used for office space and the other five is used for parking.,,,
2023,City Building,1250 W South St,175618,Office,Participating,0.2,0.5,3.3,100,,,,
2023,155001,550 E Rollins St,94560,Parking,Not Participating,,,,,,,,POINT (28.57802464 -81.32039484)
2023,161006,618 E South St,242728,Office,Participating,30.4,85.2,821.1,83,,,,POINT (28.57802464 -81.32039484)
2023,163012,633 N Orange Ave- Bldg 3,158466,Office,Not Participating,,,,,,,,POINT (28.53968028 -81.38388612)
2023,112001,120 E Copeland Drive,45000,Parking,Not Participating,,,53.6,,,,,
2023,310004,100 South Eola Drive,534000,Multifamily Housing,Not Participating,,,372.5,,,,,
2023,152009,5220  Vanguard St,88792,Warehouse,Not Participating,,,,,,,,POINT (28.5084768 -81.43230453)
2023,250001,505 Chatham Ave,353948,Multifamily Housing,Exempt for 2023 Compliance Season,9.2,17.3,332.8,100,,,,POINT (28.5084768 -81.43230453)
2023,120010,201 S Orange Ave,268917,Office,Participating,38.5,107.5,1150.5,82,"This profile is for Seaside Plaza (Orlando Building ID 120010) and the Seaside Plaza Garage (Orlando Building ID 177001). The two buildings are on the same OUC utility meter, and the electric consumption can't be split easily between the two at this time.",,,POINT (28.56970914 -81.35633825)
2023,110040,10900 Central Port Dr,212703,Warehouse,Not Participating,,,,,,,,
2023,168013,692 N Orange Ave,60798,Hotel,Not Participating,,,,,,,,POINT (28.47208672 -81.46194446)
2023,282001,733 Main Ln,197703,Multifamily Housing,Not Participating,,,1616.5,,,,,POINT (28.47208672 -81.46194446)
2023,City Building,4880 Rose Bay Dr,16584,Social/Meeting Hall,Participating,3.9,10.9,7.3,,,,,POINT (28.5084768 -81.43230453)
2023,113006,13900 Narcoossee Rd,450277,Retail Store,Participating,32,63.4,1563,84,,,,
2023,155002,5529 International Dr,52047,Retail,Not Participating,,,,,,,,POINT (28.57802464 -81.32039484)
2023,137005,3730 S Orange Ave,63384,Self-Storage Facility,Participating,5.5,18.4,38.6,,,,,POINT (28.56970914 -81.35633825)
2023,138010,3827 W D Judge Dr- Bldg 2,102072,Distribution,Exempt for 2023 Compliance Season,,,,,,,,POINT (28.56970914 -81.35633825)
2023,143002,4300 L B Mcleod Rd,83633,Warehouse,Not Participating,,,,,,,,POINT (28.56970914 -81.35633825)
2023,136013,3600  Ecommerce Pl- Bldg 913,114153,Warehouse,Not Participating,,,,,,,,POINT (28.56970914 -81.35633825)
2023,123008,2307  Tradeport Dr,172876,Distribution Center,Participating,12.5,33.4,241.5,62,,,,POINT (28.56970914 -81.35633825)
2023,174010,7401  Dowden Rd,193650,Warehouse,Not Participating,,100.3,,,,,,POINT (28.47208672 -81.46194446)
2023,168006,6855 Presidents Dr,211800,Distribution Center,Not Participating,0,0,0,100,,,,POINT (28.47208672 -81.46194446)
2023,116005,1601  Country Club Dr,59476,Mixed Use Property,Not Participating,,,,,,,,POINT (28.52722692 -81.39316308)
2023,169001,6900 Kingspointe Pkwy,140000,Manufacturing/Industrial Plant,Not Participating,,,0,,,,,POINT (28.47208672 -81.46194446)
2023,248006,4807 Millenia Palms Dr- Bldg 4,50018,Multifamily Housing,Not Participating,,,,,,,,POINT (28.5084768 -81.43230453)
2023,121002,2136 W Colonial Dr,73105,Retail,Not Participating,,,,,,,,POINT (28.56970914 -81.35633825)
2023,112008,12276  Andric Ln,120315,Wholesale Club/Supercenter,Participating,46.7,142.9,626.1,87,,,,
2023,246002,4575 Emerson Park Dr- Bldg 5,70089,Multifamily Housing,Not Participating,,,,,,,,POINT (28.36470653 -81.24705862)
2023,169007,6943  Lake Nona Blvd- Bldg 1,226390,Parking Garage,Not Participating,,,,,,,,POINT (28.47208672 -81.46194446)
2023,144005,4403 Millenia Plaza Way,115710,Retail Store,Participating,38.3,96.6,494.3,87,,,,POINT (28.56970914 -81.35633825)
2023,122003,2251 Lynx Ln,54600,Non-Refrigerated Warehouse,Participating,1.2,4.9,7.4,100,COVID UPDATES: 5/1/2020-7/1/2021 80% decrease in weekly operating hours 70% decrease in number of on-site employees,,,POINT (28.56970914 -81.35633825)
2023,160004,600 S Kirkman Rd,95015,Self-Storage Facility,Participating,9.5,27.5,100.9,,,,,POINT (28.57802464 -81.32039484)
2023,265008,656 N Orange Ave-Bldg 5,160960,Parking Garage,Not Participating,,,,,,,,POINT (28.53968028 -81.38388612)
2023,125010,2515 Shader Rd,156036,Warehouse,Not Participating,,,,,,,,POINT (28.56970914 -81.35633825)
2023,141022,4185 L B Mcleod Rd- Bldg 1,52846,Warehouse,Not Participating,,,,,,,,POINT (28.56970914 -81.35633825)
2023,120007,2000 Parks Oaks Ave,130000,Distribution Center,Participating,7.4,20.7,106.8,84,,,,POINT (28.56970914 -81.35633825)
2023,125009,2512 W Colonial Dr,66142,Other,Participating,56,26.1,412.1,,,,,POINT (28.56970914 -81.35633825)
2023,"246007,       246009,       246010",4501 Gardens Park Blvd,290154,Multifamily Housing,Participating,28.2,78.7,912.3,87,,,,POINT (28.36583939 -81.27398547)
2023,132004,325 S. Orange Avenue,323303,Hotel,Participating,90.5,134.1,1621.4,81,,,,POINT (28.56970914 -81.35633825)
2023,118006,1880 S Semoran Blvd,149504,Retail,Not Participating,,,,,,,,POINT (28.52722692 -81.39316308)
2023,111013,11930 Narcoossee Rd,180182,Retail Store,Not Participating,,,,,,,,
2023,290002,9 W Gore St- Bldg 4,138436,Multifamily Housing,Not Participating,,,,,,,,POINT (28.47208672 -81.46194446)
2023,113005,138 W Miller St,687729,Parking,Not Participating,,5.2,145.9,,,,,
2023,110063,10115 William Carey Dr,68043,Hotel,Not Participating,,,,,ID Changed,,,
2023,160025,660 Winyah Dr,55132,School,Not Participating,,,,,,,,POINT (28.53968028 -81.38388612)
2023,126004,2614 Shader Rd,96300,Warehouse,Not Participating,,,,,,,,POINT (28.56970914 -81.35633825)
2023,160027,601 E Rollins St- Bldg 1,996981,Hospital,Not Participating,,,,,,,,POINT (28.57802464 -81.32039484)
2023,124015,2487 Tradeport Dr,189475,Distribution Center,Participating,28.5,71.9,601.3,17,,,,POINT (28.56970914 -81.35633825)
2023,259004,595 W Church St,347174,Multifamily Housing,Participating,48.3,27.1,1970.3,77,,,,POINT (28.57802464 -81.32039484)
2023,110030,"10790 Lee Vista Blvd, Ctr #1302",145540,Distribution Center,Not Participating,0.2,1.1,3.5,100,,,,
2023,130022,3000 S John Young Pkwy Bldg 16,84156,Religious,Not Participating,,,,,,,,POINT (28.56970914 -81.35633825)
2023,113014,13535 Nemours Pkwy,562349,Hospital,Not Participating,,,,,,,,
2023,156015,5661 Windhover Dr,50000,Hotel,Participating,64.8,126.2,219.4,55,,,,POINT (28.57802464 -81.32039484)
2023,194001,941 Lake Baldwin Ln,81820,Office,Not Participating,,,,,,,,POINT (28.47208672 -81.46194446)
2023,City Building,5100 L.B. Mcleod Road,41861,Other - Services,Participating,41.4,110.5,195,,,,,POINT (28.5084768 -81.43230453)
2023,143004,433 N Mills Ave,74410,Fitness Center/Health Club/Gym,Participating,101.7,227,563.8,,,,,POINT (28.56970914 -81.35633825)
2023,172010,7285 Corner Dr,61102,Rec/Meeting,Not Participating,,,,,,,,POINT (28.47208672 -81.46194446)
2023,131014,3184 E Colonial Dr,263559,Strip Mall,Not Participating,,,0,,,,,POINT (28.56970914 -81.35633825)
2023,253003,5316 Millenia Blvd,91960,Multifamily Housing,Not Participating,,,,,,,,POINT (28.5084768 -81.43230453)
2023,141017,4170 Conroy Rd,102885,Retail,Not Participating,,,,,,,,POINT (28.56970914 -81.35633825)
2023,190002,916 S Kirkman Rd,64308,Self-Storage Facility,Participating,7.1,44.4,50.7,,"This is a compartmentalized storage facility, which explains the low EUI.",,,POINT (28.47208672 -81.46194446)
2023,156006,5602 Raleigh St,50938,Self-Storage Facility,Participating,4.4,12.1,24.7,,,,,POINT (28.57802464 -81.32039484)
2023,175015,7460  Golf Channel Dr- Bldg 2,55806,Flex Space II,Not Participating,,,,,,,,POINT (28.47208672 -81.46194446)
2023,174007,7469 Kingspointe Pkwy,231359,Warehouse,Not Participating,,,,,,,,POINT (28.47208672 -81.46194446)
2023,148004,4850 Lb Mcleod Road,104920,Non-Refrigerated Warehouse,Participating,12.3,34,144.3,76,,,,POINT (28.5084768 -81.43230453)
2023,159012,5971 Pershing Ave- Bldg 3,62655,Non-Refrigerated Warehouse,Participating,17.5,48.3,121.9,54,-This is a mixed used building used for office and warehouse space. Over 50% of the building is used for warehouse space. A portion of the building is two stories.,,,POINT (28.57802464 -81.32039484)
2023,146005,4601 E Colonial Dr,59220,Retail Store,Participating,41.2,128.6,271.1,61,,,,POINT (28.36470653 -81.24705862)
2023,175016,108 W Miller St,461015,Hospital,Not Participating,,393.8,,,,,,
2023,167005,6701  Eagle Watch Dr- Bldg 3,109166,Strip Mall,Participating,52.7,148.9,635,,,,,POINT (28.53968028 -81.38388612)
2023,158015,5855  Universal Blvd- B750,3288552,Parking,Participating,2.5,6.9,919.6,,,,,POINT (28.57802464 -81.32039484)
2023,City Building,6123 La Costa Drive,35253,Social/Meeting Hall,Participating,52.9,147.1,211.4,,,,,POINT (28.57802464 -81.32039484)
2023,City Building,102 Victor Av,12259,Other,Participating,6.3,17.6,8.6,,,,,
2023,110037,10950 Palmbay Dr,52200,Non-Refrigerated Warehouse,Participating,15.6,43.8,90.5,50,,,,
2023,119010,1925 Parks Oaks Ave,171437,Warehouse,Not Participating,,,,,,,,POINT (28.56970914 -81.35633825)
2023,174006,7453 T. G. Lee Blvd,79535,Office,Participating,111.6,312.5,986.9,95,,,,POINT (28.47208672 -81.46194446)
2023,101001,1 N Orange Ave,56568,Office High- Rise,Not Participating,,,,,,,,
2023,144002,4401 Millenia Plaza Way- Bldg 1,51072,Retail,Not Participating,,,,,,,,POINT (28.56970914 -81.35633825)
2023,110005,100 West Gore Street,99036,Medical Office,Not Participating,,,122.9,,,,,
2023,246006,4473 Emerson Park Dr- Bldg 17,70089,Multifamily Housing,Not Participating,,,,,,,,POINT (28.36583939 -81.27398547)
2023,140007,4000 Millenia Blvd,72766,Office,Not Participating,,303.3,,,,,,POINT (28.56970914 -81.35633825)
2023,195001,950 Bennett Rd,112221,Distribution Center,Participating,18,49.3,225.2,55,,,,POINT (28.47208672 -81.46194446)
2023,156019,5616 Major Boulevard,144142,Hotel,Participating,61.2,144.5,723.3,73,,,,POINT (28.57802464 -81.32039484)
2023,110041,100 W Lucerne Circle Ste 402,66321,Office,Not Participating,,,,,,,,
2023,"264002,      264003,      264004,       264005",6440 Narcoossee Rd,285444,Multifamily Housing,Exempt for 2023 Compliance Season,5.9,16.6,187.9,100,,,,POINT (28.53968028 -81.38388612)
2023,155012,55 W Gore St Bldg 1,126578,Office,Not Participating,,,,,,,,POINT (28.57802464 -81.32039484)
2023,142003,4200 Conroy Rd,759796,Retail,Not Participating,,,,,,,,POINT (28.56970914 -81.35633825)
2023,171007,7160 N Frontage Rd,76976,Hotel,Participating,67.6,142,341.1,74,,,,POINT (28.47208672 -81.46194446)
2023,150003,500 S Orange Ave,100409,Hotel,Participating,55.3,160.2,415,84,,,,POINT (28.5084768 -81.43230453)
2023,119003,1900 West New Hampshire St,311519,Self-Storage Facility,Not Participating,,18.9,101.2,,,,,POINT (28.52722692 -81.39316308)
2023,253002,5372 Millenia Blvd,91248,Multifamily Housing,Not Participating,,,,,,,,POINT (28.5084768 -81.43230453)
2023,174013,7455 Emerald Dunes Drive- Business Ctr. G,159884,Distribution Center,Exempt for 2023 Compliance Season,0.7,1.8,0,100,,,,POINT (28.47208672 -81.46194446)
2023,172003,7299 Universal Blvd,154414,Hotel,Participating,87.1,206.9,803.5,21,,,,POINT (28.47208672 -81.46194446)
2023,248003,4807 Millenia Palms Dr- Bldg 1,52615,Multifamily Housing,Not Participating,,,,,,,,POINT (28.5084768 -81.43230453)
2023,City Building,65 W Washington,412230,Other,Participating,3.1,8.8,141.2,,,,,POINT (28.53968028 -81.38388612)
2023,130017,3093 Caruso Court,67473,Warehouse,Not Participating,,,,,,,,POINT (28.56970914 -81.35633825)
2023,216005,1617 W Central Blvd,79392,Multifamily Housing,Not Participating,,,,,,,,POINT (28.52722692 -81.39316308)
2023,168008,6870 Shadowridge Dr,60444,Hotel,Not Participating,,,,,,,,POINT (28.47208672 -81.46194446)
2023,146002,4635 34Th St- (33 Ind. Ctr. 9),80640,Non-Refrigerated Warehouse,Not Participating,8,22,72,81,,,,POINT (28.36470653 -81.24705862)
2023,125007,2500 W Colonial Dr,221240,Office,Participating,60.4,171,1485.1,65,,,,POINT (28.56970914 -81.35633825)
2023,167008,6725 Adventure Way,594998,Hotel,Participating,61,88.5,2516.3,86,,,,POINT (28.53968028 -81.38388612)
2023,City Building,601 Iron Bridge Cir,114222,Wastewater Treatment Plant,Participating,1129,3161.3,14337.7,,,,,POINT (28.57802464 -81.32039484)
2023,146009,4635 34Th St,83885,Warehouse,Not Participating,,,,,,,,POINT (28.36470653 -81.24705862)
2023,110012,101 S Garland Ave,112109,Event Venue/bars/retail,Not Participating,,,,,,,,
2023,126007,2663 Tradeport Dr,106700,Distribution Center,Participating,19.2,53.3,228.7,74,,,,POINT (28.56970914 -81.35633825)
2023,110042,10240 Usta Boulevard,50000,Office,Participating,93,232.5,404.8,39,,,,
2023,157003,5750 Hazeltine National Dr,62086,Hotel,Not Participating,,,,,,,,POINT (28.57802464 -81.32039484)
2023,151003,515 Ferguson Dr,74821,Warehouse,Not Participating,,,,,,,,POINT (28.5084768 -81.43230453)
2023,119004,1905 Brengle Ave,60000,Non-Refrigerated Warehouse,Participating,3.6,8.6,24.1,99,,,,POINT (28.52722692 -81.39316308)
2023,City Building,363 N Parramore Ave,44528,Social/Meeting Hall,Participating,1.8,5.1,9.2,,,,,POINT (28.56970914 -81.35633825)
2023,248002,4801 New Broad St Unit B- Bldg D1,50664,Multifamily Housing,Not Participating,,,,,,,,POINT (28.36470653 -81.24705862)
2023,139010,3900 Millenia Blvd,105588,Office Low-Rise,Not Participating,,,,,,,,POINT (28.56970914 -81.35633825)
2023,140022,408 N. Primrose Dr,64879,Self-Storage Facility,Participating,16.3,42,117.4,,,,,POINT (28.56970914 -81.35633825)
2023,124005,2416 N Orange Ave,64158,Hotel,Not Participating,,,,,,,,POINT (28.56970914 -81.35633825)
2023,City Building,3955 W D Judge Dr,28590,Social/Meeting Hall,Pending Final Review,,,,,,,,POINT (28.56970914 -81.35633825)
2023,163007,633 N Orange Ave- Bldg 1,109623,Office,Not Participating,,,,,,,,POINT (28.53968028 -81.38388612)
2023,199004,9975  Tavistock Lakes Blvd,77103,Medical Office,Not Participating,,238.2,753.8,,,,,POINT (28.47208672 -81.46194446)
2023,145003,4500 Seaboard Rd,97213,Non-Refrigerated Warehouse,Participating,6.4,0.8,0,87,,,,POINT (28.36583939 -81.27398547)
2023,144012,4473 Shader Rd,200701,Warehouse,Not Participating,,,,,,,,POINT (28.36583939 -81.27398547)
2023,183004,83 W Miller St,481027,Hospital,Not Participating,,403.5,,,,,,POINT (28.47208672 -81.46194446)
2023,112006,1224 South Orange Blossom Trail,167620,Warehouse,Exempt for 2023 Compliance Season,,,,,,,,
2023,163002,6301 Hazeltine National Dr,82039,Warehouse,Not Participating,,,,,,,,POINT (28.57802464 -81.32039484)
2023,145010,4520 S Semoran Blvd,66873,Supermarket/Grocery Store,Not Participating,,417,983.9,,,,,POINT (28.36583939 -81.27398547)
2023,226003,2691 Charleston Town Pl- Bldg 3,85761,Multifamily Housing,Not Participating,,,,,,,,POINT (28.56970914 -81.35633825)
2023,188004,8870 Boggy Creek Rd,55456,Distribution Center,Participating,31.6,85.3,195.1,12,,,,POINT (28.47208672 -81.46194446)
2023,131009,3170 Southgate Commerce Blvd- Bldg 59,70545,Warehouse,Not Participating,,,,,,,,POINT (28.56970914 -81.35633825)
2023,149002,4900 E Colonial Dr,71340,Retail,Not Participating,,,,,,,,POINT (28.5084768 -81.43230453)
2023,City Building,12375 Lake Nona Gateway Road,10174,Other - Public Services,Participating,31.4,86.2,36.2,,,,,
2023,130028,3000 S John Young Pkwy Bldg 3,80000,Religious,Not Participating,,,,,,,,POINT (28.56970914 -81.35633825)
2023,111007,1144 Mid Florida Dr,57598,Warehouse,Not Participating,,,,,,,,
2023,141006,4104 Millenia Blvd.,58477,Strip Mall,Not Participating,,,708.5,,,,,POINT (28.56970914 -81.35633825)
2023,110027,106 E Church St- Bldg 1,90181,Worship Facility,Not Participating,,,456.9,,,,,
2023,140012,4050 Silver Star Rd,142814,Self-Storage Facility,Participating,3,9.5,45.9,,,,,POINT (28.56970914 -81.35633825)
2023,114006,1420 N Orange Blossom Trl,75631,Self-Storage Facility,Participating,11.6,40.9,97.8,,,,,
2023,122007,22 W Underwood St,94150,Hospital,Not Participating,,403.2,,,,,,POINT (28.56970914 -81.35633825)
2023,175014,7500  Municipal Dr- Bldg 2,52489,Warehouse,Not Participating,,,,,,,,POINT (28.47208672 -81.46194446)
2023,171001,7100 Augusta National Dr,65401,Hotel,Not Participating,,,,,,,,POINT (28.47208672 -81.46194446)
2023,110022,1038 Arlington Street,112593,Non-Refrigerated Warehouse,Participating,7.1,20.7,88.3,85,,,,
2023,177001,77 E Jackson St,124524,Parking Garage,Not Participating,,,,,,,,POINT (28.47208672 -81.46194446)
2023,165023,6550  Adventure Way- Building 4,824341,Hotel,Not Participating,,,,,,,,POINT (28.53968028 -81.38388612)
2023,142002,420 South Orange Avenue,279516,Office,Participating,72.4,118.7,1526,82,,,,POINT (28.56970914 -81.35633825)
2023,146023,4677 L B Mcleod Rd,104784,Warehouse,Not Participating,,,,,,,,POINT (28.36470653 -81.24705862)
2023,"244001,      244002,       244003",4460 Lower Park Road,233338,Multifamily Housing,Participating,25,69.3,648.2,97,No Gas on premises per client. -,,,POINT (28.56577213 -81.32712568)
2023,124004,2415 N Orange Ave,153319,Medical Office,Not Participating,,,,,,,,POINT (28.56970914 -81.35633825)
2023,110035,10920 Boggy Creek Dr,340000,Distribution Center,Participating,10.7,31.2,407.3,59,,,,
2023,330001,300 E South St Office,435345,Multifamily Housing,Participating,2.4,6.9,110.8,,,,,POINT (28.56970914 -81.35633825)
2023,135004,3544 All American Blvd,53631,Distribution Center,Participating,12.2,32.7,73.1,60,,,,POINT (28.56970914 -81.35633825)
2023,143003,4311 Shader Rd- Bldg 917,78817,Warehouse,Not Participating,,,,,,,,POINT (28.56970914 -81.35633825)
2023,151004,5150 International Drive,107926,Movie Theater,Participating,60.1,161.9,710.6,,,,,POINT (28.5084768 -81.43230453)
2023,136006,3601 Vineland Rd,103710,Warehouse,Exempt for 2023 Compliance Season,,,,,,,,POINT (28.56970914 -81.35633825)
2023,210006,101  Lake Ave,224868,Multifamily Housing,Participating,49.7,30.4,1198.5,55,,,,
2023,315002,150 E Robinson St,452085,Condo,Not Participating,,,,,,,,
2023,110017,10260 Ringhaver Dr,500000,Distribution Center,Participating,603.7,1576.1,33633.7,1,,,,
2023,165017,6550  Adventure Way- Bldg 13,119617,Hotel,Not Participating,,,,,,,,POINT (28.53968028 -81.38388612)
2023,110002,100 E Pine St,86892,Office,Participating,32.3,91.5,311.6,94,,,,
2023,113003,135 W Central Blvd,175474,Office,Not Participating,,115.8,917.8,,,,,
2023,290001,9 W Gore St- Bldg 1,110283,Multifamily Housing,Not Participating,,,,,,,,POINT (28.47208672 -81.46194446)
2023,136002,3608 Shader Rd- Bldg 2,194858,Warehouse,Not Participating,,,,,,,,POINT (28.56970914 -81.35633825)
2023,151007,5156 International Dr,151559,Retail Store,Participating,45,123.8,755.3,81,,,,POINT (28.5084768 -81.43230453)
2023,165021,6515 International Dr- Bldg 8,243587,Hotel,Participating,28.3,76.2,767,94,,,,POINT (28.53968028 -81.38388612)
2023,150002,500 N Orange Ave,118517,Office,Not Participating,,,,,,,,POINT (28.5084768 -81.43230453)
2023,111003,111 N Orange Ave,443448,Office,Not Participating,,146.1,1636.9,,,,,
2023,114003,1401 S Hiawassee Rd,58088,Supermarket,Not Participating,,,,,,,,
2023,156014,5660 Curry Ford Rd,50257,Supermarket/Grocery Store,Participating,15.9,40.1,88.9,100,,,,POINT (28.57802464 -81.32039484)
2023,City Building,1002 Carter Street,19446,Social/Meeting Hall,Participating,4.1,11.5,9,,,,,
2023,148002,1500 New Broad St,61386,Retail,Not Participating,,,,,,,,
2023,141007,4105 Bear Rd- Bldg 405,65751,Other,Not Participating,,,,,,,,POINT (28.56970914 -81.35633825)
2023,124018,2401 Lynx Ln,51850,Non-Refrigerated Warehouse,Participating,11.1,28.6,63.8,68,,,,POINT (28.56970914 -81.35633825)
2023,151008,51 Columbia Street,51400,Hotel,Participating,96.8,204.1,342.9,34,,,,POINT (28.5084768 -81.43230453)
2023,285001,854 Carver Park St,63568,Multifamily Housing,Not Participating,,,,,,,,POINT (28.47208672 -81.46194446)
2023,"145001,               145026",45 W Crystal Lake St,77315,Strip Mall,Participating,136.6,366.7,1023.3,,,,,POINT (28.36583939 -81.27398547)
2023,"254002,       254003,      254004,      254005,       254006",5450 Millenia Lakes Boulevard,325332,Multifamily Housing,Exempt for 2023 Compliance Season,,,717.2,,,,,POINT (28.57802464 -81.32039484)
2023,127007,2712 E Colonial Dr- Bldg 9 (Units 20-23),113899,Strip Mall,Participating,47.2,598.9,,,,,,POINT (28.56970914 -81.35633825)
2023,129003,2915 E Colonial Dr,141069,Retail Store,Participating,70.9,186.3,912.9,,,,,POINT (28.56970914 -81.35633825)
2023,130030,300 E Church St,96581,Retirement Com LG,Not Participating,,,,,,,,POINT (28.56970914 -81.35633825)
2023,173005,7315 Kingspointe Pkwy,203125,Distribution Center,Not Participating,0,0,0,100,,,,POINT (28.47208672 -81.46194446)
2023,141013,4141 N John Young Pkwy Bldg 2,53244,Warehouse,Not Participating,,,,,,,,POINT (28.56970914 -81.35633825)
2023,110038,10975 Florida Crown Dr- Bldg 2,55660,Distribution Center,Not Participating,,107.8,326.4,,,,,
2023,138011,3820 S Orange Ave,74154,Self-Storage Facility,Participating,7.2,18.4,59.4,,This is a compartmentalized storage facility resulting in low energy consumption and a low EUI.,,,POINT (28.56970914 -81.35633825)
2023,144010,4484 N John Young Pkwy,69747,Worship,Exempt for 2023 Compliance Season,,,,,,,,POINT (28.36583939 -81.27398547)
2023,171003,7101 T P C Dr,84650,Distribution Center,Participating,0.5,1.3,4.5,100,,,,POINT (28.47208672 -81.46194446)
2023,110024,10445 Tradeport Drive,131973,Non-Refrigerated Warehouse,Not Participating,,85.2,487.4,,,,,
2023,173003,7312 Kingspointe Pkwy,89644,Non-Refrigerated Warehouse,Participating,28.4,79.2,283.3,17,,,,POINT (28.47208672 -81.46194446)
2023,118010,1800 S Kirkman Rd- Bldg 1,57082,College/University,Participating,31.3,72.9,199.4,,,,,POINT (28.52722692 -81.39316308)
2023,124014,2479 Eunice Ave,121440,Distribution Center,Participating,10.9,29.7,146.6,51,,,,POINT (28.56970914 -81.35633825)
2023,160003,600 Mid Florida Dr,92544,Manufacturing/Industrial Plant,Participating,18,48.4,185.3,,,,,POINT (28.57802464 -81.32039484)
2023,162002,6200 Lee Vista Blvd,52619,Office,Participating,,63.3,9.2,,,,,POINT (28.57802464 -81.32039484)
2023,118014,1800 S Kirkman Rd- Bldg 6,83465,College/University,Participating,54.8,123.5,509.8,,,,,POINT (28.52722692 -81.39316308)
2023,265005,656 N Orange Ave-Bldg 2,273541,Multifamily Housing,Participating,29.6,78.2,900.6,88,,,,POINT (28.53968028 -81.38388612)
2023,157005,5750 T G Lee Blvd,158110,Hotel,Not Participating,,,,,,,,POINT (28.57802464 -81.32039484)
2023,130026,3000 S John Young Pkwy Bldg 2,67500,Religious,Not Participating,,,,,,,,POINT (28.56970914 -81.35633825)
2023,177002,7701 Universal Blvd,1250175,Hotel,Participating,61.6,126.4,5604.6,84,,,,POINT (28.47208672 -81.46194446)
2023,110036,10928 Florida Crown Dr,165000,Distribution Center,Not Participating,,143.2,,,,,,
2023,157011,5780 Major Blvd- Bldg 1,240312,Hotel,Not Participating,,,,,,,,POINT (28.57802464 -81.32039484)
2023,178001,7800 Universal Blvd,630353,Hotel,Participating,44.2,74.6,2157.1,93,,,,POINT (28.47208672 -81.46194446)
2023,310002,100 W Grant St,296422,Multifamily Housing,Participating,,93,1131,,,,,
2023,130031,3057 Tradeport Dr,134260,Distribution Center,Participating,6.8,19.5,101.4,86,,,,POINT (28.56970914 -81.35633825)
2023,143005,4352 34Th St,68152,Warehouse,Not Participating,,,,,,,,POINT (28.56970914 -81.35633825)
2023,130019,3000 Directors Row Bldg 1,193376,Warehouse,Not Participating,,,,,,,,POINT (28.56970914 -81.35633825)
2023,163005,633 Lake Dot Cir,139212,Office,Not Participating,,,,,,,,POINT (28.57802464 -81.32039484)
2023,138004,3838 S Semoran Blvd,116801,Retail Store,Not Participating,,184.8,865.8,,,,,POINT (28.56970914 -81.35633825)
2023,168009,6835  Conway Rd,95037,Distribution Center,Not Participating,0.5,2.2,5,100,,,,POINT (28.47208672 -81.46194446)
2023,110034,"10910 Lee Vista Blvd, Ctr #1304",378601,Distribution Center,Participating,0.2,0.6,9.3,100,,,,
2023,246003,4530 Concord Landing Dr- Bldg 12,70089,Multifamily Housing,Not Participating,,,,,,,,POINT (28.36470653 -81.24705862)
2023,152005,526 N Parramore Ave,54675,Retail,Not Participating,,,,,,,,POINT (28.5084768 -81.43230453)
