bbl,Submission Date,Heating System Type,Cooling System Type,Has Building Automation,Heating Automation,Cooling Automation,building_sqft
1000050010,2015-12-31,Heat Pump,No Cooling,yes,no,no,1016406.0
1000090001,6/29/21 12:27,Furnace (Gas),DX Cooling,yes,no,no,692431.0
1000090014,2020,District Steam,DX Cooling,yes,yes,yes,575860.0
1000090029,2019,District Steam,Plant,yes,yes,yes,835356.0
1000100014,2020,District Steam,DX Cooling,yes,yes,yes,365792.0
1000100016,12/30/20 20:04,Boiler (Steam),DX Cooling,yes,no,no,336025.0
1000100023,2020,District Steam,Plant,yes,yes,yes,321994.0
1000110021,,Boiler (Steam),DX Cooling,yes,no,no,361710.0
1000130001,2023,Boiler (Fuel Oil),DX Cooling,yes,yes,no,230911.0
1000130005,2023,District Steam,Plant,yes,no,yes,434220.0
1000130027,2023,District Steam,Plant,yes,yes,yes,809401.0
1000160120,,District Steam,Plant,yes,yes,yes,1501878.0
1000160125,12/27/17,Boiler (Gas),DX Cooling,yes,yes,yes,2267925.0
1000160140,,District Steam,Plant,yes,no,no,2233692.0
1000160150,12/15/17,Boiler (Gas),Plant,yes,yes,yes,2084079.0
1000160225,,District Steam,Plant,yes,no,no,502000.0
1000160260,2016,District Steam,Plant,yes,yes,no,2157862.0
1000200001,2023,District Steam,DX Cooling,yes,no,no,316150.0
1000200004,2022,District Steam,DX Cooling,yes,yes,yes,447442.0
1000200009,2022,District Steam,DX Cooling,yes,yes,yes,394763.0
1000200016,2022,District Steam,DX Cooling,yes,yes,yes,354072.0
1000210001,2023,District Steam,DX Cooling,yes,yes,no,709506.0
1000210004,2022,District Steam,Plant,yes,yes,yes,335184.0
1000220013,2024,Boiler (Fuel Oil),Plant,yes,yes,yes,200000.0
1000220017,2024,Boiler (Gas),DX Cooling,yes,no,no,145494.0
1000220020,2024,Boiler (Gas),DX Cooling,yes,yes,no,405244.0
1000220024,2022,Boiler (Elec),DX Cooling,yes,yes,yes,300676.0
1000220028,2022,Boiler (Gas),DX Cooling,yes,yes,yes,345540.0
1000230019,12/6/13,Boiler (Gas),Plant,yes,no,yes,240279.0
1000240001,2024,District Steam,Plant,yes,yes,yes,1072213.0
1000240029,2019,District Steam,DX Cooling,yes,yes,yes,370000.0
1000240036,,District Steam,DX Cooling,yes,no,no,205940.0
1000250001,2015,District Steam,Plant,yes,yes,yes,406025.0
1000250027,12/13/17,Boiler (Gas),DX Cooling,yes,yes,yes,239071.0
1000280012,,Boiler (Gas),DX Cooling,no,yes,yes,95325.0
1000290001,,District Steam,Plant,yes,yes,yes,1007569.0
1000290036,2020,Boiler (Elec),Plant,yes,yes,yes,105000.0
1000290070,2021,District Steam,Plant,yes,yes,yes,671172.0
1000290073,2019,District Steam,DX Cooling,yes,yes,no,97596.0
1000330001,2023,District Steam,Plant,yes,yes,no,546882.0
1000350001,12/18/15,Boiler (Gas),DX Cooling,yes,yes,yes,973587.0
1000350010,,District Steam,Plant,yes,yes,yes,990250.0
1000370023,,Boiler (Gas),DX Cooling,yes,no,no,1079361.0
1000380001,,Heat Pump,DX Cooling,yes,no,no,463664.0
1000380017,,District Steam,Plant,yes,no,no,664990.0
1000390012,2019,District Steam,Plant,yes,yes,yes,1049691.0
1000400003,2020,District Steam,Plant,yes,yes,yes,1625483.0
1000400014,2020,District Steam,Plant,yes,yes,yes,313918.0
1000420031,2024,District Steam,Plant,yes,no,no,527605.0
1000430001,2024,District Steam,DX Cooling,yes,yes,yes,289049.0
1000430002,12/25/24 18:33,Boiler (Gas),DX Cooling,yes,no,no,1061286.0
1000430005,12/27/23 16:32,Boiler (Gas),DX Cooling,yes,no,no,108663.0
1000440001,12/29/24 15:53,Furnace (Gas),DX Cooling,yes,no,no,2224200.0
1000460001,2016,District Steam,DX Cooling,yes,yes,yes,173159.0
1000460003,10/12/16,Boiler (Elec),DX Cooling,yes,yes,yes,364390.0
1000460009,2017,District Steam,Plant,yes,yes,yes,1087770.0
1000480001,2018,District Steam,Plant,yes,yes,yes,1272119.0
1000490002,2019,District Steam,Plant,yes,yes,yes,450000.0
1000500001,2021,District Steam,DX Cooling,yes,yes,yes,400000.0
1000510001,12/20/21 15:09,Boiler (Steam),DX Cooling,yes,no,no,400294.0
1000510007,2021,Boiler (Elec),DX Cooling,yes,no,no,281121.0
1000627501,2022-11-03 16:12:47 UTC,Boiler (Gas),DX Cooling,yes,no,no,1690747.0
1000630003,1/3/24 9:33,Boiler (Gas),DX Cooling,yes,no,no,647875.0
1000640012,2024,District Steam,DX Cooling,yes,no,no,276000.0
1000640015,2024,Boiler (Fuel Oil),DX Cooling,yes,yes,yes,150000.0
1000650007,2015,District Steam,DX Cooling,yes,yes,no,144200.0
1000660001,2016,District Steam,Plant,yes,yes,yes,640000.0
1000670001,2017,District Steam,DX Cooling,yes,yes,yes,1073000.0
1000670023,,District Steam,Plant,yes,no,no,558327.0
1000680007,,District Steam,DX Cooling,yes,no,no,155450.0
1000680011,2018,District Steam,DX Cooling,yes,no,no,155026.0
1000680036,,District Steam,DX Cooling,yes,no,no,377120.0
1000700043,,Heat Pump,DX Cooling,yes,yes,yes,143300.0
1000717501,,Boiler (Gas),DX Cooling,yes,yes,yes,462377.0
1000747501,2024-12-31 12:04:16,Boiler (Gas),DX Cooling,yes,no,no,744146.0
1000750021,12/18/13,Boiler (Gas),DX Cooling,yes,no,yes,234553.0
1000750030,2016,District Steam,Plant,yes,yes,yes,296076.0
1000770008,2017,District Steam,Plant,yes,yes,no,788240.0
1000780004,12/21/20 9:54,Furnace (Gas),DX Cooling,yes,no,no,493039.0
1000800001,4/1/21 8:09,Boiler (Steam),DX Cooling,yes,no,no,1094861.0
1000860001,,District Steam,Plant,yes,no,no,1154357.0
1000880001,2018,District Steam,Plant,yes,yes,yes,133198.0
1000880005,,Heat Pump,DX Cooling,no,no,no,80298.0
1000880010,2018,District Steam,DX Cooling,yes,yes,no,71959.0
1000880018,2018,Boiler (Fuel Oil),DX Cooling,yes,yes,yes,480831.0
1000890001,12/7/20 8:23,Boiler (Gas),DX Cooling,no,no,no,100000.0
1000890012,,Heat Pump,DX Cooling,yes,no,no,756138.0
1000920024,2023,Boiler (Gas),Plant,yes,yes,no,109173.0
1000930001,11/20/23 8:44,Boiler (Steam),DX Cooling,yes,no,no,463679.0
1000940025,2024,Boiler (Gas),Plant,yes,yes,yes,655775.0
1001137501,,Heat Pump,Plant,yes,yes,yes,805989.0
1001190001,2019,District Steam,Plant,yes,no,no,1000518.0
1001210001,2021,District Steam,Plant,yes,yes,yes,1056600.0
1001220001,2019,District Steam,Plant,yes,yes,yes,144016.0
1001240004,2024,Boiler (Fuel Oil),DX Cooling,yes,no,no,205000.0
1001247502,2024-12-20 15:47:46,Furnace (Gas),DX Cooling,yes,no,no,476674.0
1001250020,,Boiler (Gas),DX Cooling,yes,no,yes,932587.0
1001270018,2017,District Steam,DX Cooling,yes,yes,yes,507000.0
1001280002,,District Steam,Plant,yes,no,no,1133549.0
1001347501,,Heat Pump,DX Cooling,yes,no,no,267438.0
1001440040,,Heat Pump,Plant,yes,no,no,802000.0
1001480010,2018,Boiler (Fuel Oil),DX Cooling,yes,yes,yes,100750.0
1001487501,,Boiler (Gas),DX Cooling,yes,no,no,591892.0
1001490033,12/2/19 11:04,Boiler (Steam),DX Cooling,no,no,no,93615.0
1001500031,6/17/21 9:55,Boiler (Steam),DX Cooling,yes,no,no,253033.0
1001500038,12/30/20 13:22,Boiler (Steam),DX Cooling,yes,no,no,128940.0
1001510032,,Boiler (Steam),DX Cooling,yes,no,no,132600.0
1001530001,2023,District Steam,DX Cooling,yes,yes,yes,242062.0
1001530024,2023,District Steam,DX Cooling,yes,yes,yes,229824.0
1001540023,2024,District Steam,DX Cooling,yes,yes,yes,71732.0
1001550001,2015,Boiler (Gas),Plant,yes,yes,yes,354169.0
1001550003,2015,Boiler (Gas),Plant,yes,no,no,103158.0
1001660027,,District Steam,Plant,yes,no,no,640000.0
1001680032,2018,District Steam,DX Cooling,yes,yes,yes,353000.0
1001770002,,Heat Pump,DX Cooling,yes,no,no,304202.0
1001920001,,Furnace (Gas),DX Cooling,yes,no,no,1092665.0
1001940042,2024,Boiler (Gas),DX Cooling,yes,yes,no,230139.0
1001960005,2016,Boiler (Gas),Plant,yes,yes,yes,56210.0
1001977502,2019-12-05 11:27:40,Boiler (Gas),DX Cooling,yes,no,no,127401.0
1002090028,,Furnace (Gas),DX Cooling,yes,no,no,103047.0
1002120018,12/28/23 20:04,Furnace (Gas),DX Cooling,no,no,no,97814.0
1002127504,,Heat Pump,DX Cooling,yes,no,no,245510.0
1002160001,,Boiler (Gas),Plant,yes,yes,yes,2354289.0
1002210030,2021,Boiler (Elec),DX Cooling,yes,yes,yes,328415.0
1002250008,10/31/15,Boiler (Gas),DX Cooling,yes,no,no,321641.0
1002260001,,Boiler (Gas),Plant,yes,yes,yes,1000746.0
1002310035,2021,Boiler (Elec),DX Cooling,no,no,no,60000.0
1002320001,2023,Boiler (Fuel Oil),DX Cooling,no,no,no,52065.0
1002330026,12/21/23 9:21,Furnace (Gas),DX Cooling,yes,no,no,129135.0
1004260029,6/7/17,Boiler (Gas),DX Cooling,yes,yes,yes,81900.0
1004730001,2023,Boiler (Fuel Oil),DX Cooling,yes,no,no,141050.0
1004740030,2024,Boiler (Elec),Plant,yes,yes,no,57305.0
1004760007,12/23/16,Boiler (Gas),DX Cooling,yes,yes,yes,303214.0
1004770011,12/1/17,Boiler (Gas),DX Cooling,yes,yes,yes,402111.0
1004820016,2022,Boiler (Fuel Oil),DX Cooling,yes,no,no,130000.0
1004827504,2022-11-30 21:41:32 UTC,Boiler (Gas),DX Cooling,no,no,no,81696.0
1004830017,3/1/23 14:43,Boiler (Steam),DX Cooling,yes,no,no,143637.0
1004840024,12/11/24 13:45,Boiler (Steam),DX Cooling,no,no,no,77066.0
1004860011,2016,Boiler (Fuel Oil),DX Cooling,no,no,no,65972.0
1004910046,12/6/21 12:23,Boiler (Steam),DX Cooling,yes,no,no,182655.0
1004960036,2016,Boiler (Gas),Plant,yes,yes,yes,56340.0
1004960040,2016,Boiler (Gas),Plant,yes,yes,yes,54800.0
1004970001,2017,Boiler (Elec),Plant,yes,yes,yes,169983.0
1004970018,12/31/17,Boiler (Gas),DX Cooling,yes,no,no,122454.0
1004980009,2018,Boiler (Gas),DX Cooling,yes,yes,no,112500.0
1004980011,2018,Boiler (Elec),Plant,yes,yes,yes,243442.0
1004990007,2019,Boiler (Gas),DX Cooling,yes,yes,yes,201002.0
1005000011,2021,Boiler (Gas),DX Cooling,no,no,no,52526.0
1005010015,2021,Boiler (Gas),DX Cooling,no,no,no,64414.0
1005050001,12/23/16,Boiler (Gas),DX Cooling,yes,no,no,214110.0
1005050036,2015,Boiler (Gas),Plant,yes,no,no,255000.0
1005100001,2022,Boiler (Elec),Plant,yes,yes,yes,178459.0
1005100038,2020,Boiler (Gas),DX Cooling,yes,yes,yes,59757.0
1005107502,2020-12-04 11:45:32,Boiler (Steam),DX Cooling,yes,no,no,197207.0
1005110001,2023,Boiler (Gas),Plant,yes,yes,yes,332256.0
1005110006,2023,Boiler (Fuel Oil),Plant,yes,yes,no,127597.0
1005110008,2023,Boiler (Fuel Oil),Plant,yes,yes,no,254822.0
1005110012,2022,Boiler (Elec),Plant,yes,no,no,231840.0
1005120015,2023,Boiler (Fuel Oil),Plant,yes,yes,no,62536.0
1005120023,,Boiler (Gas),DX Cooling,yes,no,no,140000.0
1005190070,10/30/19 12:27,Boiler (Gas),DX Cooling,yes,no,no,329116.0
1005207503,,Boiler (Gas),DX Cooling,yes,no,no,205348.0
1005220001,2022,Boiler (Elec),DX Cooling,yes,yes,yes,122200.0
1005220010,12/27/13,Boiler (Gas),No Cooling,yes,yes,no,150603.0
1005220012,,Boiler (Gas),DX Cooling,yes,no,no,131743.0
1005230044,12/27/13,Boiler (Gas),No Cooling,yes,yes,no,104500.0
1005230046,2023,Boiler (Gas),Plant,no,no,no,78958.0
1005230048,,Boiler (Gas),DX Cooling,yes,no,no,204920.0
1005290072,,Boiler (Gas),DX Cooling,yes,no,yes,104775.0
1005297501,2020-08-03 19:13:12,Furnace (Gas),DX Cooling,no,no,no,88138.0
1005300001,2021,Boiler (Gas),Plant,no,no,no,66905.0
1005310020,2021,Boiler (Gas),DX Cooling,yes,yes,no,67964.0
1005320015,2023,Boiler (Gas),Plant,yes,no,no,162693.0
1005440001,12/16/24 7:36,Boiler (Gas),DX Cooling,yes,no,no,101936.0
1005440008,2024,Boiler (Elec),DX Cooling,no,no,no,97020.0
1005450006,2015,Boiler (Gas),Plant,yes,no,no,127143.0
1005450015,2015,Boiler (Gas),DX Cooling,yes,yes,yes,349011.0
1005450026,12/29/15,Boiler (Gas),DX Cooling,yes,yes,yes,316832.0
1005450053,2015,Boiler (Elec),DX Cooling,yes,yes,no,93048.0
1005460021,2016,Boiler (Elec),Plant,yes,no,no,100628.0
1005460026,2016,Boiler (Elec),Plant,yes,yes,yes,56684.0
1005480009,2018,Boiler (Elec),Plant,yes,yes,yes,55224.0
1005540001,2024,District Steam,Plant,yes,yes,yes,1089849.0
1005540035,12/17/24 10:23,Furnace (Gas),DX Cooling,yes,no,no,385831.0
1005590016,2019,Boiler (Gas),Plant,yes,yes,yes,230591.0
1005630001,2023,Boiler (Gas),DX Cooling,yes,no,no,220000.0
1005630031,2023,Boiler (Gas),Plant,yes,no,no,115000.0
1005630046,2023,Boiler (Fuel Oil),DX Cooling,yes,yes,yes,57585.0
1005640007,2024,Boiler (Elec),DX Cooling,yes,no,no,57739.0
1005640034,12/31/13,Boiler (Gas),DX Cooling,yes,no,no,132000.0
1005650015,2015,Boiler (Gas),DX Cooling,yes,yes,yes,272925.0
1005760046,2016,Boiler (Gas),DX Cooling,yes,no,no,121054.0
1005770019,2017,Boiler (Gas),DX Cooling,yes,no,no,151541.0
1005770034,2017,District Steam,DX Cooling,yes,yes,no,120025.0
1005770039,4/26/18,Boiler (Gas),DX Cooling,yes,no,no,126756.0
1005770071,,Boiler (Gas),DX Cooling,no,no,no,86117.0
1005780047,2018,Boiler (Gas),Plant,yes,yes,yes,332960.0
1005780067,12/31/19 11:51,Boiler (Steam),DX Cooling,yes,no,no,120592.0
1005790047,,Boiler (Gas),DX Cooling,yes,no,no,972820.0
1005800039,12/9/20 15:16,Furnace (Gas),DX Cooling,yes,no,no,259427.0
1005800065,3/28/23 10:02,Boiler (Gas),DX Cooling,yes,no,no,137975.0
1005810063,2021,Boiler (Gas),DX Cooling,yes,yes,yes,299592.0
1005970001,2017,Boiler (Gas),DX Cooling,yes,yes,no,59615.0
1005970012,2017,Boiler (Gas),Plant,yes,yes,yes,427972.0
1005970055,2017,Boiler (Gas),DX Cooling,yes,no,no,101280.0
1005970062,2017,Boiler (Gas),DX Cooling,yes,yes,yes,193813.0
1005980042,2023,Heat Pump,DX Cooling,yes,yes,yes,208058.0
1005980058,,District Steam,Plant,yes,yes,yes,797477.0
1005990064,2022,District Steam,DX Cooling,yes,yes,yes,1076164.0
1006010047,2021,Boiler (Gas),Plant,yes,no,no,118000.0
1006020036,11/22/24 14:02,Furnace (Gas),DX Cooling,yes,no,no,108764.0
1006020068,2023,Boiler (Gas),Plant,yes,yes,yes,245330.0
1006030028,12/22/23 12:42,Boiler (Steam),DX Cooling,yes,no,no,154328.0
1006090007,2021,Boiler (Elec),DX Cooling,yes,yes,yes,140044.0
1006270043,8/10/17,Boiler (Gas),DX Cooling,yes,yes,yes,181550.0
1006450029,2015,Boiler (Gas),DX Cooling,yes,yes,yes,144000.0
1006460001,2016,Boiler (Gas),Plant,yes,yes,no,158847.0
1006460019,2016,Boiler (Gas),DX Cooling,yes,yes,no,122098.0
1006460027,2017,Boiler (Elec),DX Cooling,yes,yes,yes,53658.0
1006467501,2016-08-16,Boiler (Gas),DX Cooling,yes,yes,yes,80330.0
1006620003,2023,Boiler (Gas),Plant,yes,no,no,630695.0
1006720001,2022,Boiler (Gas),Plant,yes,yes,yes,1925012.0
1006730001,12/20/13,Boiler (Gas),Plant,yes,yes,yes,1161731.0
1006870029,10/9/20 4:13,Boiler (Gas),DX Cooling,yes,no,no,553472.0
1006900012,6/14/21 9:53,Boiler (Gas),DX Cooling,yes,no,no,195000.0
1006910043,,Boiler (Gas),DX Cooling,no,yes,yes,84803.0
1006920015,,Boiler (Gas),DX Cooling,yes,no,no,111329.0
1006920019,,Heat Pump,DX Cooling,no,no,no,85275.0
1006920023,,Boiler (Gas),DX Cooling,no,no,no,83240.0
1006960065,12/23/16,Boiler (Gas),No Cooling,yes,yes,no,108081.0
1006970013,,Heat Pump,DX Cooling,no,no,no,76672.2
1006970023,12/15/17,Boiler (Gas),No Cooling,yes,yes,no,83612.0
1006970047,12/31/18,Boiler (Gas),DX Cooling,yes,no,no,218019.0
1006970056,2017,Boiler (Gas),DX Cooling,yes,yes,no,144079.0
1006980001,2018,Boiler (Fuel Oil),DX Cooling,yes,no,no,174186.0
1006990005,,Boiler (Gas),DX Cooling,yes,no,no,300404.0
1007020010,,Boiler (Gas),Plant,yes,no,no,1835464.0
1007027501,,Boiler (Gas),DX Cooling,yes,yes,yes,398666.0
1007050001,,Boiler (Gas),Plant,yes,yes,yes,1178640.0
1007050039,2023,Boiler (Gas),Plant,yes,yes,yes,2521850.0
1007080031,,Boiler (Gas),DX Cooling,yes,yes,yes,241508.0
1007080037,12/24/18,Boiler (Gas),DX Cooling,yes,yes,yes,85442.0
1007120001,,Boiler (Gas),DX Cooling,yes,no,no,281361.0
1007120029,2023,Boiler (Elec),Plant,yes,yes,yes,62199.0
1007120036,,Boiler (Gas),DX Cooling,yes,yes,yes,154664.0
1007120038,,Boiler (Gas),DX Cooling,yes,yes,yes,122962.0
1007120042,,Boiler (Gas),DX Cooling,yes,no,no,116624.0
1007120046,,Boiler (Gas),DX Cooling,yes,yes,yes,111300.0
1007130001,2023,Boiler (Gas),DX Cooling,yes,yes,yes,1100533.0
1007280060,2018,Boiler (Gas),Plant,yes,yes,yes,119996.0
1007290163,,Boiler (Gas),DX Cooling,yes,no,no,178460.0
1007297504,,Boiler (Gas),DX Cooling,yes,yes,yes,1976539.0
1007297505,,Boiler (Gas),DX Cooling,yes,yes,yes,1819686.0
1007310001,2021,Boiler (Gas),Plant,yes,yes,yes,538520.0
1007390001,2021,District Steam,Plant,yes,yes,yes,2161994.0
1007540078,12/26/24 14:11,Furnace (Gas),DX Cooling,yes,no,no,338962.0
1007570031,12/1/13,Boiler (Gas),DX Cooling,yes,yes,yes,611625.0
1007570054,2017,Boiler (Gas),DX Cooling,yes,yes,yes,618653.0
1007580082,2018,Boiler (Gas),Plant,yes,yes,yes,384610.0
1007587501,2017-09-05,Boiler (Gas),DX Cooling,yes,yes,yes,286520.0
1007590031,2019,Boiler (Elec),Plant,yes,no,no,62632.0
1007590037,7/20/20 16:22,Boiler (Steam),DX Cooling,yes,no,no,266912.0
1007590045,2019,Boiler (Gas),DX Cooling,yes,yes,yes,330291.0
1007600012,2020,Boiler (Gas),DX Cooling,no,no,no,98454.0
1007600032,2022,Boiler (Gas),Plant,yes,yes,yes,232458.0
1007600043,,Boiler (Gas),DX Cooling,yes,no,no,137003.0
1007600055,2023,Boiler (Elec),DX Cooling,yes,no,no,109885.0
1007600063,11/9/21 10:10,Boiler (Steam),DX Cooling,yes,no,no,122817.0
1007610033,2023,Boiler (Fuel Oil),DX Cooling,yes,yes,no,169596.0
1007610037,12/15/21 12:59,Boiler (Steam),DX Cooling,yes,no,no,162260.0
1007610053,3/23/21 8:55,Boiler (Steam),DX Cooling,yes,no,no,180064.0
1007620019,,Boiler (Steam),DX Cooling,yes,no,no,110188.0
1007620033,2024,Boiler (Fuel Oil),DX Cooling,yes,yes,no,224400.0
1007620042,,Furnace (Gas),DX Cooling,yes,no,no,112700.0
1007620050,2022,Boiler (Fuel Oil),Plant,yes,yes,yes,156508.0
1007627503,2023-03-14 07:43:48,Furnace (Gas),DX Cooling,yes,no,no,225464.0
1007630018,,Boiler (Gas),DX Cooling,no,yes,yes,93661.0
1007630024,2023,Boiler (Gas),Plant,yes,no,no,132684.0
1007630049,2024,Boiler (Elec),DX Cooling,yes,yes,yes,68060.0
1007637502,2024-11-12 11:53:57,Boiler (Steam),DX Cooling,yes,no,no,164449.0
1007640001,9/18/24 12:44,Boiler (Steam),DX Cooling,yes,no,no,185198.0
1007660061,2016,Boiler (Fuel Oil),Plant,yes,yes,yes,53168.0
1007670012,12/12/17,Boiler (Gas),DX Cooling,yes,yes,yes,108768.0
1007670015,12/12/17,Boiler (Gas),DX Cooling,yes,no,yes,118945.0
1007670054,7/11/17,Boiler (Gas),DX Cooling,yes,yes,yes,167210.0
1007680050,12/31/18,Boiler (Gas),DX Cooling,yes,yes,no,115433.0
1007750058,2015,Boiler (Elec),DX Cooling,yes,no,no,103873.0
1007760001,7/1/16,Boiler (Gas),DX Cooling,yes,yes,no,173491.0
1007760059,2016,Boiler (Fuel Oil),DX Cooling,yes,yes,yes,94331.0
1007780020,2018,Boiler (Gas),Plant,yes,yes,yes,156500.0
1007780036,2018,Boiler (Gas),Plant,yes,yes,no,87620.0
1007780043,2018,Boiler (Fuel Oil),DX Cooling,yes,no,no,217084.0
1007780048,,Boiler (Gas),DX Cooling,yes,yes,yes,125042.0
1007790013,2020,Boiler (Fuel Oil),Plant,yes,yes,yes,106960.0
1007790017,2023,Boiler (Elec),Plant,yes,yes,no,144323.0
1007790039,12/22/23 13:26,Boiler (Steam),DX Cooling,yes,no,no,143845.0
1007790041,2019,Boiler (Gas),DX Cooling,yes,yes,yes,127488.0
1007790049,,Electric Resistance,DX Cooling,no,no,no,77556.0
1007790057,2021,Boiler (Elec),Plant,yes,no,no,142801.0
1007790066,12/22/23 13:00,Boiler (Steam),DX Cooling,no,no,no,94914.0
1007790075,2021,Boiler (Fuel Oil),Plant,no,no,no,75876.0
1007800007,12/31/20 6:12,Boiler (Steam),DX Cooling,no,no,no,90174.0
1007800010,2024,Boiler (Fuel Oil),DX Cooling,yes,yes,no,104199.0
1007800013,2022,Boiler (Gas),DX Cooling,yes,yes,yes,64625.0
1007800036,2020,Boiler (Gas),Plant,yes,yes,yes,416321.0
1007800071,2021,Boiler (Gas),Plant,yes,yes,yes,65977.0
1007819002,,District Steam,Plant,yes,no,no,1803852.0
1007830070,2023,District Steam,Plant,yes,no,no,2336771.0
1007840019,,Boiler (Gas),DX Cooling,yes,no,no,461386.0
1007840041,2024,District Steam,Plant,yes,no,no,491253.0
1007840051,2024,Boiler (Gas),Plant,no,no,no,84768.0
1007840060,2024,Boiler (Gas),DX Cooling,yes,no,no,156320.0
1007840064,2024,Boiler (Gas),DX Cooling,yes,no,no,165258.0
1007840068,,Electric Resistance,DX Cooling,yes,no,no,133948.0
1007840077,2024,Boiler (Gas),DX Cooling,yes,no,no,111274.0
1007850001,,Boiler (Gas),DX Cooling,yes,no,no,243350.0
1007850007,6/28/21 11:39,Boiler (Steam),DX Cooling,yes,no,no,114368.0
1007850011,,Boiler (Gas),DX Cooling,yes,no,no,132118.0
1007850015,1/10/15,Boiler (Gas),No Cooling,no,no,no,95568.0
1007850018,2015,Boiler (Gas),DX Cooling,yes,no,no,144141.0
1007850025,12/31/15,Boiler (Gas),DX Cooling,yes,no,no,106810.0
1007850029,12/28/17,Boiler (Gas),No Cooling,yes,no,no,163681.0
1007850037,2015,Boiler (Gas),DX Cooling,yes,yes,yes,189734.0
1007850041,2013,Boiler (Gas),DX Cooling,yes,yes,yes,84575.0
1007850067,2015,Boiler (Gas),DX Cooling,yes,yes,no,152667.0
1007850075,3/16/16,Boiler (Gas),DX Cooling,no,no,no,81375.0
1007860001,,Boiler (Gas),Plant,yes,no,no,754487.0
1007860013,2016,Boiler (Gas),Plant,yes,yes,no,120459.0
1007860023,2016,Boiler (Fuel Oil),DX Cooling,yes,yes,yes,130000.0
1007860051,2016,Boiler (Gas),DX Cooling,yes,yes,yes,936037.0
1007860064,11/13/18,Boiler (Gas),DX Cooling,yes,yes,yes,83500.0
1007860068,2016,Boiler (Elec),Plant,yes,no,no,145720.0
1007860076,12/30/16,Boiler (Gas),DX Cooling,yes,no,no,139629.0
1007870001,12/27/17,Boiler (Gas),DX Cooling,yes,no,no,225858.0
1007870011,12/14/17,Boiler (Gas),DX Cooling,yes,yes,no,214130.0
1007870020,2017,Boiler (Fuel Oil),DX Cooling,no,no,no,93948.0
1007870025,12/20/18,Boiler (Gas),DX Cooling,yes,no,no,163103.0
1007870040,2017,Boiler (Fuel Oil),DX Cooling,yes,yes,no,606000.0
1007870044,2017,Boiler (Elec),Plant,yes,yes,no,553748.0
1007870059,12/21/17,Boiler (Gas),DX Cooling,yes,yes,no,137887.0
1007870067,11/6/17,Boiler (Gas),DX Cooling,yes,yes,yes,96275.0
1007870072,2017,Boiler (Fuel Oil),DX Cooling,no,no,no,96736.0
1007870076,5/30/17,Boiler (Gas),DX Cooling,yes,no,yes,95491.0
1007880004,2018,Boiler (Gas),DX Cooling,yes,no,no,75115.0
1007880011,12/31/13,Boiler (Gas),DX Cooling,yes,yes,no,146377.0
1007880037,12/31/18,Boiler (Gas),DX Cooling,yes,no,yes,144635.0
1007880049,2018,Boiler (Fuel Oil),DX Cooling,yes,yes,yes,340000.0
1007880066,12/19/18,Boiler (Gas),No Cooling,yes,yes,no,81763.0
1007880073,2018,Boiler (Fuel Oil),DX Cooling,yes,no,no,181921.0
1007880078,12/18/19 6:59,Boiler (Steam),DX Cooling,yes,no,no,154516.0
1007880086,,Boiler (Gas),DX Cooling,yes,no,no,119223.0
1007887501,,Boiler (Gas),DX Cooling,yes,no,no,345216.0
1007890009,2020-03-13 16:44:46,Boiler (Gas),DX Cooling,yes,no,no,177975.0
1007890014,2021,Boiler (Elec),DX Cooling,yes,yes,yes,117554.0
1007890021,2019,Boiler (Fuel Oil),Plant,yes,yes,yes,218558.0
1007890027,,Boiler (Gas),DX Cooling,no,no,no,88100.0
1007890030,2019,Boiler (Gas),DX Cooling,yes,no,no,229162.0
1007890036,2020,Boiler (Gas),DX Cooling,yes,yes,yes,225981.0
1007890052,2022,Boiler (Gas),DX Cooling,yes,yes,yes,166315.0
1007890062,2020,Boiler (Gas),DX Cooling,yes,no,no,145773.0
1007890075,2019,Boiler (Gas),DX Cooling,yes,yes,no,116100.0
1007940017,2024,Boiler (Gas),DX Cooling,yes,yes,yes,52500.0
1007940025,12/20/18,Boiler (Gas),DX Cooling,yes,no,no,228000.0
1007940030,2024,Boiler (Gas),Plant,yes,yes,no,134235.0
1007950028,2013,Boiler (Fuel Oil),Plant,yes,yes,yes,165513.0
1007950037,2016,Boiler (Gas),DX Cooling,yes,yes,yes,76651.0
1007950044,2015,District Steam,DX Cooling,yes,no,no,173891.0
1007970037,12/29/17,Boiler (Gas),DX Cooling,yes,yes,no,237000.0
1007970054,7/11/18,Boiler (Gas),DX Cooling,yes,yes,yes,89389.0
1007990012,2020,Boiler (Fuel Oil),DX Cooling,yes,yes,yes,68940.0
1007990028,2022,Boiler (Fuel Oil),Plant,yes,yes,yes,98800.0
1008000025,2021,Boiler (Elec),DX Cooling,yes,yes,yes,130876.0
1008000061,12/28/20 7:31,Boiler (Steam),DX Cooling,no,no,no,96000.0
1008000065,2021,Boiler (Fuel Oil),Plant,no,no,no,66528.0
1008000068,2020,Boiler (Gas),DX Cooling,no,no,no,66115.0
1008010001,2022,Boiler (Fuel Oil),DX Cooling,yes,yes,yes,548680.0
1008010008,12/31/23 8:31,Furnace (Gas),DX Cooling,no,no,no,86027.0
1008010024,2021,Steam Plant (Gas),DX Cooling,yes,yes,yes,128947.0
1008010051,,Boiler (Steam),DX Cooling,no,no,no,97005.0
1008010055,2022,Boiler (Fuel Oil),DX Cooling,yes,yes,yes,75888.0
1008010061,,Heat Pump,DX Cooling,no,no,no,95069.0
1008020008,2022,Boiler (Fuel Oil),Plant,yes,yes,yes,179131.0
1008020022,,Heat Pump,DX Cooling,no,no,no,92970.0
1008020056,2022,Boiler (Fuel Oil),DX Cooling,yes,yes,yes,117291.0
1008020075,2023,Boiler (Fuel Oil),Plant,yes,no,no,108000.0
1008030004,12/16/13,Boiler (Gas),DX Cooling,yes,yes,yes,197612.0
1008030007,12/29/13,Boiler (Gas),DX Cooling,yes,yes,no,115925.0
1008030018,11/11/13,Boiler (Gas),DX Cooling,yes,yes,yes,84745.0
1008030021,2023,Boiler (Elec),Plant,yes,no,no,118785.0
1008030067,2023,Boiler (Fuel Oil),Plant,yes,yes,yes,123557.0
1008040001,2024,Boiler (Gas),DX Cooling,yes,yes,yes,410334.0
1008040011,2024,Boiler (Fuel Oil),DX Cooling,no,no,no,57906.0
1008040044,2024,Boiler (Gas),DX Cooling,yes,yes,yes,130060.0
1008050003,2017,Boiler (Fuel Oil),Plant,yes,yes,yes,190325.0
1008050019,2015,Boiler (Fuel Oil),DX Cooling,no,no,no,70862.0
1008050022,2013-12-31,Boiler (Gas),No Cooling,yes,yes,no,85869.0
1008050039,12/20/18,Boiler (Gas),DX Cooling,yes,yes,no,79465.0
1008050094,12/15/17,Boiler (Gas),DX Cooling,yes,no,no,216841.0
1008060001,12/19/17,Boiler (Gas),DX Cooling,yes,yes,yes,83642.0
1008060006,11/13/17,Boiler (Gas),DX Cooling,yes,yes,yes,85517.0
1008060009,2016,Boiler (Gas),Plant,no,no,no,98598.0
1008060026,12/29/17,Boiler (Gas),No Cooling,yes,no,no,151525.0
1008060058,2016,Boiler (Gas),Plant,yes,no,no,384655.0
1008070001,2017,District Steam,Plant,yes,yes,yes,1132632.0
1008070028,2017,Boiler (Gas),DX Cooling,yes,no,no,221227.0
1008070039,2017,Boiler (Elec),DX Cooling,yes,no,no,214349.0
1008080040,2019,District Steam,Plant,yes,yes,yes,1123365.0
1008090053,12/23/19 8:58,Boiler (Gas),DX Cooling,yes,no,no,806417.0
1008110001,,Heat Pump,DX Cooling,yes,no,no,408511.0
1008110010,,Boiler (Steam),DX Cooling,no,no,no,99184.0
1008110016,2/28/23 9:20,Boiler (Steam),DX Cooling,no,no,no,91777.0
1008110021,2021,Boiler (Gas),DX Cooling,yes,yes,yes,313294.0
1008110031,2021,District Steam,Plant,yes,yes,yes,386786.0
1008110051,2021,Boiler (Gas),DX Cooling,yes,yes,yes,187350.0
1008110056,2024,Boiler (Fuel Oil),Plant,yes,yes,no,101203.0
1008110062,2022,Boiler (Elec),DX Cooling,no,no,no,51853.0
1008117501,2021-12-30 00:01:03 UTC,Boiler (Gas),DX Cooling,yes,no,no,193534.0
1008120006,2023,Boiler (Gas),DX Cooling,yes,yes,no,182000.0
1008120016,2022,Boiler (Gas),DX Cooling,yes,no,no,165000.0
1008120019,2022,Boiler (Gas),DX Cooling,yes,no,no,107209.0
1008120022,,Boiler (Gas),DX Cooling,yes,no,no,397978.0
1008120029,,District Steam,DX Cooling,no,no,no,76804.0
1008120049,2/23/23 15:41,Furnace (Gas),DX Cooling,yes,no,no,234846.0
1008120063,12/31/23 11:05,Furnace (Gas),DX Cooling,yes,no,no,120000.0
1008120069,2024,Boiler (Elec),Plant,yes,yes,no,93846.0
1008130001,12/29/23 14:00,Boiler (Steam),DX Cooling,yes,no,no,433330.0
1008130023,11/26/13,Boiler (Gas),Plant,yes,no,yes,479620.0
1008130031,12/19/13,Boiler (Gas),DX Cooling,yes,no,yes,241001.0
1008130050,,District Steam,DX Cooling,yes,yes,yes,204034.0
1008130055,2023,Boiler (Gas),DX Cooling,yes,yes,no,499340.0
1008140001,12/17/24 13:02,Boiler (Steam),DX Cooling,yes,no,no,411074.0
1008140015,12/27/24 6:15,Furnace (Gas),DX Cooling,yes,no,no,911896.0
1008140019,12/16/24 7:18,Boiler (Steam),DX Cooling,yes,no,no,768321.0
1008140046,2024,District Steam,Plant,yes,no,no,118949.0
1008140052,12/19/15,Boiler (Gas),DX Cooling,yes,yes,yes,367212.0
1008150001,2015,District Steam,Plant,yes,yes,no,1088074.0
1008150014,2017,Boiler (Fuel Oil),DX Cooling,yes,yes,yes,361767.0
1008150021,12/23/16,Boiler (Gas),Plant,yes,yes,yes,173108.0
1008150026,,Boiler (Gas),DX Cooling,yes,no,no,404413.0
1008150039,,Electric Resistance,DX Cooling,yes,no,no,129808.0
1008150046,2015,District Steam,Plant,yes,yes,yes,364000.0
1008160037,2016,Boiler (Gas),Plant,yes,yes,yes,139895.0
1008177502,2013-12-31,Boiler (Gas),DX Cooling,yes,yes,no,250671.0
1008180041,12/23/19 11:59,Boiler (Gas),DX Cooling,yes,no,no,148940.0
1008180051,12/27/18,Boiler (Gas),DX Cooling,yes,yes,yes,351552.0
1008180066,11/10/18,Boiler (Gas),DX Cooling,yes,yes,no,106770.0
1008190010,2019,Boiler (Gas),DX Cooling,yes,no,no,204970.0
1008190037,2019,Boiler (Gas),DX Cooling,yes,yes,yes,70800.0
1008190039,2019,Boiler (Gas),Plant,yes,yes,yes,244069.0
1008190044,12/31/13,Boiler (Gas),DX Cooling,yes,no,no,100621.0
1008190056,2020,Boiler (Gas),Plant,yes,yes,yes,180000.0
1008200026,2024,Boiler (Elec),DX Cooling,yes,no,no,191400.0
1008200038,2023,Boiler (Fuel Oil),Plant,yes,yes,yes,120000.0
1008210014,2022,Boiler (Fuel Oil),Plant,yes,yes,yes,107152.0
1008210032,2023,Boiler (Gas),DX Cooling,yes,yes,no,284180.0
1008210038,,Boiler (Gas),DX Cooling,no,no,no,91000.0
1008210041,2024,Boiler (Elec),DX Cooling,yes,yes,no,187536.0
1008210055,2022,Boiler (Gas),Plant,yes,yes,yes,93722.0
1008217501,,Boiler (Gas),DX Cooling,no,no,no,95316.0
1008220009,,Furnace (Gas),DX Cooling,yes,no,no,105942.0
1008220015,2022,Boiler (Fuel Oil),Plant,yes,yes,yes,100800.0
1008220031,2023,Boiler (Elec),Plant,yes,yes,yes,159009.0
1008220049,2022,Boiler (Fuel Oil),Plant,no,no,no,58900.0
1008220052,2022,Boiler (Gas),DX Cooling,yes,no,no,45873.0
1008220054,,Boiler (Gas),DX Cooling,yes,yes,yes,101368.0
1008220058,2022,Boiler (Gas),DX Cooling,yes,no,no,60798.0
1008220062,2022,Boiler (Elec),DX Cooling,yes,no,no,68808.0
1008220070,2022,Boiler (Gas),DX Cooling,yes,yes,yes,142532.0
1008227507,2023-12-21 13:55:51,Boiler (Gas),DX Cooling,yes,no,no,214027.0
1008230024,2024,Boiler (Elec),Plant,yes,no,no,118948.0
1008230029,2023,Boiler (Gas),Plant,yes,no,no,137007.0
1008230055,12/19/13,Boiler (Gas),DX Cooling,yes,no,yes,169887.0
1008230073,2024,Boiler (Elec),DX Cooling,yes,yes,no,55200.0
1008240015,10/30/24 6:12,Boiler (Gas),DX Cooling,yes,no,no,284930.0
1008240028,2024,Boiler (Gas),Plant,yes,yes,no,499228.0
1008240032,2024,Boiler (Fuel Oil),DX Cooling,yes,yes,no,81527.0
1008250012,2015,Boiler (Gas),DX Cooling,yes,yes,no,337000.0
1008250017,7/22/14,Boiler (Gas),DX Cooling,yes,yes,no,92285.0
1008250031,10/19/15,Boiler (Gas),DX Cooling,yes,yes,yes,704950.0
1008260019,12/15/17,Boiler (Gas),DX Cooling,no,no,no,94075.0
1008260026,2017,Boiler (Gas),DX Cooling,yes,yes,yes,51659.0
1008260046,2016,Boiler (Gas),DX Cooling,yes,yes,no,294000.0
1008260057,2017,Boiler (Fuel Oil),Plant,yes,yes,yes,114806.0
1008260065,2017,Boiler (Fuel Oil),DX Cooling,yes,yes,yes,128965.0
1008260069,2016,Boiler (Fuel Oil),DX Cooling,yes,yes,yes,107473.0
1008270008,1/4/18,Boiler (Gas),DX Cooling,yes,yes,yes,91075.0
1008270028,12/20/13,Boiler (Gas),DX Cooling,yes,no,yes,105667.0
1008270049,12/20/13,Boiler (Gas),DX Cooling,yes,no,no,183168.0
1008270064,12/28/17,Boiler (Gas),DX Cooling,no,no,no,88000.0
1008280009,2018,Boiler (Fuel Oil),DX Cooling,yes,yes,yes,112259.0
1008280033,2018,Boiler (Fuel Oil),DX Cooling,yes,no,no,140906.0
1008280035,12/31/19 14:20,Boiler (Steam),DX Cooling,yes,yes,yes,150888.0
1008280041,2019-12-20 07:55:14,Boiler (Steam),DX Cooling,yes,no,no,404245.0
1008280056,12/20/18,Boiler (Gas),DX Cooling,no,no,no,91000.0
1008290007,10/30/19 11:55,Furnace (Gas),DX Cooling,no,no,no,83050.0
1008290011,2020,Steam Plant (Gas),DX Cooling,yes,yes,yes,54238.0
1008290016,2019,Boiler (Fuel Oil),DX Cooling,yes,yes,yes,106799.0
1008290032,2020,Steam Plant (Gas),DX Cooling,yes,yes,yes,50234.0
1008290036,2022,District Steam,DX Cooling,yes,yes,yes,65247.0
1008290068,2020,Boiler (Gas),DX Cooling,yes,no,no,141830.0
1008300062,2020,Boiler (Gas),DX Cooling,yes,yes,no,110000.0
1008310042,2021-12-30 00:05:25 UTC,Boiler (Gas),DX Cooling,yes,no,no,133300.0
1008320001,2024,Boiler (Fuel Oil),Plant,yes,yes,no,187973.0
1008320017,2022,Boiler (Gas),DX Cooling,yes,yes,yes,188884.0
1008330006,2023,Boiler (Elec),Plant,yes,no,no,120882.0
1008330011,2023,District Steam,Plant,yes,yes,yes,706740.0
1008330018,12/8/23 8:52,Boiler (Gas),DX Cooling,yes,no,no,132844.0
1008330038,2023,Boiler (Gas),Plant,yes,yes,no,75700.0
1008330057,2023,Boiler (Gas),DX Cooling,yes,no,no,113000.0
1008340019,2021,Boiler (Fuel Oil),DX Cooling,no,no,no,61745.0
1008340022,12/17/15,Boiler (Gas),DX Cooling,yes,yes,yes,206388.0
1008340039,,Boiler (Gas),DX Cooling,no,no,no,99922.0
1008340048,,Boiler (Gas),DX Cooling,yes,no,no,179472.0
1008340049,2024,Boiler (Gas),DX Cooling,yes,yes,yes,319200.0
1008340080,12/22/15,Boiler (Gas),DX Cooling,yes,yes,yes,117650.0
1008347501,,Boiler (Gas),DX Cooling,yes,yes,yes,145814.0
1008350041,,District Steam,Plant,yes,no,no,2812739.0
1008360007,2016,Boiler (Gas),DX Cooling,no,no,no,89582.0
1008360010,12/22/16,Boiler (Gas),DX Cooling,yes,no,no,275609.0
1008360020,12/22/16,Boiler (Gas),DX Cooling,yes,yes,yes,193957.0
1008360026,2016,District Steam,Plant,yes,yes,yes,443631.0
1008360033,2016,Boiler (Gas),DX Cooling,yes,no,no,62853.0
1008360035,2017,Boiler (Fuel Oil),DX Cooling,yes,no,no,148709.0
1008360043,2016,Boiler (Fuel Oil),DX Cooling,yes,yes,yes,154340.0
1008367502,,Boiler (Gas),DX Cooling,yes,no,no,80978.0
1008370001,,District Steam,DX Cooling,yes,no,no,100738.0
1008370023,2017,District Steam,DX Cooling,no,no,no,71180.0
1008370036,2017,Boiler (Fuel Oil),DX Cooling,no,no,no,87301.0
1008370048,,District Steam,DX Cooling,yes,no,no,133544.0
1008370056,2017,Boiler (Gas),DX Cooling,yes,yes,yes,59367.0
1008370058,2018,Boiler (Gas),DX Cooling,yes,yes,yes,71534.0
1008380008,2018,Boiler (Elec),DX Cooling,no,no,no,58825.0
1008380012,2018,Boiler (Gas),DX Cooling,yes,yes,yes,75754.0
1008380015,2018,Boiler (Elec),Plant,yes,yes,yes,108875.0
1008380024,10/22/19 14:33,Furnace (Gas),DX Cooling,no,no,no,91221.0
1008380048,2018,Boiler (Fuel Oil),DX Cooling,yes,yes,no,83288.0
1008380062,2018,Boiler (Fuel Oil),DX Cooling,no,no,no,75509.0
1008380072,2018,Boiler (Elec),DX Cooling,yes,no,no,54725.0
1008380076,2018,Boiler (Gas),DX Cooling,yes,yes,no,130625.0
1008390009,2020,Boiler (Gas),Plant,yes,no,no,155943.0
1008390016,,Boiler (Gas),DX Cooling,no,no,no,98270.0
1008390019,2019,Boiler (Fuel Oil),Plant,yes,yes,yes,57698.0
1008390029,9/23/20 6:05,Boiler (Gas),DX Cooling,yes,no,no,129465.0
1008390034,,Boiler (Gas),DX Cooling,no,no,no,82878.0
1008390055,,Boiler (Gas),DX Cooling,yes,no,no,112120.0
1008390060,2020,Boiler (Gas),DX Cooling,no,no,no,65000.0
1008390070,2019,Boiler (Fuel Oil),Plant,yes,yes,yes,66577.0
1008390073,12/13/19 12:46,Boiler (Steam),DX Cooling,yes,no,no,120000.0
1008397501,,Heat Pump,DX Cooling,yes,no,no,582435.0
1008400013,2021,Boiler (Gas),DX Cooling,no,no,no,63412.0
1008400023,2020,Boiler (Fuel Oil),DX Cooling,yes,yes,yes,109172.0
1008400028,2020,Boiler (Elec),Plant,no,no,no,65240.0
1008400031,2022,Boiler (Fuel Oil),Plant,yes,yes,yes,60449.0
1008400042,2024,Boiler (Elec),DX Cooling,yes,no,no,51271.0
1008400058,2020,District Steam,DX Cooling,yes,no,no,51273.0
1008400071,2020,Boiler (Gas),DX Cooling,yes,no,no,157748.0
1008410001,2023,Boiler (Gas),DX Cooling,yes,no,no,255000.0
1008410008,2021-12-30 23:11:49 UTC,Furnace (Gas),DX Cooling,yes,no,no,114421.0
1008410018,2023,Boiler (Fuel Oil),Plant,no,no,no,51000.0
1008410020,,District Steam,DX Cooling,yes,no,no,208528.0
1008410027,2022,District Steam,DX Cooling,no,no,no,79056.0
1008410031,2022,District Steam,Plant,yes,yes,yes,135332.0
1008410049,2021,District Steam,Plant,yes,yes,no,654013.0
1008410054,2021,Boiler (Gas),Plant,yes,yes,yes,121758.0
1008410075,,Boiler (Gas),DX Cooling,no,no,no,91000.0
1008410081,,Boiler (Gas),DX Cooling,no,no,no,99058.0
1008417502,2023-01-30 07:49:42 UTC,Boiler (Gas),DX Cooling,yes,yes,yes,1145415.8
1008420023,12/21/23 14:09,Boiler (Steam),DX Cooling,no,no,no,92433.0
1008420042,2023,Boiler (Fuel Oil),DX Cooling,yes,yes,no,138727.0
1008430020,12/29/23 5:55,Furnace (Gas),DX Cooling,no,no,no,87545.0
1008430045,2024,Boiler (Gas),DX Cooling,yes,yes,yes,272680.0
1008440001,2024,Boiler (Elec),DX Cooling,yes,no,no,103022.0
1008440003,2024,Boiler (Gas),DX Cooling,yes,yes,no,57820.0
1008440042,2024,Boiler (Gas),Plant,yes,yes,no,51838.0
1008460026,2016,Boiler (Fuel Oil),DX Cooling,no,no,no,75799.0
1008460033,12/31/16,Boiler (Gas),DX Cooling,yes,yes,yes,237139.0
1008470001,,Heat Pump,DX Cooling,yes,yes,yes,214700.0
1008470016,2017-12-31,Boiler (Gas),DX Cooling,no,no,no,92418.0
1008470027,,Boiler (Gas),DX Cooling,yes,yes,yes,101724.0
1008470040,2017,Boiler (Fuel Oil),Plant,yes,yes,yes,350000.0
1008470062,12/22/17,Boiler (Gas),DX Cooling,yes,no,no,276481.0
1008480043,1/3/17,Boiler (Gas),DX Cooling,yes,yes,no,111569.0
1008480061,12/5/18,Boiler (Gas),DX Cooling,yes,no,yes,98146.0
1008490016,2019,Boiler (Gas),Plant,yes,yes,yes,342429.0
1008490031,2019,Boiler (Gas),Plant,yes,yes,yes,65600.0
1008490063,2020,Boiler (Gas),DX Cooling,yes,yes,yes,98394.0
1008490070,,Boiler (Gas),DX Cooling,yes,no,no,215740.0
1008500001,2020,Boiler (Fuel Oil),DX Cooling,yes,yes,yes,173159.0
1008500012,12/17/20 7:28,Boiler (Steam),DX Cooling,no,no,no,76389.0
1008500025,2020,Boiler (Gas),DX Cooling,yes,no,no,100000.0
1008510001,,Boiler (Gas),DX Cooling,yes,yes,yes,183449.0
1008510035,,Boiler (Gas),DX Cooling,yes,no,no,168200.0
1008510041,2021,District Steam,DX Cooling,yes,yes,yes,211732.0
1008530002,,Boiler (Gas),Plant,yes,yes,yes,1233394.0
1008547501,2024-12-30 10:56:59,Furnace (Gas),DX Cooling,yes,no,no,1630256.0
1008550016,12/18/15,Boiler (Gas),DX Cooling,yes,yes,yes,185000.0
1008550024,12/15/15,Boiler (Gas),Plant,yes,yes,yes,450727.0
1008550037,2015,District Steam,Plant,yes,yes,yes,562152.0
1008560009,2016,Boiler (Gas),DX Cooling,yes,yes,no,217991.0
1008560024,12/21/16,Boiler (Gas),Plant,yes,yes,yes,1159795.0
1008560058,2017,Boiler (Fuel Oil),DX Cooling,yes,yes,yes,175428.0
1008570024,2017,District Steam,Plant,yes,yes,yes,786069.0
1008570038,12/13/17,Boiler (Gas),DX Cooling,yes,yes,yes,232133.0
1008570062,2017,Boiler (Gas),DX Cooling,yes,yes,yes,58500.0
1008570076,10/30/18,Boiler (Gas),DX Cooling,yes,yes,yes,258639.0
1008580006,2018,Boiler (Gas),DX Cooling,yes,yes,no,58952.0
1008580022,2018,Boiler (Fuel Oil),DX Cooling,yes,no,no,257637.0
1008580049,2018,Boiler (Fuel Oil),DX Cooling,no,no,no,60000.0
1008580078,5/10/21 13:44,Boiler (Steam),DX Cooling,yes,no,no,444716.0
1008590015,2020,Boiler (Fuel Oil),Plant,yes,yes,yes,108290.0
1008590024,2019,Boiler (Elec),DX Cooling,yes,yes,yes,120000.0
1008590039,12/31/19 6:33,Boiler (Steam),DX Cooling,yes,no,no,126784.0
1008590048,2019,Boiler (Gas),Plant,yes,no,no,160709.0
1008590052,2019,Boiler (Gas),Plant,yes,yes,yes,75655.0
1008590064,2019,Boiler (Elec),DX Cooling,yes,yes,yes,234970.0
1008590072,2019,Boiler (Elec),Plant,no,no,no,88560.0
1008600001,2020,Boiler (Gas),DX Cooling,yes,yes,no,614040.0
1008600045,2021,Boiler (Fuel Oil),DX Cooling,yes,yes,yes,172831.0
1008600049,2020,Boiler (Gas),DX Cooling,yes,no,no,150686.0
1008610001,2023,Boiler (Gas),Plant,yes,no,no,160454.0
1008610003,2021,Boiler (Elec),DX Cooling,yes,no,no,60648.0
1008610015,2021,Boiler (Elec),DX Cooling,yes,yes,yes,272000.0
1008610022,2021,Boiler (Gas),Plant,yes,yes,yes,180019.0
1008610044,12/18/23 9:40,Boiler (Steam),DX Cooling,yes,no,no,227053.0
1008610047,2023,Boiler (Gas),DX Cooling,yes,yes,yes,83623.0
1008610049,2021,Boiler (Gas),DX Cooling,yes,yes,yes,85845.0
1008610057,,Boiler (Gas),DX Cooling,yes,yes,yes,119006.0
1008610064,2023,Boiler (Elec),Plant,yes,yes,yes,71871.0
1008610072,2023,Boiler (Elec),DX Cooling,yes,no,no,145500.0
1008610075,2023,Boiler (Gas),DX Cooling,yes,yes,yes,56000.0
1008620013,2022,Boiler (Gas),Plant,yes,yes,yes,57156.0
1008620016,2023,Boiler (Gas),DX Cooling,yes,no,no,98000.0
1008620026,2023,Boiler (Gas),Plant,yes,yes,yes,53934.0
1008620029,2023-03-07 08:03:49,Furnace (Gas),DX Cooling,yes,no,no,852731.0
1008620045,2022,Boiler (Gas),DX Cooling,yes,yes,yes,91554.0
1008630004,12/27/19 8:15,Boiler (Steam),DX Cooling,yes,no,no,107095.0
1008630006,2023,Boiler (Gas),DX Cooling,yes,no,no,127866.0
1008630013,12/17/24 7:50,Furnace (Gas),DX Cooling,yes,no,no,349683.0
1008630027,2024,Boiler (Fuel Oil),DX Cooling,yes,yes,no,113182.0
1008630029,2024,Boiler (Gas),DX Cooling,yes,no,no,139841.0
1008630060,2024,Boiler (Fuel Oil),Plant,yes,no,yes,233484.0
1008630067,2024,District Steam,DX Cooling,yes,yes,no,280956.0
1008640025,5/12/15,Boiler (Gas),DX Cooling,no,no,no,79961.0
1008650014,2015,District Steam,Plant,yes,yes,yes,659245.0
1008650071,12/1/17,Boiler (Gas),Plant,yes,yes,yes,88595.0
1008660001,2016,Boiler (Fuel Oil),Plant,yes,yes,yes,122686.0
1008660076,2016,Boiler (Fuel Oil),DX Cooling,yes,yes,yes,156760.0
1008670001,,Boiler (Gas),DX Cooling,yes,no,no,116598.0
1008670015,10/25/17,Boiler (Gas),DX Cooling,yes,yes,yes,115945.0
1008670018,2017-12-15,Boiler (Gas),DX Cooling,yes,no,no,1403959.0
1008670070,12/29/17,Boiler (Gas),DX Cooling,yes,yes,yes,309346.0
1008680008,2018,Boiler (Gas),DX Cooling,yes,yes,yes,82878.0
1008680010,10/16/19 14:49,Boiler (Steam),DX Cooling,no,no,no,80797.0
1008680012,2018,Boiler (Elec),DX Cooling,no,no,no,59191.0
1008680016,2018,District Steam,Plant,yes,yes,yes,568459.0
1008680025,2018,District Steam,Plant,yes,yes,yes,396239.0
1008680072,2018,Boiler (Gas),DX Cooling,yes,yes,yes,67365.0
1008690016,,Heat Pump,DX Cooling,yes,no,no,217317.0
1008690020,2019,Boiler (Gas),DX Cooling,yes,no,no,104431.0
1008690034,2019,District Steam,Plant,yes,yes,yes,868814.0
1008690054,12/2/20 12:24,Boiler (Steam),DX Cooling,yes,no,no,281263.0
1008690058,,Boiler (Gas),DX Cooling,no,no,no,91212.0
1008690064,2019,Boiler (Elec),DX Cooling,yes,yes,no,89423.0
1008690066,2020,District Steam,DX Cooling,yes,yes,yes,430070.0
1008710003,2021,Boiler (Fuel Oil),Plant,yes,yes,yes,145772.0
1008710060,2021,Boiler (Gas),Plant,yes,yes,yes,102805.0
1008710068,2/28/23 18:44,Boiler (Steam),DX Cooling,yes,no,no,165875.0
1008710070,2021,Boiler (Fuel Oil),Plant,no,no,no,67625.0
1008720013,2024,District Steam,DX Cooling,yes,yes,no,349777.0
1008730067,2023,Boiler (Fuel Oil),DX Cooling,yes,no,no,333340.0
1008737502,,Heat Pump,DX Cooling,no,no,no,91158.0
1008740001,12/31/17,Boiler (Gas),Plant,yes,yes,yes,455451.0
1008740004,,Boiler (Gas),DX Cooling,yes,no,no,142173.0
1008760001,2018,Boiler (Gas),DX Cooling,yes,yes,yes,104048.0
1008760006,2016,Boiler (Gas),DX Cooling,yes,yes,yes,220736.0
1008780001,12/17/21 8:23,Boiler (Gas),DX Cooling,yes,no,no,106453.0
1008780065,2018,Boiler (Fuel Oil),DX Cooling,yes,no,no,220511.0
1008790081,2019,Boiler (Fuel Oil),DX Cooling,yes,yes,yes,356330.0
1008800014,2020,Boiler (Gas),DX Cooling,yes,yes,no,65000.0
1008800084,2020,Boiler (Gas),DX Cooling,yes,yes,no,130000.0
1008810001,2021,Boiler (Gas),DX Cooling,yes,no,no,269231.0
1008810029,2023,Boiler (Elec),DX Cooling,yes,no,no,71043.0
1008820003,,Heat Pump,DX Cooling,no,no,no,89311.0
1008820076,2022,Boiler (Gas),DX Cooling,yes,yes,yes,70217.0
1008820085,2/24/23 7:25,Boiler (Steam),DX Cooling,yes,no,no,209041.0
1008830001,2023,Boiler (Gas),DX Cooling,yes,yes,no,183913.0
1008830088,2024,Boiler (Fuel Oil),DX Cooling,yes,no,no,248566.0
1008860001,2016,Boiler (Fuel Oil),DX Cooling,yes,yes,yes,75588.0
1008870082,12/27/17,Boiler (Gas),DX Cooling,yes,no,no,123243.0
1008870095,2017,District Steam,Plant,yes,yes,yes,449437.0
1008880024,6/28/18,Boiler (Gas),Plant,yes,no,no,119064.0
1008880027,12/29/19 9:38,Boiler (Steam),DX Cooling,yes,no,no,101283.0
1008887503,,District Steam,DX Cooling,yes,no,no,687251.0
1008897501,2021-12-16 12:41:37,Furnace (Gas),DX Cooling,yes,no,no,977745.0
1008930025,,Boiler (Gas),DX Cooling,yes,no,no,179142.0
1008950001,,Boiler (Gas),Plant,yes,no,yes,654168.0
1008950045,12/11/15,Boiler (Gas),Plant,yes,yes,yes,493860.0
1009030047,2024,Boiler (Gas),DX Cooling,yes,no,no,150355.0
1009200012,,Boiler (Gas),Plant,yes,yes,yes,898734.0
1009270055,12/18/17,Boiler (Gas),DX Cooling,yes,yes,no,182258.0
1009400012,2020,Boiler (Elec),Plant,yes,yes,yes,105572.0
1009620001,,District Steam,DX Cooling,yes,no,no,608383.0
1009690001,,Heat Pump,DX Cooling,no,yes,yes,98400.0
1009690005,,Boiler (Gas),DX Cooling,no,no,no,98940.0
1009930001,2023,Boiler (Elec),Plant,no,no,no,71741.0
1009930011,11/19/13,Boiler (Gas),Plant,yes,yes,yes,747576.0
1009930022,2023,Boiler (Fuel Oil),DX Cooling,yes,yes,no,304345.0
1009930029,2020,District Steam,Plant,yes,yes,yes,682914.0
1009930036,,Boiler (Gas),DX Cooling,yes,no,no,174028.0
1009930047,12/29/13,Boiler (Gas),Plant,yes,yes,yes,362850.0
1009930055,2023,District Steam,DX Cooling,yes,no,no,494868.0
1009940001,2024,District Steam,DX Cooling,yes,yes,no,1079378.0
1009940045,,Boiler (Gas),DX Cooling,yes,yes,yes,217855.0
1009947504,2024-02-06 07:33:11,Furnace (Gas),DX Cooling,yes,no,no,181503.0
1009950005,2015,District Steam,Plant,yes,yes,yes,1601977.0
1009950033,2015,District Steam,Plant,yes,yes,no,2212675.0
1009960001,2016,District Steam,Plant,yes,no,no,508344.0
1009960029,2016,Boiler (Gas),Plant,yes,yes,yes,977035.0
1009970029,2017,District Steam,Plant,yes,yes,yes,686838.0
1009970041,2018,District Steam,DX Cooling,yes,yes,yes,426056.0
1009980012,2018,Boiler (Elec),DX Cooling,yes,yes,yes,81698.0
1009980024,2018,Boiler (Gas),DX Cooling,yes,yes,yes,53281.0
1009980029,,District Steam,Plant,yes,yes,yes,912955.0
1009990003,2019,Boiler (Elec),Plant,yes,yes,yes,236119.0
1009990009,2019,Boiler (Fuel Oil),Plant,yes,yes,yes,61160.0
1009990019,2019,District Steam,Plant,yes,yes,yes,577534.0
1009990029,2019,District Steam,DX Cooling,yes,yes,yes,1041308.0
1010000001,,Boiler (Gas),DX Cooling,yes,no,no,88931.0
1010000029,,District Steam,Plant,yes,yes,yes,1984228.0
1010010029,12/27/13,Boiler (Gas),Plant,yes,yes,yes,2636182.0
1010020001,,Boiler (Gas),DX Cooling,yes,no,no,1020000.0
1010030005,2023,District Steam,Plant,yes,yes,yes,751395.0
1010030029,2023,District Steam,Plant,yes,no,no,1962900.0
1010040020,2024,District Steam,Plant,yes,yes,yes,1811610.0
1010040029,2024,District Steam,Plant,yes,no,yes,1708404.0
1010050029,2023,District Steam,Plant,yes,no,no,1482208.0
1010060013,,District Steam,Plant,yes,yes,yes,753137.0
1010070029,2017,District Steam,Plant,yes,yes,yes,1900241.0
1010080019,,District Steam,Plant,yes,no,no,540000.0
1010080037,2018,Boiler (Gas),DX Cooling,yes,yes,yes,87573.0
1010090005,2019,District Steam,DX Cooling,yes,yes,yes,599778.0
1010090050,,Boiler (Gas),DX Cooling,yes,yes,no,90000.0
1010100015,,District Steam,DX Cooling,yes,yes,yes,260703.0
1010100021,2023,District Steam,DX Cooling,yes,no,no,112147.0
1010120015,12/28/23 9:45,Boiler (Gas),DX Cooling,yes,no,no,268420.0
1010120023,2022,Boiler (Gas),DX Cooling,no,no,no,67823.0
1010127501,2022-12-15 14:58:57 UTC,Furnace (Gas),DX Cooling,yes,no,no,1259189.0
1010127502,2023-02-28 15:24:49,Furnace (Gas),DX Cooling,yes,no,no,150338.0
1010130029,2023,District Steam,Plant,yes,yes,no,979677.0
1010130041,,Boiler (Gas),DX Cooling,yes,no,no,232570.0
1010130042,,Boiler (Gas),DX Cooling,yes,yes,yes,235300.0
1010137501,,Boiler (Gas),DX Cooling,yes,no,no,240118.0
1010140033,2024,District Steam,Plant,yes,no,yes,855000.0
1010150029,2017,Boiler (Fuel Oil),Plant,yes,yes,yes,762028.0
1010160036,2017,District Steam,Plant,yes,yes,yes,2052075.0
1010197502,2013-12-17,Heat Pump,No Cooling,yes,no,no,1028336.0
1010210019,2021,Boiler (Gas),DX Cooling,yes,yes,yes,158150.0
1010210026,8/16/21 12:20,Furnace (Gas),DX Cooling,yes,no,no,561139.0
1010220043,,District Steam,Plant,yes,yes,yes,2438059.0
1010240015,2024,District Steam,DX Cooling,yes,no,no,736407.0
1010240038,11/14/24 12:01,Furnace (Gas),DX Cooling,yes,no,no,701095.0
1010250025,2015,District Steam,Plant,yes,yes,yes,594030.0
1010250043,2015,District Steam,Plant,yes,yes,yes,105950.0
1010250054,12/23/15,Boiler (Gas),DX Cooling,yes,yes,yes,134441.0
1010260032,2016,Boiler (Fuel Oil),Plant,yes,yes,yes,78750.0
1010260055,,Boiler (Gas),Plant,yes,yes,yes,843564.0
1010270020,2017,District Steam,Plant,yes,yes,yes,519600.0
1010277503,,Boiler (Gas),DX Cooling,yes,no,no,387093.0
1010280029,2018,District Steam,Plant,yes,no,no,816596.0
1010280033,1/17/20 7:07,Boiler (Steam),DX Cooling,yes,no,no,124782.0
1010280056,2018-12-04,Boiler (Gas),Plant,yes,yes,yes,435677.0
1010287502,,Boiler (Gas),DX Cooling,no,no,no,98341.0
1010290012,,Heat Pump,DX Cooling,yes,yes,yes,112100.0
1010290053,2019,Boiler (Gas),DX Cooling,yes,yes,yes,206334.0
1010297501,2022-12-27 17:56:00 UTC,Boiler (Steam),DX Cooling,yes,no,no,529883.0
1010320048,2022,Boiler (Elec),Plant,yes,yes,yes,552775.0
1010350001,12/15/15,Boiler (Gas),DX Cooling,yes,yes,yes,236280.0
1010350017,2015-12-30,Boiler (Gas),DX Cooling,yes,yes,yes,181021.0
1010400029,2022,District Steam,DX Cooling,yes,yes,yes,1561011.0
1010430013,12/28/23 6:36,Boiler (Steam),DX Cooling,no,no,no,90000.0
1010480033,12/30/20 7:35,Boiler (Gas),DX Cooling,yes,no,no,102720.0
1010540041,2024,Boiler (Elec),Plant,no,no,no,59152.0
1010607502,,Heat Pump,DX Cooling,yes,yes,yes,176863.0
1010650012,12/1/15,Boiler (Gas),DX Cooling,yes,no,no,263438.0
1010750001,,Boiler (Gas),Plant,yes,no,no,530130.0
1010850001,,District Steam,DX Cooling,yes,no,no,491870.0
1010850023,,District Steam,DX Cooling,yes,no,no,186100.0
1010867502,,Heat Pump,DX Cooling,yes,no,no,839398.0
1010980029,,Boiler (Steam),DX Cooling,yes,yes,yes,103788.0
1010990021,,Boiler (Gas),DX Cooling,yes,no,no,121638.0
1011020011,,Boiler (Gas),DX Cooling,yes,no,no,62375.0
1011020018,2022,Boiler (Gas),Plant,yes,no,no,275000.0
1011027501,,Boiler (Gas),DX Cooling,yes,yes,yes,378867.0
1011050036,2015,Boiler (Gas),DX Cooling,yes,yes,no,143128.0
1011130008,2024,Boiler (Elec),DX Cooling,yes,no,no,134102.0
1011130051,2023,Steam Plant (Gas),DX Cooling,yes,yes,no,113100.0
1011190001,,Heat Pump,DX Cooling,yes,no,no,132635.0
1011397502,2021-12-16 17:58:49,Boiler (Gas),DX Cooling,yes,no,no,110804.0
1012580001,,District Steam,DX Cooling,yes,yes,yes,338886.0
1012580009,,District Steam,Plant,yes,no,no,1517497.0
1012580021,,Boiler (Gas),Plant,yes,yes,yes,949976.0
1012580034,10/5/18,Boiler (Gas),DX Cooling,yes,yes,no,659122.0
1012590001,,District Steam,Plant,yes,no,no,615000.0
1012590019,2019,District Steam,DX Cooling,yes,no,no,287894.0
1012600001,,Boiler (Steam),DX Cooling,yes,no,no,179513.0
1012600024,2021,Boiler (Fuel Oil),Plant,yes,yes,yes,253442.0
1012600042,2022,Boiler (Fuel Oil),DX Cooling,yes,yes,yes,119990.0
1012600064,2022,Boiler (Gas),Plant,yes,yes,yes,58538.0
1012600071,2018,District Steam,DX Cooling,no,no,no,69481.0
1012607503,2021-09-24 08:31:24,Boiler (Gas),DX Cooling,yes,no,no,446678.0
1012610016,2024,Boiler (Gas),Plant,yes,no,no,108929.0
1012610019,2021,Boiler (Fuel Oil),DX Cooling,yes,yes,yes,55623.0
1012610021,2018,Boiler (Gas),DX Cooling,yes,yes,yes,187567.0
1012610030,2021,Boiler (Gas),DX Cooling,no,no,no,64206.0
1012610034,2023,District Steam,Plant,yes,yes,no,183524.0
1012610036,2021,District Steam,DX Cooling,no,no,no,55779.0
1012610042,2023,Boiler (Elec),DX Cooling,yes,no,no,126754.0
1012620001,2023,District Steam,Plant,yes,yes,no,327766.0
1012620024,2023,Boiler (Gas),Plant,yes,yes,no,75008.0
1012620048,2022,Boiler (Fuel Oil),Plant,yes,yes,yes,118292.0
1012620054,2022,Boiler (Elec),Plant,no,no,no,55613.0
1012620056,,Boiler (Steam),DX Cooling,no,no,no,97785.0
1012627502,2022-12-29 21:21:31 UTC,Boiler (Gas),DX Cooling,yes,no,no,487299.0
1012630005,12/21/23 9:16,Boiler (Gas),DX Cooling,no,no,no,79827.0
1012630007,2024,Boiler (Gas),Plant,yes,yes,no,81726.0
1012630014,12/21/23 7:51,Boiler (Gas),DX Cooling,no,no,no,85952.0
1012630024,12/27/24 8:51,Furnace (Gas),DX Cooling,yes,no,no,120790.0
1012630034,12/17/24 10:59,Boiler (Steam),DX Cooling,yes,no,no,373005.0
1012630038,2023,District Steam,Plant,yes,yes,no,101459.0
1012630051,2023,Boiler (Elec),Plant,no,no,no,88250.0
1012630059,2024,Boiler (Elec),Plant,no,no,no,58201.0
1012630061,12/6/13,Boiler (Gas),No Cooling,yes,yes,no,118134.0
1012630067,3/4/24 8:07,Boiler (Steam),DX Cooling,yes,no,no,105262.0
1012630071,2023,Boiler (Elec),DX Cooling,yes,no,no,248896.0
1012640005,,District Steam,Plant,yes,no,no,1898155.0
1012640030,,Boiler (Gas),DX Cooling,yes,no,no,6031626.0
1012640040,2024,District Steam,Plant,yes,yes,no,136647.0
1012650050,,District Steam,DX Cooling,yes,yes,yes,272637.0
1012657501,2013-12-30,Boiler (Gas),DX Cooling,yes,yes,yes,2122138.0
1012660001,12/30/13,Boiler (Gas),DX Cooling,yes,yes,yes,2734038.0
1012670001,2017,District Steam,Plant,yes,yes,yes,1920459.0
1012670022,2017,Boiler (Gas),Plant,yes,yes,no,616778.0
1012670034,2017,District Steam,DX Cooling,yes,yes,no,297437.0
1012670041,2013,District Steam,Plant,yes,yes,yes,345909.0
1012680001,2018,District Steam,Plant,yes,yes,yes,892704.0
1012680021,2019-12-11 09:52:01,Boiler (Gas),DX Cooling,no,no,no,75806.0
1012687501,,Boiler (Gas),DX Cooling,yes,no,no,730175.0
1012690001,2014,District Steam,DX Cooling,yes,yes,yes,474244.0
1012690041,,Boiler (Gas),Plant,yes,yes,yes,205020.0
1012700049,2022,District Steam,DX Cooling,yes,yes,yes,75000.0
1012700071,2018,District Steam,Plant,yes,yes,yes,568710.0
1012710038,2022,District Steam,Plant,yes,yes,yes,543411.0
1012710071,2021,District Steam,Plant,yes,yes,yes,311501.0
1012720034,2022,District Steam,Plant,yes,yes,yes,113292.0
1012720063,11/1/13,Boiler (Gas),Plant,yes,yes,yes,712000.0
1012720066,2022,District Steam,DX Cooling,yes,yes,yes,76843.0
1012727503,,Boiler (Gas),DX Cooling,yes,yes,yes,333666.0
1012730001,2023,District Steam,DX Cooling,yes,no,no,158597.0
1012730012,2013,District Steam,Plant,yes,yes,yes,69649.0
1012730022,12/12/23 18:58,Furnace (Gas),DX Cooling,yes,no,no,1698259.0
1012750001,2013,District Steam,DX Cooling,yes,yes,yes,238748.0
1012750008,12/31/15,Boiler (Gas),DX Cooling,yes,yes,yes,86788.0
1012750012,2016,Boiler (Fuel Oil),DX Cooling,yes,yes,yes,57653.0
1012750014,2015,Boiler (Gas),Plant,yes,yes,yes,102079.0
1012750023,2017,District Steam,Plant,yes,yes,yes,477127.0
1012750027,2015,District Steam,Plant,yes,yes,yes,861569.0
1012750050,11/7/18,Boiler (Gas),DX Cooling,yes,yes,no,301128.0
1012750059,2015,Boiler (Gas),Plant,yes,no,no,170230.0
1012750061,12/23/15,Boiler (Gas),DX Cooling,no,no,no,92949.0
1012750064,,Boiler (Gas),DX Cooling,yes,yes,no,83267.0
1012750069,6/16/16,Boiler (Gas),DX Cooling,yes,yes,yes,220413.0
1012760004,11/14/17,Boiler (Gas),Plant,yes,no,yes,163763.0
1012760033,12/22/16,Boiler (Gas),Plant,yes,no,yes,600000.0
1012760042,12/21/16,Boiler (Gas),Plant,yes,yes,yes,1150564.0
1012760051,,Boiler (Gas),DX Cooling,yes,no,no,138883.0
1012760058,12/18/15,Boiler (Gas),Plant,yes,yes,yes,1142417.0
1012760069,,Boiler (Gas),DX Cooling,yes,yes,yes,132961.0
1012770002,12/28/17,Boiler (Gas),DX Cooling,yes,yes,yes,251043.0
1012770008,12/28/18,Boiler (Gas),Plant,yes,no,yes,304525.0
1012770014,2017,District Steam,Plant,yes,yes,yes,733001.0
1012770027,2023,Boiler (Gas),Plant,yes,yes,yes,1678135.0
1012770069,2017,Boiler (Fuel Oil),Plant,yes,yes,yes,125632.0
1012780001,2018,District Steam,Plant,yes,yes,yes,446045.0
1012780014,2018,Boiler (Fuel Oil),Plant,yes,yes,yes,647001.0
1012780020,,District Steam,Plant,yes,yes,yes,874744.0
1012780069,2018,District Steam,Plant,yes,yes,yes,271266.0
1012790001,6/30/21 13:13,Furnace (Gas),DX Cooling,yes,no,no,332312.0
1012790009,,District Steam,DX Cooling,yes,no,no,110999.0
1012790017,,District Steam,DX Cooling,yes,no,no,140280.0
1012790045,11/25/20 14:56,Boiler (Gas),DX Cooling,yes,yes,yes,162330.0
1012790057,2020,District Steam,DX Cooling,yes,yes,yes,380775.0
1012790065,,District Steam,DX Cooling,no,no,no,79290.0
1012790069,2021,District Steam,DX Cooling,yes,no,no,180349.0
1012807501,2020-12-30 08:49:38,Furnace (Gas),DX Cooling,yes,no,no,1044054.0
1012809010,,Boiler (Gas),Plant,yes,yes,yes,1733828.0
1012810001,,Boiler (Gas),DX Cooling,yes,yes,yes,427158.0
1012810056,7/12/23 9:02,Boiler (Steam),DX Cooling,no,no,no,84518.0
1012810059,2024,Boiler (Gas),Plant,yes,yes,yes,87016.0
1012810069,2013,Boiler (Elec),Plant,yes,yes,yes,34137.0
1012817501,2021-12-28 21:40:50 UTC,Boiler (Steam),DX Cooling,yes,no,no,323029.0
1012820001,11/6/23 10:50,Boiler (Steam),DX Cooling,yes,no,no,345048.0
1012820017,,Boiler (Gas),Plant,yes,yes,yes,821165.0
1012820021,12/23/13,Boiler (Gas),Plant,yes,yes,yes,1174988.0
1012820034,2024-12-26 11:42:08,Furnace (Gas),DX Cooling,yes,no,no,519783.0
1012830001,12/8/13,Boiler (Gas),Plant,yes,no,no,130715.0
1012830017,2023,Boiler (Fuel Oil),DX Cooling,yes,no,no,146191.0
1012830021,,Heat Pump,Plant,yes,yes,yes,2344406.0
1012830058,12/30/13,Boiler (Gas),DX Cooling,yes,yes,no,117629.0
1012830069,2023,District Steam,Plant,yes,yes,no,183902.0
1012840002,2024,District Steam,DX Cooling,no,no,no,72000.0
1012840007,2024,District Steam,Plant,yes,yes,yes,656428.0
1012840026,2024-12-20 12:37:22,Furnace (Gas),DX Cooling,yes,no,no,810426.0
1012840033,2024-11-19 10:52:39,Furnace (Gas),DX Cooling,yes,no,no,386166.0
1012840052,,District Steam,DX Cooling,yes,no,no,102519.0
1012840056,2017,District Steam,DX Cooling,no,no,no,62237.0
1012847501,,Boiler (Gas),Plant,yes,no,no,123931.0
1012850015,,District Steam,DX Cooling,yes,no,no,401686.0
1012850021,2015,District Steam,Plant,yes,yes,yes,800694.0
1012850036,1/10/17,Boiler (Gas),Plant,yes,yes,yes,645483.0
1012860035,,District Steam,Plant,yes,no,no,656436.0
1012860043,2016,Boiler (Gas),DX Cooling,yes,yes,no,74455.0
1012870014,2017,District Steam,Plant,yes,yes,yes,492669.0
1012870021,2017,District Steam,Plant,yes,yes,yes,262297.0
1012870028,11/17/17,Boiler (Gas),DX Cooling,yes,yes,yes,360000.0
1012870033,2017,District Steam,Plant,yes,yes,yes,541896.0
1012870052,2017,District Steam,Plant,yes,yes,yes,263067.0
1012870058,12/15/17,Boiler (Gas),DX Cooling,yes,yes,yes,90816.0
1012880001,2018,District Steam,DX Cooling,yes,yes,yes,52400.0
1012880007,2018,District Steam,Plant,yes,yes,yes,317071.0
1012880021,12/28/18,Boiler (Gas),DX Cooling,yes,yes,yes,164722.0
1012880027,,Boiler (Gas),Plant,yes,yes,yes,1064223.0
1012880051,12/28/18,Boiler (Gas),DX Cooling,yes,yes,yes,134039.0
1012880056,,District Steam,DX Cooling,yes,no,no,292663.0
1012880069,12/31/18,Boiler (Gas),Plant,yes,yes,yes,158214.0
1012890014,,Boiler (Gas),Plant,yes,yes,yes,1015287.0
1012890021,2020,District Steam,Plant,yes,no,no,331020.0
1012890028,12/24/20 11:13,Furnace (Gas),DX Cooling,yes,yes,yes,112933.0
1012890036,12/2/19 10:56,Furnace (Gas),DX Cooling,yes,yes,yes,262945.0
1012890052,2020,Boiler (Elec),DX Cooling,yes,yes,yes,197948.0
1012897501,,Boiler (Gas),DX Cooling,no,no,no,86444.0
1012900001,2020,District Steam,Plant,yes,yes,yes,103060.0
1012900003,2020,District Steam,Plant,yes,yes,yes,101319.0
1012900006,2020,District Steam,DX Cooling,yes,yes,no,297638.0
1012900021,,Boiler (Gas),DX Cooling,yes,yes,yes,444293.0
1012900036,,District Steam,DX Cooling,yes,no,no,214392.0
1012900037,2021,District Steam,Plant,yes,yes,yes,249417.0
1012900044,2020,Boiler (Elec),DX Cooling,yes,yes,no,135000.0
1012900052,12/28/23 8:22,Boiler (Gas),DX Cooling,yes,no,no,138240.0
1012900056,,Boiler (Gas),Plant,yes,yes,no,272532.0
1012910001,2022,District Steam,Plant,yes,yes,yes,310000.0
1012910010,2021,District Steam,Plant,yes,yes,no,685125.0
1012910021,2021,Boiler (Gas),DX Cooling,yes,no,no,149179.0
1012910028,2021,District Steam,DX Cooling,yes,yes,yes,528552.0
1012910038,2021,Boiler (Gas),DX Cooling,yes,yes,yes,233115.0
1012910045,2023,District Steam,Plant,no,no,no,62933.0
1012917501,2024-12-26 09:29:30,Furnace (Gas),DX Cooling,yes,no,no,364014.0
1012920015,3/14/23 14:21,Boiler (Gas),DX Cooling,yes,no,no,999646.0
1012920037,2022,District Steam,Plant,yes,yes,yes,325116.0
1012920048,2024,Boiler (Elec),DX Cooling,no,no,no,77511.0
1012920052,2023,District Steam,Plant,yes,no,no,400943.0
1012930001,,District Steam,DX Cooling,no,no,no,91060.0
1012930014,12/30/13,Boiler (Gas),DX Cooling,yes,yes,yes,99381.0
1012930016,12/31/13,Boiler (Gas),Plant,yes,yes,yes,76656.0
1012930026,2023,District Steam,DX Cooling,yes,no,no,305037.0
1012930035,2023,District Steam,Plant,yes,no,no,254185.0
1012930059,2023,District Steam,Plant,yes,no,no,343305.0
1012930069,2023,District Steam,DX Cooling,yes,yes,no,459340.0
1012940001,12/20/13,Boiler (Gas),DX Cooling,yes,yes,yes,1824820.0
1012940037,2024,District Steam,Plant,yes,no,yes,103178.0
1012940046,2018,District Steam,Plant,yes,yes,yes,526635.0
1012950001,12/31/16,Boiler (Gas),Plant,yes,yes,yes,1088389.0
1012950017,2015,District Steam,Plant,yes,yes,no,238293.0
1012950020,2015,Boiler (Fuel Oil),DX Cooling,yes,no,no,118587.0
1012950023,2015,District Steam,Plant,yes,yes,yes,225000.0
1012950033,2016,District Steam,Plant,yes,yes,yes,1088000.0
1012950040,12/3/13,Boiler (Gas),Plant,yes,no,no,210777.0
1012950058,2015,District Steam,DX Cooling,yes,no,no,245292.0
1012960001,2013,Boiler (Gas),DX Cooling,yes,yes,yes,541089.0
1012960014,12/31/16,Boiler (Gas),Plant,yes,no,no,862071.0
1012967501,2016-12-22,Boiler (Gas),Plant,yes,no,no,240827.0
1012967502,2016-12-31,Boiler (Gas),Plant,yes,yes,yes,1241644.0
1012970023,2017,District Steam,Plant,yes,no,no,1035307.0
1012970033,,Boiler (Gas),Plant,yes,yes,no,666376.0
1012980023,2018,District Steam,Plant,yes,yes,no,675086.0
1012990022,2021,District Steam,Plant,yes,yes,yes,97075.0
1012990027,,District Steam,Plant,yes,no,no,629323.0
1012990033,12/6/19 6:57,Boiler (Gas),DX Cooling,yes,no,no,359326.0
1013000001,2018,District Steam,Plant,yes,yes,yes,1212596.0
1013000033,2020,District Steam,Plant,yes,yes,yes,665110.0
1013010001,2021,District Steam,Plant,yes,yes,yes,1592125.0
1013010023,2023,District Steam,Plant,yes,yes,yes,794557.0
1013010033,2023,District Steam,Plant,yes,yes,no,761384.0
1013027501,,Boiler (Gas),Plant,yes,yes,no,1270270.0
1013030001,2023,District Steam,Plant,yes,yes,yes,1039281.0
1013030033,2024,District Steam,DX Cooling,yes,yes,no,515182.0
1013040033,2024,District Steam,DX Cooling,yes,no,no,528180.0
1013050013,2015,District Steam,Plant,yes,yes,yes,333848.0
1013050033,,Boiler (Gas),DX Cooling,yes,yes,yes,159582.0
1013050040,2015,District Steam,Plant,yes,yes,yes,150638.0
1013050060,2015,District Steam,Plant,yes,yes,yes,554277.0
1013060001,2016,District Steam,Plant,yes,yes,no,1783232.0
1013060023,,Boiler (Gas),DX Cooling,yes,no,no,624883.0
1013060033,12/9/16,Boiler (Gas),Plant,yes,yes,yes,574675.0
1013060042,8/29/17,Boiler (Gas),DX Cooling,yes,no,yes,304640.0
1013070001,2013,District Steam,Plant,yes,yes,yes,824906.0
1013070014,2017,District Steam,DX Cooling,yes,yes,yes,305167.0
1013070023,,Boiler (Gas),DX Cooling,yes,yes,no,984485.0
1013080033,2018,District Steam,Plant,yes,yes,yes,142235.0
1013087501,,Boiler (Gas),Plant,yes,yes,no,1654020.0
1013087502,,Boiler (Gas),Plant,yes,no,no,1526121.0
1013090023,2019,District Steam,Plant,yes,yes,yes,431744.0
1013090032,2023,District Steam,DX Cooling,yes,yes,yes,516710.0
1013090066,2020,Boiler (Gas),DX Cooling,yes,yes,yes,73000.0
1013100001,2023,Boiler (Gas),Plant,yes,yes,yes,666996.0
1013100041,2021,Boiler (Elec),Plant,yes,yes,yes,55558.0
1013100063,12/13/13,Boiler (Gas),DX Cooling,yes,yes,yes,171591.0
1013100065,12/19/13,Boiler (Gas),DX Cooling,yes,yes,yes,84543.0
1013110001,12/27/23 16:59,Boiler (Steam),DX Cooling,yes,no,no,329507.0
1013110040,10/4/24 9:08,Boiler (Steam),DX Cooling,yes,no,no,313200.0
1013110050,,District Steam,DX Cooling,yes,yes,yes,102917.0
1013120015,2022,District Steam,Plant,yes,yes,yes,397354.0
1013120024,2023,Boiler (Elec),DX Cooling,yes,yes,no,58458.0
1013120041,2023,District Steam,Plant,yes,yes,yes,529736.0
1013130004,12/12/23 13:20,Furnace (Gas),DX Cooling,yes,no,no,278921.0
1013130005,2024,Boiler (Gas),Plant,yes,yes,yes,538141.0
1013130014,2023,District Steam,DX Cooling,yes,yes,no,130837.0
1013137502,2023-12-27 04:39:23,Heat Pump,DX Cooling,yes,no,no,229547.0
1013147502,,Boiler (Gas),Plant,yes,no,no,769851.0
1013150001,2015,District Steam,Plant,yes,yes,yes,384432.0
1013157501,,Boiler (Gas),DX Cooling,yes,no,no,907907.0
1013160001,2016,District Steam,Plant,yes,yes,yes,289356.0
1013160012,,Boiler (Gas),DX Cooling,yes,no,no,300000.0
1013160023,,Boiler (Gas),Plant,yes,yes,yes,672462.0
1013160030,12/13/17,Boiler (Gas),DX Cooling,yes,yes,yes,141408.0
1013170001,2017,District Steam,Plant,yes,yes,yes,645347.0
1013170007,12/31/17,Boiler (Gas),Plant,yes,yes,yes,177000.0
1013170021,2017,District Steam,Plant,yes,yes,yes,137784.0
1013180001,2018,District Steam,Plant,yes,yes,yes,497908.0
1013180033,2018,Boiler (Fuel Oil),DX Cooling,yes,yes,yes,208052.0
1013180038,11/22/19 8:04,Boiler (Steam),DX Cooling,yes,no,no,156626.0
1013190012,,Boiler (Gas),DX Cooling,yes,no,no,151617.0
1013190047,2019,District Steam,Plant,yes,yes,yes,390878.0
1013200046,2022,Boiler (Elec),DX Cooling,yes,yes,yes,417356.0
1013210001,2024,District Steam,Plant,yes,yes,yes,407767.0
1013210022,2021,District Steam,Plant,yes,yes,yes,812598.0
1013210047,2022,Boiler (Gas),Plant,yes,yes,yes,281892.0
1013220001,2023,District Steam,Plant,yes,yes,yes,539082.0
1013230047,2023,District Steam,Plant,yes,yes,yes,597523.0
1013240001,,Boiler (Gas),DX Cooling,no,yes,yes,100000.0
1013250001,2015,District Steam,Plant,yes,yes,yes,352888.0
1013260001,2016,District Steam,Plant,yes,yes,yes,634175.0
1013280001,2018,District Steam,Plant,yes,yes,yes,1278510.0
1013290001,2024,District Steam,Plant,yes,yes,yes,1428504.0
1013320001,2022,District Steam,Plant,yes,yes,yes,579779.0
1013340001,,District Steam,DX Cooling,yes,yes,yes,207887.0
1013350005,7/14/20 9:34,Furnace (Gas),DX Cooling,yes,no,no,299094.0
1013357501,2015-12-21,Boiler (Gas),Plant,yes,yes,yes,400144.0
1013360031,12/27/16,Boiler (Gas),DX Cooling,yes,no,no,246215.0
1013370014,2/7/19 12:07,Furnace (Gas),DX Cooling,yes,no,no,600000.0
1013377501,2017-12-29,Boiler (Gas),DX Cooling,yes,no,no,258289.0
1013377502,2018-12-27,Boiler (Gas),Plant,yes,no,yes,586305.0
1013387503,2018-11-10,Boiler (Gas),Plant,yes,yes,yes,102986.0
1013390005,12/31/24 14:04,Furnace (Gas),DX Cooling,yes,no,no,153689.0
1013397501,2022-12-23 19:25:48 UTC,Boiler (Gas),DX Cooling,yes,no,no,170778.0
1013407502,,Boiler (Gas),DX Cooling,yes,no,no,132057.0
1013607501,,District Steam,DX Cooling,yes,no,no,252715.0
1013737507,,Boiler (Gas),DX Cooling,yes,yes,yes,214027.0
1013740014,2024,District Steam,Plant,yes,no,yes,531000.0
1013740021,,District Steam,DX Cooling,yes,no,no,149881.0
1013740045,12/30/15,Boiler (Gas),DX Cooling,yes,no,no,134302.0
1013740049,,District Steam,DX Cooling,yes,no,no,164615.0
1013740060,2015,District Steam,Plant,yes,yes,yes,129837.0
1013747501,,Heat Pump,DX Cooling,yes,yes,yes,304595.0
1013750016,2015,Boiler (Gas),Plant,yes,yes,no,136733.0
1013750021,2015,District Steam,Plant,yes,yes,yes,207888.0
1013750049,12/15/15,Boiler (Gas),DX Cooling,yes,yes,yes,247260.0
1013757502,2024-12-20 15:17:00,Boiler (Gas),DX Cooling,yes,no,no,465364.0
1013910014,2022,District Steam,DX Cooling,yes,no,no,118635.0
1013940001,2024,District Steam,Plant,yes,yes,no,220510.0
1013940005,,District Steam,DX Cooling,yes,yes,yes,170511.0
1013940013,2015,District Steam,DX Cooling,yes,yes,yes,383935.0
1013950017,2016,Boiler (Gas),Plant,yes,yes,yes,168619.0
1014220005,,Furnace (Gas),DX Cooling,yes,no,no,149484.0
1014350044,2015,Boiler (Fuel Oil),DX Cooling,yes,yes,yes,81123.0
1014830001,2013-12-20,Boiler (Gas),Plant,yes,yes,yes,407259.0
1014840014,9/20/16,Boiler (Gas),DX Cooling,yes,no,no,109185.0
1015310040,2023-12-26 19:16:34,Boiler (Gas),DX Cooling,yes,no,no,294052.0
1015570008,12/29/20 10:50,Boiler (Gas),DX Cooling,yes,no,no,145838.0
1016080069,,Boiler (Gas),Plant,yes,yes,yes,98099.0
1016340003,,Boiler (Gas),DX Cooling,no,no,no,78600.0
1016340065,5/2/24 11:15,Boiler (Steam),DX Cooling,yes,no,no,115000.0
1017230010,3/21/24 11:55,Boiler (Gas),DX Cooling,yes,no,no,228017.0
1017550033,12/20/13,Boiler (Gas),No Cooling,yes,yes,no,106596.0
1017700036,,Boiler (Gas),DX Cooling,yes,yes,yes,133426.0
1017740001,,Boiler (Gas),DX Cooling,yes,yes,yes,112500.0
1017740056,2014,Boiler (Elec),DX Cooling,yes,yes,yes,58948.0
1017750033,2015,Boiler (Gas),DX Cooling,yes,yes,no,123885.0
1018080008,,Boiler (Gas),DX Cooling,yes,no,no,179142.0
1018840001,2018,Boiler (Gas),DX Cooling,yes,yes,no,59018.0
1019090012,,Boiler (Gas),DX Cooling,yes,no,no,121000.0
1019097501,,Boiler (Gas),DX Cooling,yes,yes,yes,438307.0
1019100001,,Boiler (Gas),DX Cooling,yes,no,no,285662.0
1019107501,2021-06-30 08:53:32,Boiler (Steam),DX Cooling,yes,no,no,284579.0
1019120012,,Boiler (Gas),DX Cooling,yes,no,no,256459.0
1019300030,12/31/20 11:22,Boiler (Gas),DX Cooling,yes,no,no,163440.0
1019310021,,Boiler (Gas),DX Cooling,yes,no,no,170841.0
1019510004,,Boiler (Gas),DX Cooling,yes,no,no,124576.0
1019660095,2023,Boiler (Gas),DX Cooling,yes,yes,yes,260965.0
1019670040,12/2/17,Boiler (Gas),DX Cooling,yes,no,no,124000.0
1019670045,2017,Boiler (Gas),Plant,yes,yes,no,153404.0
1019860065,2016,Boiler (Gas),Plant,yes,no,no,212271.0
1019980017,2018,Boiler (Gas),Plant,yes,no,no,244800.0
1021240043,2013,Boiler (Gas),DX Cooling,yes,yes,yes,100858.0
1022150824,2015,Boiler (Gas),DX Cooling,yes,yes,yes,23080.0
1009947501,2015-12-19,Boiler (Gas),Plant,yes,yes,yes,1041794.0
1000370001,2023-05-01,Boiler (Gas),DX Cooling,Yes,Yes,Yes,843000.0
1000580001,2023-05-01,District Steam,Chilled Water,Yes,Yes,Yes,3000000.0
1000840036,2023-05-01,District Steam,Chilled Water,Yes,Yes,Yes,1700000.0
1007060017,2023-05-01,Boiler (Gas),DX Cooling,Yes,Yes,Yes,2221336.0
