id_building,column,old_value,new_value,reason,timestamp
PHL_157907,energy_star_score,0,,Invalid: valid range is 1-100,2025-12-16T09:41:50.657294
PHL_157909,energy_star_score,0,,Invalid: valid range is 1-100,2025-12-16T09:41:50.657307
PHL_165412,energy_star_score,0,,Invalid: valid range is 1-100,2025-12-16T09:41:50.657313
PHL_166612,energy_star_score,0,,Invalid: valid range is 1-100,2025-12-16T09:41:50.657317
PHL_182622,energy_star_score,0,,Invalid: valid range is 1-100,2025-12-16T09:41:50.657321
PHL_182648,energy_star_score,0,,Invalid: valid range is 1-100,2025-12-16T09:41:50.657324
PHL_215683,energy_star_score,0,,Invalid: valid range is 1-100,2025-12-16T09:41:50.657328
PHL_215697,energy_star_score,0,,Invalid: valid range is 1-100,2025-12-16T09:41:50.657331
PHL_215721,energy_star_score,0,,Invalid: valid range is 1-100,2025-12-16T09:41:50.657334
PHL_216043,energy_star_score,0,,Invalid: valid range is 1-100,2025-12-16T09:41:50.657337
PHL_216135,energy_star_score,0,,Invalid: valid range is 1-100,2025-12-16T09:41:50.657340
PHL_216137,energy_star_score,0,,Invalid: valid range is 1-100,2025-12-16T09:41:50.657343
PHL_216143,energy_star_score,0,,Invalid: valid range is 1-100,2025-12-16T09:41:50.657346
PHL_222043,energy_star_score,0,,Invalid: valid range is 1-100,2025-12-16T09:41:50.657350
PHL_239285,energy_star_score,0,,Invalid: valid range is 1-100,2025-12-16T09:41:50.657353
PHL_243928,energy_star_score,0,,Invalid: valid range is 1-100,2025-12-16T09:41:50.657356
PHL_246411,energy_star_score,0,,Invalid: valid range is 1-100,2025-12-16T09:41:50.657359
PHL_246490,energy_star_score,0,,Invalid: valid range is 1-100,2025-12-16T09:41:50.657362
PHL_96660,energy_star_score,0,,Invalid: valid range is 1-100,2025-12-16T09:41:50.657365
PHL_97226,energy_star_score,0,,Invalid: valid range is 1-100,2025-12-16T09:41:50.657368
SD_251,energy_star_score,0,,Invalid: valid range is 1-100,2025-12-16T09:41:50.657371
SD_48,energy_star_score,0,,Invalid: valid range is 1-100,2025-12-16T09:41:50.657374
NYC_1005770071,energy_star_score,0,,Invalid: valid range is 1-100,2025-12-16T09:41:50.657377
NYC_1010990021,energy_star_score,0,,Invalid: valid range is 1-100,2025-12-16T09:41:50.657380
NYC_1008347501,bldg_year_built,2026,,Future year - impossible,2025-12-16T09:41:50.657879
NYC_1000717501,bldg_year_built,2026,,Future year - impossible,2025-12-16T09:41:50.657884
PHL_141674,energy_site_eui,2363.761001,,Extreme outlier (2363.8),2025-12-16T09:41:50.658115
PHL_97993,energy_site_eui,3087.588773,,Extreme outlier (3087.6),2025-12-16T09:41:50.658125
BOS_100001,loc_zip,2114,02114,Missing leading zero,2025-12-16T09:41:50.662105
BOS_100003,loc_zip,2127,02127,Missing leading zero,2025-12-16T09:41:50.662172
BOS_100005,loc_zip,2108,02108,Missing leading zero,2025-12-16T09:41:50.662243
BOS_100008,loc_zip,2210,02210,Missing leading zero,2025-12-16T09:41:50.662303
BOS_100009,loc_zip,2110,02110,Missing leading zero,2025-12-16T09:41:50.662359
BOS_100014,loc_zip,2114,02114,Missing leading zero,2025-12-16T09:41:50.662419
BOS_100015,loc_zip,2210,02210,Missing leading zero,2025-12-16T09:41:50.662475
BOS_100016,loc_zip,2110,02110,Missing leading zero,2025-12-16T09:41:50.662529
BOS_100017,loc_zip,2108,02108,Missing leading zero,2025-12-16T09:41:50.662584
BOS_100023,loc_zip,2109,02109,Missing leading zero,2025-12-16T09:41:50.662645
BOS_100028,loc_zip,2210,02210,Missing leading zero,2025-12-16T09:41:50.662700
BOS_100035,loc_zip,2111,02111,Missing leading zero,2025-12-16T09:41:50.662755
BOS_100036,loc_zip,2215,02215,Missing leading zero,2025-12-16T09:41:50.662811
BOS_100043,loc_zip,2108,02108,Missing leading zero,2025-12-16T09:41:50.662863
BOS_100065,loc_zip,2110,02110,Missing leading zero,2025-12-16T09:41:50.662915
BOS_100076,loc_zip,2118,02118,Missing leading zero,2025-12-16T09:41:50.662971
BOS_100080,loc_zip,2111,02111,Missing leading zero,2025-12-16T09:41:50.663024
BOS_100093,loc_zip,2210,02210,Missing leading zero,2025-12-16T09:41:50.663079
BOS_100101,loc_zip,2210,02210,Missing leading zero,2025-12-16T09:41:50.663131
BOS_100104,loc_zip,2210,02210,Missing leading zero,2025-12-16T09:41:50.663187
BOS_100107,loc_zip,2108,02108,Missing leading zero,2025-12-16T09:41:50.663240
BOS_100112,loc_zip,2127,02127,Missing leading zero,2025-12-16T09:41:50.663292
BOS_100113,loc_zip,2115,02115,Missing leading zero,2025-12-16T09:41:50.663348
BOS_100116,loc_zip,2127,02127,Missing leading zero,2025-12-16T09:41:50.663399
BOS_100145,loc_zip,2132,02132,Missing leading zero,2025-12-16T09:41:50.663451
BOS_100150,loc_zip,2109,02109,Missing leading zero,2025-12-16T09:41:50.663498
BOS_100151,loc_zip,2210,02210,Missing leading zero,2025-12-16T09:41:50.663545
BOS_100153,loc_zip,2134,02134,Missing leading zero,2025-12-16T09:41:50.663593
BOS_100171,loc_zip,2118,02118,Missing leading zero,2025-12-16T09:41:50.663639
BOS_100173,loc_zip,2116,02116,Missing leading zero,2025-12-16T09:41:50.663694
BOS_100182,loc_zip,2116,02116,Missing leading zero,2025-12-16T09:41:50.663750
BOS_100183,loc_zip,2116,02116,Missing leading zero,2025-12-16T09:41:50.663802
BOS_100186,loc_zip,2109,02109,Missing leading zero,2025-12-16T09:41:50.663853
BOS_100200,loc_zip,2114,02114,Missing leading zero,2025-12-16T09:41:50.663908
BOS_100203,loc_zip,2210,02210,Missing leading zero,2025-12-16T09:41:50.663960
BOS_100216,loc_zip,2132,02132,Missing leading zero,2025-12-16T09:41:50.664014
BOS_100218,loc_zip,2111,02111,Missing leading zero,2025-12-16T09:41:50.664067
BOS_100226,loc_zip,2122,02122,Missing leading zero,2025-12-16T09:41:50.664124
BOS_100229,loc_zip,2109,02109,Missing leading zero,2025-12-16T09:41:50.664170
BOS_100232,loc_zip,2110,02110,Missing leading zero,2025-12-16T09:41:50.664217
BOS_100237,loc_zip,2210,02210,Missing leading zero,2025-12-16T09:41:50.664265
BOS_100238,loc_zip,2119,02119,Missing leading zero,2025-12-16T09:41:50.664311
BOS_100247,loc_zip,2210,02210,Missing leading zero,2025-12-16T09:41:50.664358
BOS_100251,loc_zip,2116,02116,Missing leading zero,2025-12-16T09:41:50.664406
BOS_100252,loc_zip,2118,02118,Missing leading zero,2025-12-16T09:41:50.664452
BOS_100254,loc_zip,2135,02135,Missing leading zero,2025-12-16T09:41:50.664498
BOS_100256,loc_zip,2111,02111,Missing leading zero,2025-12-16T09:41:50.664548
BOS_100257,loc_zip,2110,02110,Missing leading zero,2025-12-16T09:41:50.664596
BOS_100263,loc_zip,2210,02210,Missing leading zero,2025-12-16T09:41:50.664642
BOS_100265,loc_zip,2116,02116,Missing leading zero,2025-12-16T09:41:50.664689
BOS_100270,loc_zip,2116,02116,Missing leading zero,2025-12-16T09:41:50.664735
BOS_100297,loc_zip,2111,02111,Missing leading zero,2025-12-16T09:41:50.664781
BOS_100321,loc_zip,2127,02127,Missing leading zero,2025-12-16T09:41:50.664832
BOS_100340,loc_zip,2118,02118,Missing leading zero,2025-12-16T09:41:50.664880
BOS_100359,loc_zip,2119,02119,Missing leading zero,2025-12-16T09:41:50.664926
BOS_100370,loc_zip,2110,02110,Missing leading zero,2025-12-16T09:41:50.664977
BOS_100371,loc_zip,2109,02109,Missing leading zero,2025-12-16T09:41:50.665024
BOS_100376,loc_zip,2116,02116,Missing leading zero,2025-12-16T09:41:50.665073
BOS_100398,loc_zip,2109,02109,Missing leading zero,2025-12-16T09:41:50.665120
BOS_100407,loc_zip,2129,02129,Missing leading zero,2025-12-16T09:41:50.665166
BOS_100419,loc_zip,2210,02210,Missing leading zero,2025-12-16T09:41:50.665211
BOS_100427,loc_zip,2130,02130,Missing leading zero,2025-12-16T09:41:50.665260
BOS_100435,loc_zip,2210,02210,Missing leading zero,2025-12-16T09:41:50.665306
BOS_100451,loc_zip,2111,02111,Missing leading zero,2025-12-16T09:41:50.665352
BOS_100493,loc_zip,2116,02116,Missing leading zero,2025-12-16T09:41:50.665400
BOS_100520,loc_zip,2114,02114,Missing leading zero,2025-12-16T09:41:50.665447
BOS_100527,loc_zip,2215,02215,Missing leading zero,2025-12-16T09:41:50.665492
BOS_100553,loc_zip,2114,02114,Missing leading zero,2025-12-16T09:41:50.665541
BOS_100554,loc_zip,2125,02125,Missing leading zero,2025-12-16T09:41:50.665588
BOS_100555,loc_zip,2125,02125,Missing leading zero,2025-12-16T09:41:50.665633
BOS_100586,loc_zip,2109,02109,Missing leading zero,2025-12-16T09:41:50.665682
BOS_100587,loc_zip,2116,02116,Missing leading zero,2025-12-16T09:41:50.665728
BOS_100588,loc_zip,2110,02110,Missing leading zero,2025-12-16T09:41:50.665777
BOS_100609,loc_zip,2127,02127,Missing leading zero,2025-12-16T09:41:50.665824
BOS_100611,loc_zip,2118,02118,Missing leading zero,2025-12-16T09:41:50.665872
BOS_100624,loc_zip,2122,02122,Missing leading zero,2025-12-16T09:41:50.665919
BOS_100627,loc_zip,2116,02116,Missing leading zero,2025-12-16T09:41:50.665964
BOS_100629,loc_zip,2116,02116,Missing leading zero,2025-12-16T09:41:50.666011
BOS_100630,loc_zip,2115,02115,Missing leading zero,2025-12-16T09:41:50.666060
BOS_100632,loc_zip,2115,02115,Missing leading zero,2025-12-16T09:41:50.666151
BOS_100635,loc_zip,2115,02115,Missing leading zero,2025-12-16T09:41:50.666203
BOS_100637,loc_zip,2115,02115,Missing leading zero,2025-12-16T09:41:50.666255
BOS_100639,loc_zip,2115,02115,Missing leading zero,2025-12-16T09:41:50.666304
BOS_100640,loc_zip,2215,02215,Missing leading zero,2025-12-16T09:41:50.666353
BOS_100641,loc_zip,2116,02116,Missing leading zero,2025-12-16T09:41:50.666400
BOS_100642,loc_zip,2215,02215,Missing leading zero,2025-12-16T09:41:50.666450
BOS_100648,loc_zip,2115,02115,Missing leading zero,2025-12-16T09:41:50.666497
BOS_100649,loc_zip,2115,02115,Missing leading zero,2025-12-16T09:41:50.666543
BOS_100651,loc_zip,2215,02215,Missing leading zero,2025-12-16T09:41:50.666589
BOS_100652,loc_zip,2215,02215,Missing leading zero,2025-12-16T09:41:50.666650
BOS_100668,loc_zip,2113,02113,Missing leading zero,2025-12-16T09:41:50.666700
BOS_100671,loc_zip,2111,02111,Missing leading zero,2025-12-16T09:41:50.666746
BOS_100686,loc_zip,2134,02134,Missing leading zero,2025-12-16T09:41:50.666795
BOS_100719,loc_zip,2111,02111,Missing leading zero,2025-12-16T09:41:50.666841
BOS_100724,loc_zip,2210,02210,Missing leading zero,2025-12-16T09:41:50.666887
BOS_100725,loc_zip,2110,02110,Missing leading zero,2025-12-16T09:41:50.666932
BOS_100727,loc_zip,2115,02115,Missing leading zero,2025-12-16T09:41:50.666981
BOS_100729,loc_zip,2136,02136,Missing leading zero,2025-12-16T09:41:50.667033
BOS_100731,loc_zip,2134,02134,Missing leading zero,2025-12-16T09:41:50.667087
BOS_100732,loc_zip,2116,02116,Missing leading zero,2025-12-16T09:41:50.667138
BOS_100734,loc_zip,2116,02116,Missing leading zero,2025-12-16T09:41:50.667191
BOS_100737,loc_zip,2116,02116,Missing leading zero,2025-12-16T09:41:50.667243
BOS_100742,loc_zip,2135,02135,Missing leading zero,2025-12-16T09:41:50.667293
BOS_100743,loc_zip,2135,02135,Missing leading zero,2025-12-16T09:41:50.667343
BOS_100744,loc_zip,2135,02135,Missing leading zero,2025-12-16T09:41:50.667395
BOS_100745,loc_zip,2135,02135,Missing leading zero,2025-12-16T09:41:50.667441
BOS_100746,loc_zip,2135,02135,Missing leading zero,2025-12-16T09:41:50.667492
BOS_100747,loc_zip,2135,02135,Missing leading zero,2025-12-16T09:41:50.667539
BOS_100748,loc_zip,2135,02135,Missing leading zero,2025-12-16T09:41:50.667587
BOS_100749,loc_zip,2135,02135,Missing leading zero,2025-12-16T09:41:50.667633
BOS_100750,loc_zip,2135,02135,Missing leading zero,2025-12-16T09:41:50.667681
BOS_100751,loc_zip,2135,02135,Missing leading zero,2025-12-16T09:41:50.667727
BOS_100753,loc_zip,2135,02135,Missing leading zero,2025-12-16T09:41:50.667773
BOS_100756,loc_zip,2135,02135,Missing leading zero,2025-12-16T09:41:50.667820
BOS_100757,loc_zip,2125,02125,Missing leading zero,2025-12-16T09:41:50.667866
BOS_100759,loc_zip,2125,02125,Missing leading zero,2025-12-16T09:41:50.667911
BOS_100760,loc_zip,2115,02115,Missing leading zero,2025-12-16T09:41:50.667960
BOS_100761,loc_zip,2108,02108,Missing leading zero,2025-12-16T09:41:50.668007
BOS_100770,loc_zip,2124,02124,Missing leading zero,2025-12-16T09:41:50.668058
BOS_101179,loc_zip,2135,02135,Missing leading zero,2025-12-16T09:41:50.668107
BOS_101181,loc_zip,2118,02118,Missing leading zero,2025-12-16T09:41:50.668156
BOS_101188,loc_zip,2119,02119,Missing leading zero,2025-12-16T09:41:50.668211
BOS_101191,loc_zip,2118,02118,Missing leading zero,2025-12-16T09:41:50.668261
BOS_101195,loc_zip,2118,02118,Missing leading zero,2025-12-16T09:41:50.668311
BOS_101208,loc_zip,2129,02129,Missing leading zero,2025-12-16T09:41:50.668360
BOS_101210,loc_zip,2108,02108,Missing leading zero,2025-12-16T09:41:50.668409
BOS_101211,loc_zip,2116,02116,Missing leading zero,2025-12-16T09:41:50.668454
BOS_101228,loc_zip,2115,02115,Missing leading zero,2025-12-16T09:41:50.668499
BOS_101229,loc_zip,2115,02115,Missing leading zero,2025-12-16T09:41:50.668544
BOS_101231,loc_zip,2136,02136,Missing leading zero,2025-12-16T09:41:50.668590
BOS_101233,loc_zip,2215,02215,Missing leading zero,2025-12-16T09:41:50.668647
BOS_101235,loc_zip,2215,02215,Missing leading zero,2025-12-16T09:41:50.668697
BOS_101236,loc_zip,2215,02215,Missing leading zero,2025-12-16T09:41:50.668743
BOS_101237,loc_zip,2215,02215,Missing leading zero,2025-12-16T09:41:50.668787
BOS_101240,loc_zip,2134,02134,Missing leading zero,2025-12-16T09:41:50.668838
BOS_101243,loc_zip,2215,02215,Missing leading zero,2025-12-16T09:41:50.668884
BOS_101244,loc_zip,2116,02116,Missing leading zero,2025-12-16T09:41:50.668929
BOS_101247,loc_zip,2215,02215,Missing leading zero,2025-12-16T09:41:50.668974
BOS_101261,loc_zip,2215,02215,Missing leading zero,2025-12-16T09:41:50.669026
BOS_101266,loc_zip,2215,02215,Missing leading zero,2025-12-16T09:41:50.669077
BOS_101268,loc_zip,2115,02115,Missing leading zero,2025-12-16T09:41:50.669131
BOS_101269,loc_zip,2115,02115,Missing leading zero,2025-12-16T09:41:50.669182
BOS_101272,loc_zip,2215,02215,Missing leading zero,2025-12-16T09:41:50.669232
BOS_101274,loc_zip,2215,02215,Missing leading zero,2025-12-16T09:41:50.669286
BOS_101276,loc_zip,2215,02215,Missing leading zero,2025-12-16T09:41:50.669337
BOS_101277,loc_zip,2118,02118,Missing leading zero,2025-12-16T09:41:50.669390
BOS_101282,loc_zip,2215,02215,Missing leading zero,2025-12-16T09:41:50.669436
BOS_101286,loc_zip,2215,02215,Missing leading zero,2025-12-16T09:41:50.669481
BOS_101288,loc_zip,2215,02215,Missing leading zero,2025-12-16T09:41:50.669528
BOS_101289,loc_zip,2215,02215,Missing leading zero,2025-12-16T09:41:50.669574
BOS_101296,loc_zip,2129,02129,Missing leading zero,2025-12-16T09:41:50.669621
BOS_101299,loc_zip,2119,02119,Missing leading zero,2025-12-16T09:41:50.669667
BOS_101321,loc_zip,2116,02116,Missing leading zero,2025-12-16T09:41:50.669712
BOS_101322,loc_zip,2116,02116,Missing leading zero,2025-12-16T09:41:50.669763
BOS_101327,loc_zip,2129,02129,Missing leading zero,2025-12-16T09:41:50.669809
BOS_101331,loc_zip,2199,02199,Missing leading zero,2025-12-16T09:41:50.669856
BOS_101332,loc_zip,2199,02199,Missing leading zero,2025-12-16T09:41:50.669903
BOS_101334,loc_zip,2110,02110,Missing leading zero,2025-12-16T09:41:50.669951
BOS_101336,loc_zip,2116,02116,Missing leading zero,2025-12-16T09:41:50.669997
BOS_101337,loc_zip,2116,02116,Missing leading zero,2025-12-16T09:41:50.670047
BOS_101338,loc_zip,2116,02116,Missing leading zero,2025-12-16T09:41:50.670096
BOS_101342,loc_zip,2116,02116,Missing leading zero,2025-12-16T09:41:50.670145
BOS_101344,loc_zip,2199,02199,Missing leading zero,2025-12-16T09:41:50.670194
BOS_101346,loc_zip,2210,02210,Missing leading zero,2025-12-16T09:41:50.670245
BOS_101347,loc_zip,2116,02116,Missing leading zero,2025-12-16T09:41:50.670296
BOS_101353,loc_zip,2111,02111,Missing leading zero,2025-12-16T09:41:50.670347
BOS_101411,loc_zip,2116,02116,Missing leading zero,2025-12-16T09:41:50.670396
BOS_101412,loc_zip,2110,02110,Missing leading zero,2025-12-16T09:41:50.670446
BOS_101420,loc_zip,2111,02111,Missing leading zero,2025-12-16T09:41:50.670494
BOS_101421,loc_zip,2119,02119,Missing leading zero,2025-12-16T09:41:50.670541
BOS_101424,loc_zip,2130,02130,Missing leading zero,2025-12-16T09:41:50.670587
BOS_101425,loc_zip,2132,02132,Missing leading zero,2025-12-16T09:41:50.670632
BOS_101426,loc_zip,2130,02130,Missing leading zero,2025-12-16T09:41:50.670691
BOS_101461,loc_zip,2110,02110,Missing leading zero,2025-12-16T09:41:50.670738
BOS_101469,loc_zip,2108,02108,Missing leading zero,2025-12-16T09:41:50.670783
BOS_101470,loc_zip,2116,02116,Missing leading zero,2025-12-16T09:41:50.670829
BOS_101524,loc_zip,2215,02215,Missing leading zero,2025-12-16T09:41:50.670874
BOS_101526,loc_zip,2129,02129,Missing leading zero,2025-12-16T09:41:50.670923
BOS_101599,loc_zip,2127,02127,Missing leading zero,2025-12-16T09:41:50.670969
BOS_101647,loc_zip,2114,02114,Missing leading zero,2025-12-16T09:41:50.671018
BOS_101651,loc_zip,2110,02110,Missing leading zero,2025-12-16T09:41:50.671071
BOS_101654,loc_zip,2114,02114,Missing leading zero,2025-12-16T09:41:50.671122
BOS_101690,loc_zip,2132,02132,Missing leading zero,2025-12-16T09:41:50.671171
BOS_101698,loc_zip,2109,02109,Missing leading zero,2025-12-16T09:41:50.671228
BOS_101716,loc_zip,2114,02114,Missing leading zero,2025-12-16T09:41:50.671279
BOS_101730,loc_zip,2111,02111,Missing leading zero,2025-12-16T09:41:50.671333
BOS_101753,loc_zip,2215,02215,Missing leading zero,2025-12-16T09:41:50.671383
BOS_101755,loc_zip,2115,02115,Missing leading zero,2025-12-16T09:41:50.671428
BOS_101757,loc_zip,2215,02215,Missing leading zero,2025-12-16T09:41:50.671476
BOS_101758,loc_zip,2215,02215,Missing leading zero,2025-12-16T09:41:50.671523
BOS_101764,loc_zip,2210,02210,Missing leading zero,2025-12-16T09:41:50.671570
BOS_101767,loc_zip,2111,02111,Missing leading zero,2025-12-16T09:41:50.671632
BOS_101774,loc_zip,2116,02116,Missing leading zero,2025-12-16T09:41:50.671683
BOS_101778,loc_zip,2111,02111,Missing leading zero,2025-12-16T09:41:50.671740
BOS_101781,loc_zip,2134,02134,Missing leading zero,2025-12-16T09:41:50.671788
BOS_101783,loc_zip,2115,02115,Missing leading zero,2025-12-16T09:41:50.671834
BOS_101784,loc_zip,2115,02115,Missing leading zero,2025-12-16T09:41:50.671880
BOS_101785,loc_zip,2127,02127,Missing leading zero,2025-12-16T09:41:50.671926
BOS_101829,loc_zip,2128,02128,Missing leading zero,2025-12-16T09:41:50.671972
BOS_101885,loc_zip,2129,02129,Missing leading zero,2025-12-16T09:41:50.672023
BOS_101889,loc_zip,2113,02113,Missing leading zero,2025-12-16T09:41:50.672075
BOS_101890,loc_zip,2113,02113,Missing leading zero,2025-12-16T09:41:50.672125
BOS_101891,loc_zip,2114,02114,Missing leading zero,2025-12-16T09:41:50.672175
BOS_101905,loc_zip,2116,02116,Missing leading zero,2025-12-16T09:41:50.672224
BOS_101912,loc_zip,2116,02116,Missing leading zero,2025-12-16T09:41:50.672273
BOS_101937,loc_zip,2118,02118,Missing leading zero,2025-12-16T09:41:50.672327
BOS_101946,loc_zip,2119,02119,Missing leading zero,2025-12-16T09:41:50.672378
BOS_101957,loc_zip,2120,02120,Missing leading zero,2025-12-16T09:41:50.672424
BOS_101983,loc_zip,2119,02119,Missing leading zero,2025-12-16T09:41:50.672472
BOS_102006,loc_zip,2119,02119,Missing leading zero,2025-12-16T09:41:50.672519
BOS_102016,loc_zip,2125,02125,Missing leading zero,2025-12-16T09:41:50.672564
BOS_102062,loc_zip,2124,02124,Missing leading zero,2025-12-16T09:41:50.672613
BOS_102096,loc_zip,2136,02136,Missing leading zero,2025-12-16T09:41:50.672659
BOS_102107,loc_zip,2130,02130,Missing leading zero,2025-12-16T09:41:50.672705
BOS_102112,loc_zip,2131,02131,Missing leading zero,2025-12-16T09:41:50.672754
BOS_102149,loc_zip,2135,02135,Missing leading zero,2025-12-16T09:41:50.672803
BOS_102157,loc_zip,2125,02125,Missing leading zero,2025-12-16T09:41:50.672848
BOS_102168,loc_zip,2120,02120,Missing leading zero,2025-12-16T09:41:50.672896
BOS_102171,loc_zip,2116,02116,Missing leading zero,2025-12-16T09:41:50.672941
BOS_102307,loc_zip,2210,02210,Missing leading zero,2025-12-16T09:41:50.672987
BOS_102310,loc_zip,2108,02108,Missing leading zero,2025-12-16T09:41:50.673035
BOS_102311,loc_zip,2109,02109,Missing leading zero,2025-12-16T09:41:50.673094
BOS_102356,loc_zip,2116,02116,Missing leading zero,2025-12-16T09:41:50.673146
BOS_102361,loc_zip,2110,02110,Missing leading zero,2025-12-16T09:41:50.673196
BOS_102386,loc_zip,2210,02210,Missing leading zero,2025-12-16T09:41:50.673250
BOS_102387,loc_zip,2210,02210,Missing leading zero,2025-12-16T09:41:50.673304
BOS_102393,loc_zip,2129,02129,Missing leading zero,2025-12-16T09:41:50.673355
BOS_102395,loc_zip,2114,02114,Missing leading zero,2025-12-16T09:41:50.673405
BOS_102398,loc_zip,2111,02111,Missing leading zero,2025-12-16T09:41:50.673450
BOS_102407,loc_zip,2124,02124,Missing leading zero,2025-12-16T09:41:50.673495
BOS_102413,loc_zip,2125,02125,Missing leading zero,2025-12-16T09:41:50.673542
BOS_102414,loc_zip,2124,02124,Missing leading zero,2025-12-16T09:41:50.673589
BOS_102415,loc_zip,2122,02122,Missing leading zero,2025-12-16T09:41:50.673634
BOS_102417,loc_zip,2115,02115,Missing leading zero,2025-12-16T09:41:50.673684
BOS_102423,loc_zip,2118,02118,Missing leading zero,2025-12-16T09:41:50.673729
BOS_102470,loc_zip,2133,02133,Missing leading zero,2025-12-16T09:41:50.673776
BOS_102478,loc_zip,2127,02127,Missing leading zero,2025-12-16T09:41:50.673822
BOS_102489,loc_zip,2210,02210,Missing leading zero,2025-12-16T09:41:50.673869
BOS_102498,loc_zip,2129,02129,Missing leading zero,2025-12-16T09:41:50.673914
BOS_102499,loc_zip,2129,02129,Missing leading zero,2025-12-16T09:41:50.673959
BOS_102501,loc_zip,2116,02116,Missing leading zero,2025-12-16T09:41:50.674006
BOS_102515,loc_zip,2108,02108,Missing leading zero,2025-12-16T09:41:50.674057
BOS_102535,loc_zip,2109,02109,Missing leading zero,2025-12-16T09:41:50.674108
BOS_102539,loc_zip,2120,02120,Missing leading zero,2025-12-16T09:41:50.674157
BOS_102540,loc_zip,2116,02116,Missing leading zero,2025-12-16T09:41:50.674206
BOS_102555,loc_zip,2119,02119,Missing leading zero,2025-12-16T09:41:50.674262
BOS_102557,loc_zip,2210,02210,Missing leading zero,2025-12-16T09:41:50.674312
BOS_102612,loc_zip,2115,02115,Missing leading zero,2025-12-16T09:41:50.674362
BOS_102615,loc_zip,2115,02115,Missing leading zero,2025-12-16T09:41:50.674411
BOS_102622,loc_zip,2110,02110,Missing leading zero,2025-12-16T09:41:50.674458
BOS_102636,loc_zip,2121,02121,Missing leading zero,2025-12-16T09:41:50.674503
BOS_102642,loc_zip,2110,02110,Missing leading zero,2025-12-16T09:41:50.674552
BOS_102643,loc_zip,2110,02110,Missing leading zero,2025-12-16T09:41:50.674596
BOS_102644,loc_zip,2114,02114,Missing leading zero,2025-12-16T09:41:50.674641
BOS_102647,loc_zip,2132,02132,Missing leading zero,2025-12-16T09:41:50.674689
BOS_102650,loc_zip,2109,02109,Missing leading zero,2025-12-16T09:41:50.674735
BOS_102651,loc_zip,2111,02111,Missing leading zero,2025-12-16T09:41:50.674783
BOS_102654,loc_zip,2110,02110,Missing leading zero,2025-12-16T09:41:50.674830
BOS_102671,loc_zip,2210,02210,Missing leading zero,2025-12-16T09:41:50.674875
BOS_102676,loc_zip,2110,02110,Missing leading zero,2025-12-16T09:41:50.674925
BOS_102696,loc_zip,2108,02108,Missing leading zero,2025-12-16T09:41:50.674975
BOS_102699,loc_zip,2108,02108,Missing leading zero,2025-12-16T09:41:50.675024
BOS_102711,loc_zip,2119,02119,Missing leading zero,2025-12-16T09:41:50.675075
BOS_102768,loc_zip,2111,02111,Missing leading zero,2025-12-16T09:41:50.675125
BOS_102773,loc_zip,2116,02116,Missing leading zero,2025-12-16T09:41:50.675174
BOS_102787,loc_zip,2115,02115,Missing leading zero,2025-12-16T09:41:50.675223
BOS_102795,loc_zip,2111,02111,Missing leading zero,2025-12-16T09:41:50.675272
BOS_102810,loc_zip,2134,02134,Missing leading zero,2025-12-16T09:41:50.675321
BOS_102814,loc_zip,2111,02111,Missing leading zero,2025-12-16T09:41:50.675370
BOS_102815,loc_zip,2116,02116,Missing leading zero,2025-12-16T09:41:50.675415
BOS_102816,loc_zip,2116,02116,Missing leading zero,2025-12-16T09:41:50.675461
BOS_102818,loc_zip,2116,02116,Missing leading zero,2025-12-16T09:41:50.675508
BOS_102819,loc_zip,2116,02116,Missing leading zero,2025-12-16T09:41:50.675553
BOS_102820,loc_zip,2215,02215,Missing leading zero,2025-12-16T09:41:50.675599
BOS_102821,loc_zip,2116,02116,Missing leading zero,2025-12-16T09:41:50.675648
BOS_102827,loc_zip,2115,02115,Missing leading zero,2025-12-16T09:41:50.675694
BOS_102828,loc_zip,2115,02115,Missing leading zero,2025-12-16T09:41:50.675739
BOS_102829,loc_zip,2115,02115,Missing leading zero,2025-12-16T09:41:50.675785
BOS_102831,loc_zip,2115,02115,Missing leading zero,2025-12-16T09:41:50.675829
BOS_102832,loc_zip,2115,02115,Missing leading zero,2025-12-16T09:41:50.675874
BOS_102834,loc_zip,2115,02115,Missing leading zero,2025-12-16T09:41:50.675923
BOS_102835,loc_zip,2115,02115,Missing leading zero,2025-12-16T09:41:50.675973
BOS_102847,loc_zip,2132,02132,Missing leading zero,2025-12-16T09:41:50.676025
BOS_102875,loc_zip,2116,02116,Missing leading zero,2025-12-16T09:41:50.676076
BOS_102881,loc_zip,2119,02119,Missing leading zero,2025-12-16T09:41:50.676125
BOS_102895,loc_zip,2108,02108,Missing leading zero,2025-12-16T09:41:50.676179
BOS_102900,loc_zip,2130,02130,Missing leading zero,2025-12-16T09:41:50.676229
BOS_102904,loc_zip,2110,02110,Missing leading zero,2025-12-16T09:41:50.676281
BOS_102917,loc_zip,2215,02215,Missing leading zero,2025-12-16T09:41:50.676331
BOS_102918,loc_zip,2215,02215,Missing leading zero,2025-12-16T09:41:50.676395
BOS_102919,loc_zip,2215,02215,Missing leading zero,2025-12-16T09:41:50.676441
BOS_102932,loc_zip,2116,02116,Missing leading zero,2025-12-16T09:41:50.676489
BOS_102933,loc_zip,2109,02109,Missing leading zero,2025-12-16T09:41:50.676535
BOS_102934,loc_zip,2109,02109,Missing leading zero,2025-12-16T09:41:50.676580
BOS_102942,loc_zip,2108,02108,Missing leading zero,2025-12-16T09:41:50.676629
BOS_102952,loc_zip,2127,02127,Missing leading zero,2025-12-16T09:41:50.676674
BOS_102958,loc_zip,2110,02110,Missing leading zero,2025-12-16T09:41:50.676719
BOS_103002,loc_zip,2129,02129,Missing leading zero,2025-12-16T09:41:50.676766
BOS_103011,loc_zip,2135,02135,Missing leading zero,2025-12-16T09:41:50.676813
BOS_103016,loc_zip,2110,02110,Missing leading zero,2025-12-16T09:41:50.676858
BOS_103028,loc_zip,2110,02110,Missing leading zero,2025-12-16T09:41:50.676903
BOS_103029,loc_zip,2110,02110,Missing leading zero,2025-12-16T09:41:50.676953
BOS_103032,loc_zip,2210,02210,Missing leading zero,2025-12-16T09:41:50.677002
BOS_103033,loc_zip,2210,02210,Missing leading zero,2025-12-16T09:41:50.677052
BOS_103034,loc_zip,2210,02210,Missing leading zero,2025-12-16T09:41:50.677101
BOS_103035,loc_zip,2210,02210,Missing leading zero,2025-12-16T09:41:50.677150
BOS_103036,loc_zip,2210,02210,Missing leading zero,2025-12-16T09:41:50.677199
BOS_103037,loc_zip,2210,02210,Missing leading zero,2025-12-16T09:41:50.677250
BOS_103053,loc_zip,2110,02110,Missing leading zero,2025-12-16T09:41:50.677303
BOS_103076,loc_zip,2118,02118,Missing leading zero,2025-12-16T09:41:50.677353
BOS_103092,loc_zip,2128,02128,Missing leading zero,2025-12-16T09:41:50.677400
BOS_103107,loc_zip,2130,02130,Missing leading zero,2025-12-16T09:41:50.677449
BOS_103109,loc_zip,2110,02110,Missing leading zero,2025-12-16T09:41:50.677494
BOS_103121,loc_zip,2135,02135,Missing leading zero,2025-12-16T09:41:50.677543
BOS_103124,loc_zip,2128,02128,Missing leading zero,2025-12-16T09:41:50.677588
BOS_103127,loc_zip,2210,02210,Missing leading zero,2025-12-16T09:41:50.677633
BOS_103140,loc_zip,2134,02134,Missing leading zero,2025-12-16T09:41:50.677679
BOS_103157,loc_zip,2116,02116,Missing leading zero,2025-12-16T09:41:50.677724
BOS_103163,loc_zip,2108,02108,Missing leading zero,2025-12-16T09:41:50.677768
BOS_103164,loc_zip,2115,02115,Missing leading zero,2025-12-16T09:41:50.677814
BOS_103306,loc_zip,2215,02215,Missing leading zero,2025-12-16T09:41:50.677862
BOS_103336,loc_zip,2115,02115,Missing leading zero,2025-12-16T09:41:50.677907
BOS_103338,loc_zip,2114,02114,Missing leading zero,2025-12-16T09:41:50.677956
BOS_103352,loc_zip,2109,02109,Missing leading zero,2025-12-16T09:41:50.678005
BOS_103354,loc_zip,2109,02109,Missing leading zero,2025-12-16T09:41:50.678057
BOS_103355,loc_zip,2114,02114,Missing leading zero,2025-12-16T09:41:50.678109
BOS_103375,loc_zip,2121,02121,Missing leading zero,2025-12-16T09:41:50.678159
BOS_103386,loc_zip,2114,02114,Missing leading zero,2025-12-16T09:41:50.678208
BOS_103390,loc_zip,2116,02116,Missing leading zero,2025-12-16T09:41:50.678262
BOS_103409,loc_zip,2126,02126,Missing leading zero,2025-12-16T09:41:50.678314
BOS_103487,loc_zip,2109,02109,Missing leading zero,2025-12-16T09:41:50.678363
BOS_103513,loc_zip,2115,02115,Missing leading zero,2025-12-16T09:41:50.678409
BOS_103514,loc_zip,2115,02115,Missing leading zero,2025-12-16T09:41:50.678459
BOS_103516,loc_zip,2115,02115,Missing leading zero,2025-12-16T09:41:50.678517
BOS_103517,loc_zip,2115,02115,Missing leading zero,2025-12-16T09:41:50.678562
BOS_103518,loc_zip,2115,02115,Missing leading zero,2025-12-16T09:41:50.678612
BOS_103519,loc_zip,2115,02115,Missing leading zero,2025-12-16T09:41:50.678658
BOS_103520,loc_zip,2115,02115,Missing leading zero,2025-12-16T09:41:50.678704
BOS_103521,loc_zip,2115,02115,Missing leading zero,2025-12-16T09:41:50.678763
BOS_103522,loc_zip,2115,02115,Missing leading zero,2025-12-16T09:41:50.678809
BOS_103523,loc_zip,2115,02115,Missing leading zero,2025-12-16T09:41:50.678854
BOS_103524,loc_zip,2115,02115,Missing leading zero,2025-12-16T09:41:50.678899
BOS_103525,loc_zip,2115,02115,Missing leading zero,2025-12-16T09:41:50.678948
BOS_103526,loc_zip,2135,02135,Missing leading zero,2025-12-16T09:41:50.678996
BOS_103533,loc_zip,2135,02135,Missing leading zero,2025-12-16T09:41:50.679046
BOS_103534,loc_zip,2135,02135,Missing leading zero,2025-12-16T09:41:50.679095
BOS_103535,loc_zip,2135,02135,Missing leading zero,2025-12-16T09:41:50.679145
BOS_103536,loc_zip,2135,02135,Missing leading zero,2025-12-16T09:41:50.679202
BOS_103538,loc_zip,2135,02135,Missing leading zero,2025-12-16T09:41:50.679252
BOS_103539,loc_zip,2135,02135,Missing leading zero,2025-12-16T09:41:50.679306
BOS_103541,loc_zip,2135,02135,Missing leading zero,2025-12-16T09:41:50.679356
BOS_103543,loc_zip,2135,02135,Missing leading zero,2025-12-16T09:41:50.679404
BOS_103544,loc_zip,2134,02134,Missing leading zero,2025-12-16T09:41:50.679452
BOS_103546,loc_zip,2135,02135,Missing leading zero,2025-12-16T09:41:50.679506
BOS_103549,loc_zip,2135,02135,Missing leading zero,2025-12-16T09:41:50.679569
BOS_103550,loc_zip,2135,02135,Missing leading zero,2025-12-16T09:41:50.679617
BOS_103551,loc_zip,2135,02135,Missing leading zero,2025-12-16T09:41:50.679663
BOS_103552,loc_zip,2135,02135,Missing leading zero,2025-12-16T09:41:50.679711
BOS_103553,loc_zip,2135,02135,Missing leading zero,2025-12-16T09:41:50.679757
BOS_103554,loc_zip,2135,02135,Missing leading zero,2025-12-16T09:41:50.679802
BOS_103555,loc_zip,2135,02135,Missing leading zero,2025-12-16T09:41:50.679847
BOS_103556,loc_zip,2135,02135,Missing leading zero,2025-12-16T09:41:50.679892
BOS_103562,loc_zip,2135,02135,Missing leading zero,2025-12-16T09:41:50.679941
BOS_103564,loc_zip,2135,02135,Missing leading zero,2025-12-16T09:41:50.679987
BOS_103566,loc_zip,2135,02135,Missing leading zero,2025-12-16T09:41:50.680037
BOS_103568,loc_zip,2135,02135,Missing leading zero,2025-12-16T09:41:50.680086
BOS_103569,loc_zip,2135,02135,Missing leading zero,2025-12-16T09:41:50.680134
BOS_103570,loc_zip,2135,02135,Missing leading zero,2025-12-16T09:41:50.680186
BOS_103571,loc_zip,2135,02135,Missing leading zero,2025-12-16T09:41:50.680237
BOS_103572,loc_zip,2135,02135,Missing leading zero,2025-12-16T09:41:50.680287
BOS_103575,loc_zip,2135,02135,Missing leading zero,2025-12-16T09:41:50.680336
BOS_103576,loc_zip,2135,02135,Missing leading zero,2025-12-16T09:41:50.680384
BOS_103580,loc_zip,2115,02115,Missing leading zero,2025-12-16T09:41:50.680433
BOS_103581,loc_zip,2215,02215,Missing leading zero,2025-12-16T09:41:50.680480
BOS_103589,loc_zip,2135,02135,Missing leading zero,2025-12-16T09:41:50.680525
BOS_103590,loc_zip,2135,02135,Missing leading zero,2025-12-16T09:41:50.680574
BOS_103591,loc_zip,2134,02134,Missing leading zero,2025-12-16T09:41:50.680619
BOS_103592,loc_zip,2135,02135,Missing leading zero,2025-12-16T09:41:50.680668
BOS_103594,loc_zip,2135,02135,Missing leading zero,2025-12-16T09:41:50.680713
BOS_103599,loc_zip,2215,02215,Missing leading zero,2025-12-16T09:41:50.680759
BOS_103609,loc_zip,2125,02125,Missing leading zero,2025-12-16T09:41:50.680805
BOS_103619,loc_zip,2131,02131,Missing leading zero,2025-12-16T09:41:50.680851
BOS_103620,loc_zip,2115,02115,Missing leading zero,2025-12-16T09:41:50.680896
BOS_103664,loc_zip,2116,02116,Missing leading zero,2025-12-16T09:41:50.680943
BOS_103666,loc_zip,2210,02210,Missing leading zero,2025-12-16T09:41:50.680991
BOS_103667,loc_zip,2114,02114,Missing leading zero,2025-12-16T09:41:50.681041
BOS_103669,loc_zip,2110,02110,Missing leading zero,2025-12-16T09:41:50.681090
BOS_103762,loc_zip,2111,02111,Missing leading zero,2025-12-16T09:41:50.681140
BOS_103767,loc_zip,2110,02110,Missing leading zero,2025-12-16T09:41:50.681189
BOS_103770,loc_zip,2110,02110,Missing leading zero,2025-12-16T09:41:50.681238
BOS_103779,loc_zip,2132,02132,Missing leading zero,2025-12-16T09:41:50.681286
BOS_103788,loc_zip,2129,02129,Missing leading zero,2025-12-16T09:41:50.681337
BOS_103793,loc_zip,2129,02129,Missing leading zero,2025-12-16T09:41:50.681385
BOS_103801,loc_zip,2114,02114,Missing leading zero,2025-12-16T09:41:50.681430
BOS_103804,loc_zip,2210,02210,Missing leading zero,2025-12-16T09:41:50.681474
BOS_103807,loc_zip,2109,02109,Missing leading zero,2025-12-16T09:41:50.681520
BOS_103811,loc_zip,2135,02135,Missing leading zero,2025-12-16T09:41:50.681567
BOS_103813,loc_zip,2116,02116,Missing leading zero,2025-12-16T09:41:50.681612
BOS_103823,loc_zip,2115,02115,Missing leading zero,2025-12-16T09:41:50.681657
BOS_103856,loc_zip,2136,02136,Missing leading zero,2025-12-16T09:41:50.681703
BOS_103859,loc_zip,2136,02136,Missing leading zero,2025-12-16T09:41:50.681749
BOS_103866,loc_zip,2114,02114,Missing leading zero,2025-12-16T09:41:50.681796
BOS_103869,loc_zip,2135,02135,Missing leading zero,2025-12-16T09:41:50.681842
BOS_103876,loc_zip,2109,02109,Missing leading zero,2025-12-16T09:41:50.681888
BOS_103877,loc_zip,2135,02135,Missing leading zero,2025-12-16T09:41:50.681941
BOS_103885,loc_zip,2110,02110,Missing leading zero,2025-12-16T09:41:50.681992
BOS_103891,loc_zip,2116,02116,Missing leading zero,2025-12-16T09:41:50.682042
BOS_103900,loc_zip,2115,02115,Missing leading zero,2025-12-16T09:41:50.682092
BOS_103901,loc_zip,2115,02115,Missing leading zero,2025-12-16T09:41:50.682141
BOS_103905,loc_zip,2130,02130,Missing leading zero,2025-12-16T09:41:50.682190
BOS_103906,loc_zip,2130,02130,Missing leading zero,2025-12-16T09:41:50.682239
BOS_103907,loc_zip,2118,02118,Missing leading zero,2025-12-16T09:41:50.682291
BOS_103921,loc_zip,2110,02110,Missing leading zero,2025-12-16T09:41:50.682342
BOS_103922,loc_zip,2210,02210,Missing leading zero,2025-12-16T09:41:50.682390
BOS_103932,loc_zip,2132,02132,Missing leading zero,2025-12-16T09:41:50.682435
BOS_103937,loc_zip,2134,02134,Missing leading zero,2025-12-16T09:41:50.682480
BOS_103940,loc_zip,2116,02116,Missing leading zero,2025-12-16T09:41:50.682524
BOS_103944,loc_zip,2116,02116,Missing leading zero,2025-12-16T09:41:50.682571
BOS_103946,loc_zip,2135,02135,Missing leading zero,2025-12-16T09:41:50.682617
BOS_103948,loc_zip,2135,02135,Missing leading zero,2025-12-16T09:41:50.682663
BOS_103958,loc_zip,2108,02108,Missing leading zero,2025-12-16T09:41:50.682711
BOS_103990,loc_zip,2135,02135,Missing leading zero,2025-12-16T09:41:50.682757
BOS_103994,loc_zip,2127,02127,Missing leading zero,2025-12-16T09:41:50.682802
BOS_104007,loc_zip,2127,02127,Missing leading zero,2025-12-16T09:41:50.682850
BOS_104008,loc_zip,2127,02127,Missing leading zero,2025-12-16T09:41:50.682896
BOS_104009,loc_zip,2127,02127,Missing leading zero,2025-12-16T09:41:50.682950
BOS_104011,loc_zip,2127,02127,Missing leading zero,2025-12-16T09:41:50.683001
BOS_104012,loc_zip,2127,02127,Missing leading zero,2025-12-16T09:41:50.683050
BOS_104015,loc_zip,2127,02127,Missing leading zero,2025-12-16T09:41:50.683104
BOS_104020,loc_zip,2111,02111,Missing leading zero,2025-12-16T09:41:50.683154
BOS_104021,loc_zip,2126,02126,Missing leading zero,2025-12-16T09:41:50.683204
BOS_104040,loc_zip,2111,02111,Missing leading zero,2025-12-16T09:41:50.683256
BOS_104041,loc_zip,2111,02111,Missing leading zero,2025-12-16T09:41:50.683306
BOS_104061,loc_zip,2215,02215,Missing leading zero,2025-12-16T09:41:50.683355
BOS_104066,loc_zip,2116,02116,Missing leading zero,2025-12-16T09:41:50.683402
BOS_104081,loc_zip,2116,02116,Missing leading zero,2025-12-16T09:41:50.683446
BOS_104088,loc_zip,2127,02127,Missing leading zero,2025-12-16T09:41:50.683494
BOS_104091,loc_zip,2116,02116,Missing leading zero,2025-12-16T09:41:50.683539
BOS_104093,loc_zip,2210,02210,Missing leading zero,2025-12-16T09:41:50.683584
BOS_104102,loc_zip,2111,02111,Missing leading zero,2025-12-16T09:41:50.683631
BOS_104103,loc_zip,2127,02127,Missing leading zero,2025-12-16T09:41:50.683678
BOS_104116,loc_zip,2128,02128,Missing leading zero,2025-12-16T09:41:50.683723
BOS_104145,loc_zip,2109,02109,Missing leading zero,2025-12-16T09:41:50.683768
BOS_104151,loc_zip,2119,02119,Missing leading zero,2025-12-16T09:41:50.683813
BOS_104155,loc_zip,2119,02119,Missing leading zero,2025-12-16T09:41:50.683858
BOS_104156,loc_zip,2119,02119,Missing leading zero,2025-12-16T09:41:50.683907
BOS_104158,loc_zip,2119,02119,Missing leading zero,2025-12-16T09:41:50.683957
BOS_104159,loc_zip,2119,02119,Missing leading zero,2025-12-16T09:41:50.684006
BOS_104208,loc_zip,2116,02116,Missing leading zero,2025-12-16T09:41:50.684059
BOS_104223,loc_zip,2120,02120,Missing leading zero,2025-12-16T09:41:50.684108
BOS_104225,loc_zip,2111,02111,Missing leading zero,2025-12-16T09:41:50.684162
BOS_104232,loc_zip,2210,02210,Missing leading zero,2025-12-16T09:41:50.684213
BOS_104234,loc_zip,2114,02114,Missing leading zero,2025-12-16T09:41:50.684262
BOS_104235,loc_zip,2114,02114,Missing leading zero,2025-12-16T09:41:50.684311
BOS_104238,loc_zip,2215,02215,Missing leading zero,2025-12-16T09:41:50.684363
BOS_104253,loc_zip,2130,02130,Missing leading zero,2025-12-16T09:41:50.684414
BOS_104256,loc_zip,2111,02111,Missing leading zero,2025-12-16T09:41:50.684458
BOS_104264,loc_zip,2116,02116,Missing leading zero,2025-12-16T09:41:50.684503
BOS_104308,loc_zip,2128,02128,Missing leading zero,2025-12-16T09:41:50.684556
BOS_104362,loc_zip,2116,02116,Missing leading zero,2025-12-16T09:41:50.684602
BOS_104365,loc_zip,2128,02128,Missing leading zero,2025-12-16T09:41:50.684647
BOS_104367,loc_zip,2128,02128,Missing leading zero,2025-12-16T09:41:50.684696
BOS_104368,loc_zip,2128,02128,Missing leading zero,2025-12-16T09:41:50.684742
BOS_104374,loc_zip,2115,02115,Missing leading zero,2025-12-16T09:41:50.684788
BOS_104376,loc_zip,2108,02108,Missing leading zero,2025-12-16T09:41:50.684833
BOS_104389,loc_zip,2210,02210,Missing leading zero,2025-12-16T09:41:50.684879
BOS_104390,loc_zip,2210,02210,Missing leading zero,2025-12-16T09:41:50.684924
BOS_104398,loc_zip,2210,02210,Missing leading zero,2025-12-16T09:41:50.684975
BOS_104405,loc_zip,2118,02118,Missing leading zero,2025-12-16T09:41:50.685024
BOS_104416,loc_zip,2129,02129,Missing leading zero,2025-12-16T09:41:50.685077
BOS_104417,loc_zip,2109,02109,Missing leading zero,2025-12-16T09:41:50.685129
BOS_104419,loc_zip,2115,02115,Missing leading zero,2025-12-16T09:41:50.685180
BOS_104421,loc_zip,2109,02109,Missing leading zero,2025-12-16T09:41:50.685230
BOS_104428,loc_zip,2111,02111,Missing leading zero,2025-12-16T09:41:50.685279
BOS_104498,loc_zip,2111,02111,Missing leading zero,2025-12-16T09:41:50.685328
BOS_104512,loc_zip,2135,02135,Missing leading zero,2025-12-16T09:41:50.685377
BOS_104516,loc_zip,2124,02124,Missing leading zero,2025-12-16T09:41:50.685422
BOS_104517,loc_zip,2116,02116,Missing leading zero,2025-12-16T09:41:50.685467
BOS_104519,loc_zip,2116,02116,Missing leading zero,2025-12-16T09:41:50.685511
BOS_104521,loc_zip,2115,02115,Missing leading zero,2025-12-16T09:41:50.685557
BOS_104522,loc_zip,2115,02115,Missing leading zero,2025-12-16T09:41:50.685604
BOS_104523,loc_zip,2115,02115,Missing leading zero,2025-12-16T09:41:50.685651
BOS_104526,loc_zip,2120,02120,Missing leading zero,2025-12-16T09:41:50.685696
BOS_104528,loc_zip,2116,02116,Missing leading zero,2025-12-16T09:41:50.685741
BOS_104539,loc_zip,2210,02210,Missing leading zero,2025-12-16T09:41:50.685790
BOS_104541,loc_zip,2215,02215,Missing leading zero,2025-12-16T09:41:50.685836
BOS_104545,loc_zip,2129,02129,Missing leading zero,2025-12-16T09:41:50.685881
BOS_104546,loc_zip,2129,02129,Missing leading zero,2025-12-16T09:41:50.685926
BOS_104549,loc_zip,2109,02109,Missing leading zero,2025-12-16T09:41:50.685981
BOS_104550,loc_zip,2215,02215,Missing leading zero,2025-12-16T09:41:50.686031
BOS_104581,loc_zip,2135,02135,Missing leading zero,2025-12-16T09:41:50.686081
BOS_104590,loc_zip,2122,02122,Missing leading zero,2025-12-16T09:41:50.686132
BOS_104592,loc_zip,2115,02115,Missing leading zero,2025-12-16T09:41:50.686182
BOS_104593,loc_zip,2115,02115,Missing leading zero,2025-12-16T09:41:50.686233
BOS_104596,loc_zip,2114,02114,Missing leading zero,2025-12-16T09:41:50.686282
BOS_104597,loc_zip,2114,02114,Missing leading zero,2025-12-16T09:41:50.686335
BOS_104598,loc_zip,2120,02120,Missing leading zero,2025-12-16T09:41:50.686392
BOS_104599,loc_zip,2115,02115,Missing leading zero,2025-12-16T09:41:50.686437
BOS_104600,loc_zip,2115,02115,Missing leading zero,2025-12-16T09:41:50.686485
BOS_104601,loc_zip,2116,02116,Missing leading zero,2025-12-16T09:41:50.686531
BOS_104618,loc_zip,2114,02114,Missing leading zero,2025-12-16T09:41:50.686585
BOS_104638,loc_zip,2119,02119,Missing leading zero,2025-12-16T09:41:50.686631
BOS_104659,loc_zip,2114,02114,Missing leading zero,2025-12-16T09:41:50.686679
BOS_104669,loc_zip,2126,02126,Missing leading zero,2025-12-16T09:41:50.686726
BOS_104671,loc_zip,2116,02116,Missing leading zero,2025-12-16T09:41:50.686772
BOS_104702,loc_zip,2115,02115,Missing leading zero,2025-12-16T09:41:50.686829
BOS_104706,loc_zip,2115,02115,Missing leading zero,2025-12-16T09:41:50.686874
BOS_104707,loc_zip,2115,02115,Missing leading zero,2025-12-16T09:41:50.686919
BOS_104708,loc_zip,2115,02115,Missing leading zero,2025-12-16T09:41:50.686971
BOS_104710,loc_zip,2115,02115,Missing leading zero,2025-12-16T09:41:50.687022
BOS_104711,loc_zip,2115,02115,Missing leading zero,2025-12-16T09:41:50.687072
BOS_104712,loc_zip,2115,02115,Missing leading zero,2025-12-16T09:41:50.687121
BOS_104715,loc_zip,2115,02115,Missing leading zero,2025-12-16T09:41:50.687173
BOS_104717,loc_zip,2115,02115,Missing leading zero,2025-12-16T09:41:50.687224
BOS_104760,loc_zip,2120,02120,Missing leading zero,2025-12-16T09:41:50.687274
BOS_104761,loc_zip,2118,02118,Missing leading zero,2025-12-16T09:41:50.687324
BOS_104762,loc_zip,2118,02118,Missing leading zero,2025-12-16T09:41:50.687376
BOS_104767,loc_zip,2120,02120,Missing leading zero,2025-12-16T09:41:50.687423
BOS_104768,loc_zip,2120,02120,Missing leading zero,2025-12-16T09:41:50.687469
BOS_104770,loc_zip,2120,02120,Missing leading zero,2025-12-16T09:41:50.687514
BOS_104771,loc_zip,2120,02120,Missing leading zero,2025-12-16T09:41:50.687560
BOS_104774,loc_zip,2120,02120,Missing leading zero,2025-12-16T09:41:50.687605
BOS_104775,loc_zip,2120,02120,Missing leading zero,2025-12-16T09:41:50.687650
BOS_104777,loc_zip,2109,02109,Missing leading zero,2025-12-16T09:41:50.687696
BOS_104781,loc_zip,2108,02108,Missing leading zero,2025-12-16T09:41:50.687755
BOS_104783,loc_zip,2111,02111,Missing leading zero,2025-12-16T09:41:50.687815
BOS_104784,loc_zip,2108,02108,Missing leading zero,2025-12-16T09:41:50.687866
BOS_104791,loc_zip,2109,02109,Missing leading zero,2025-12-16T09:41:50.687921
BOS_104803,loc_zip,2110,02110,Missing leading zero,2025-12-16T09:41:50.687969
BOS_104808,loc_zip,2127,02127,Missing leading zero,2025-12-16T09:41:50.688014
BOS_104809,loc_zip,2108,02108,Missing leading zero,2025-12-16T09:41:50.688063
BOS_104820,loc_zip,2215,02215,Missing leading zero,2025-12-16T09:41:50.688108
BOS_104851,loc_zip,2108,02108,Missing leading zero,2025-12-16T09:41:50.688156
BOS_104852,loc_zip,2116,02116,Missing leading zero,2025-12-16T09:41:50.688202
BOS_104886,loc_zip,2114,02114,Missing leading zero,2025-12-16T09:41:50.688247
BOS_104891,loc_zip,2108,02108,Missing leading zero,2025-12-16T09:41:50.688292
BOS_104892,loc_zip,2210,02210,Missing leading zero,2025-12-16T09:41:50.688340
BOS_104899,loc_zip,2109,02109,Missing leading zero,2025-12-16T09:41:50.688385
BOS_104900,loc_zip,2110,02110,Missing leading zero,2025-12-16T09:41:50.688431
BOS_104911,loc_zip,2110,02110,Missing leading zero,2025-12-16T09:41:50.688480
BOS_104919,loc_zip,2108,02108,Missing leading zero,2025-12-16T09:41:50.688531
BOS_104920,loc_zip,2122,02122,Missing leading zero,2025-12-16T09:41:50.688580
BOS_104934,loc_zip,2115,02115,Missing leading zero,2025-12-16T09:41:50.688628
BOS_104941,loc_zip,2110,02110,Missing leading zero,2025-12-16T09:41:50.688681
BOS_104966,loc_zip,2110,02110,Missing leading zero,2025-12-16T09:41:50.688731
BOS_104967,loc_zip,2110,02110,Missing leading zero,2025-12-16T09:41:50.688781
BOS_104981,loc_zip,2129,02129,Missing leading zero,2025-12-16T09:41:50.688831
BOS_104983,loc_zip,2129,02129,Missing leading zero,2025-12-16T09:41:50.688883
BOS_104986,loc_zip,2210,02210,Missing leading zero,2025-12-16T09:41:50.688927
BOS_105051,loc_zip,2122,02122,Missing leading zero,2025-12-16T09:41:50.688972
BOS_105064,loc_zip,2110,02110,Missing leading zero,2025-12-16T09:41:50.689017
BOS_105066,loc_zip,2109,02109,Missing leading zero,2025-12-16T09:41:50.689061
BOS_105067,loc_zip,2210,02210,Missing leading zero,2025-12-16T09:41:50.689105
BOS_105068,loc_zip,2115,02115,Missing leading zero,2025-12-16T09:41:50.689150
BOS_105069,loc_zip,2118,02118,Missing leading zero,2025-12-16T09:41:50.689194
BOS_105086,loc_zip,2110,02110,Missing leading zero,2025-12-16T09:41:50.689240
BOS_105115,loc_zip,2110,02110,Missing leading zero,2025-12-16T09:41:50.689285
BOS_105127,loc_zip,2124,02124,Missing leading zero,2025-12-16T09:41:50.689329
BOS_105131,loc_zip,2114,02114,Missing leading zero,2025-12-16T09:41:50.689374
BOS_105132,loc_zip,2110,02110,Missing leading zero,2025-12-16T09:41:50.689420
BOS_105156,loc_zip,2109,02109,Missing leading zero,2025-12-16T09:41:50.689470
BOS_105159,loc_zip,2114,02114,Missing leading zero,2025-12-16T09:41:50.689519
BOS_105166,loc_zip,2110,02110,Missing leading zero,2025-12-16T09:41:50.689568
BOS_105167,loc_zip,2110,02110,Missing leading zero,2025-12-16T09:41:50.689620
BOS_105169,loc_zip,2210,02210,Missing leading zero,2025-12-16T09:41:50.689670
BOS_105173,loc_zip,2131,02131,Missing leading zero,2025-12-16T09:41:50.689720
BOS_105178,loc_zip,2215,02215,Missing leading zero,2025-12-16T09:41:50.689768
BOS_105179,loc_zip,2134,02134,Missing leading zero,2025-12-16T09:41:50.689818
BOS_105186,loc_zip,2134,02134,Missing leading zero,2025-12-16T09:41:50.689869
BOS_105187,loc_zip,2134,02134,Missing leading zero,2025-12-16T09:41:50.689915
BOS_105189,loc_zip,2134,02134,Missing leading zero,2025-12-16T09:41:50.689964
BOS_105190,loc_zip,2134,02134,Missing leading zero,2025-12-16T09:41:50.690010
BOS_105215,loc_zip,2108,02108,Missing leading zero,2025-12-16T09:41:50.690055
BOS_105246,loc_zip,2135,02135,Missing leading zero,2025-12-16T09:41:50.690104
BOS_105250,loc_zip,2114,02114,Missing leading zero,2025-12-16T09:41:50.690150
BOS_105254,loc_zip,2210,02210,Missing leading zero,2025-12-16T09:41:50.690202
BOS_105256,loc_zip,2109,02109,Missing leading zero,2025-12-16T09:41:50.690259
BOS_105257,loc_zip,2136,02136,Missing leading zero,2025-12-16T09:41:50.690304
BOS_105259,loc_zip,2135,02135,Missing leading zero,2025-12-16T09:41:50.690351
BOS_105267,loc_zip,2114,02114,Missing leading zero,2025-12-16T09:41:50.690396
BOS_105302,loc_zip,2108,02108,Missing leading zero,2025-12-16T09:41:50.690441
BOS_105304,loc_zip,2114,02114,Missing leading zero,2025-12-16T09:41:50.690486
BOS_105308,loc_zip,2109,02109,Missing leading zero,2025-12-16T09:41:50.690539
BOS_105354,loc_zip,2130,02130,Missing leading zero,2025-12-16T09:41:50.690589
BOS_105378,loc_zip,2128,02128,Missing leading zero,2025-12-16T09:41:50.690639
BOS_105420,loc_zip,2125,02125,Missing leading zero,2025-12-16T09:41:50.690690
BOS_105430,loc_zip,2126,02126,Missing leading zero,2025-12-16T09:41:50.690740
BOS_105433,loc_zip,2126,02126,Missing leading zero,2025-12-16T09:41:50.690789
BOS_105523,loc_zip,2114,02114,Missing leading zero,2025-12-16T09:41:50.690838
BOS_105525,loc_zip,2114,02114,Missing leading zero,2025-12-16T09:41:50.690890
BOS_105592,loc_zip,2130,02130,Missing leading zero,2025-12-16T09:41:50.690936
BOS_105612,loc_zip,2116,02116,Missing leading zero,2025-12-16T09:41:50.690980
BOS_105613,loc_zip,2116,02116,Missing leading zero,2025-12-16T09:41:50.691028
BOS_105631,loc_zip,2210,02210,Missing leading zero,2025-12-16T09:41:50.691074
BOS_105639,loc_zip,2129,02129,Missing leading zero,2025-12-16T09:41:50.691118
BOS_105641,loc_zip,2110,02110,Missing leading zero,2025-12-16T09:41:50.691163
BOS_105642,loc_zip,2116,02116,Missing leading zero,2025-12-16T09:41:50.691212
BOS_105643,loc_zip,2108,02108,Missing leading zero,2025-12-16T09:41:50.691257
BOS_105665,loc_zip,2125,02125,Missing leading zero,2025-12-16T09:41:50.691302
BOS_105676,loc_zip,2125,02125,Missing leading zero,2025-12-16T09:41:50.691346
BOS_105692,loc_zip,2119,02119,Missing leading zero,2025-12-16T09:41:50.691394
BOS_105699,loc_zip,2108,02108,Missing leading zero,2025-12-16T09:41:50.691442
BOS_105700,loc_zip,2111,02111,Missing leading zero,2025-12-16T09:41:50.691495
BOS_105708,loc_zip,2116,02116,Missing leading zero,2025-12-16T09:41:50.691545
BOS_105712,loc_zip,2108,02108,Missing leading zero,2025-12-16T09:41:50.691598
BOS_105713,loc_zip,2108,02108,Missing leading zero,2025-12-16T09:41:50.691649
BOS_105768,loc_zip,2114,02114,Missing leading zero,2025-12-16T09:41:50.691699
BOS_105769,loc_zip,2116,02116,Missing leading zero,2025-12-16T09:41:50.691748
BOS_105770,loc_zip,2215,02215,Missing leading zero,2025-12-16T09:41:50.691799
BOS_105779,loc_zip,2115,02115,Missing leading zero,2025-12-16T09:41:50.691849
BOS_105784,loc_zip,2215,02215,Missing leading zero,2025-12-16T09:41:50.691897
BOS_105785,loc_zip,2215,02215,Missing leading zero,2025-12-16T09:41:50.691941
BOS_105786,loc_zip,2215,02215,Missing leading zero,2025-12-16T09:41:50.691985
BOS_105788,loc_zip,2215,02215,Missing leading zero,2025-12-16T09:41:50.692029
BOS_105791,loc_zip,2215,02215,Missing leading zero,2025-12-16T09:41:50.692079
BOS_105793,loc_zip,2215,02215,Missing leading zero,2025-12-16T09:41:50.692126
BOS_105795,loc_zip,2215,02215,Missing leading zero,2025-12-16T09:41:50.692172
BOS_105796,loc_zip,2215,02215,Missing leading zero,2025-12-16T09:41:50.692217
BOS_105800,loc_zip,2108,02108,Missing leading zero,2025-12-16T09:41:50.692262
BOS_105807,loc_zip,2111,02111,Missing leading zero,2025-12-16T09:41:50.692315
BOS_105819,loc_zip,2111,02111,Missing leading zero,2025-12-16T09:41:50.692366
BOS_105828,loc_zip,2122,02122,Missing leading zero,2025-12-16T09:41:50.692411
BOS_105834,loc_zip,2210,02210,Missing leading zero,2025-12-16T09:41:50.692460
BOS_105835,loc_zip,2210,02210,Missing leading zero,2025-12-16T09:41:50.692519
BOS_105840,loc_zip,2108,02108,Missing leading zero,2025-12-16T09:41:50.692564
BOS_105864,loc_zip,2125,02125,Missing leading zero,2025-12-16T09:41:50.692622
BOS_105865,loc_zip,2125,02125,Missing leading zero,2025-12-16T09:41:50.692672
BOS_105876,loc_zip,2129,02129,Missing leading zero,2025-12-16T09:41:50.692721
BOS_105888,loc_zip,2136,02136,Missing leading zero,2025-12-16T09:41:50.692770
BOS_105895,loc_zip,2118,02118,Missing leading zero,2025-12-16T09:41:50.692819
BOS_105947,loc_zip,2124,02124,Missing leading zero,2025-12-16T09:41:50.692870
BOS_105949,loc_zip,2215,02215,Missing leading zero,2025-12-16T09:41:50.692917
BOS_105955,loc_zip,2109,02109,Missing leading zero,2025-12-16T09:41:50.692962
BOS_105956,loc_zip,2109,02109,Missing leading zero,2025-12-16T09:41:50.693010
BOS_105958,loc_zip,2114,02114,Missing leading zero,2025-12-16T09:41:50.693057
BOS_105968,loc_zip,2134,02134,Missing leading zero,2025-12-16T09:41:50.693103
BOS_105977,loc_zip,2111,02111,Missing leading zero,2025-12-16T09:41:50.693148
BOS_105991,loc_zip,2125,02125,Missing leading zero,2025-12-16T09:41:50.693193
BOS_105993,loc_zip,2122,02122,Missing leading zero,2025-12-16T09:41:50.693241
BOS_105995,loc_zip,2114,02114,Missing leading zero,2025-12-16T09:41:50.693287
BOS_105996,loc_zip,2114,02114,Missing leading zero,2025-12-16T09:41:50.693333
BOS_106009,loc_zip,2127,02127,Missing leading zero,2025-12-16T09:41:50.693378
BOS_106016,loc_zip,2128,02128,Missing leading zero,2025-12-16T09:41:50.693428
BOS_106017,loc_zip,2109,02109,Missing leading zero,2025-12-16T09:41:50.693479
BOS_106041,loc_zip,2116,02116,Missing leading zero,2025-12-16T09:41:50.693528
BOS_106042,loc_zip,2109,02109,Missing leading zero,2025-12-16T09:41:50.693578
BOS_106043,loc_zip,2210,02210,Missing leading zero,2025-12-16T09:41:50.693627
BOS_106044,loc_zip,2210,02210,Missing leading zero,2025-12-16T09:41:50.693680
BOS_106064,loc_zip,2125,02125,Missing leading zero,2025-12-16T09:41:50.693730
BOS_106068,loc_zip,2134,02134,Missing leading zero,2025-12-16T09:41:50.693783
BOS_106077,loc_zip,2210,02210,Missing leading zero,2025-12-16T09:41:50.693833
BOS_106086,loc_zip,2115,02115,Missing leading zero,2025-12-16T09:41:50.693887
BOS_106087,loc_zip,2125,02125,Missing leading zero,2025-12-16T09:41:50.693934
BOS_106091,loc_zip,2108,02108,Missing leading zero,2025-12-16T09:41:50.693980
BOS_106092,loc_zip,2110,02110,Missing leading zero,2025-12-16T09:41:50.694025
BOS_106094,loc_zip,2116,02116,Missing leading zero,2025-12-16T09:41:50.694075
BOS_106097,loc_zip,2120,02120,Missing leading zero,2025-12-16T09:41:50.694120
BOS_106098,loc_zip,2115,02115,Missing leading zero,2025-12-16T09:41:50.694169
BOS_106100,loc_zip,2114,02114,Missing leading zero,2025-12-16T09:41:50.694214
BOS_106101,loc_zip,2110,02110,Missing leading zero,2025-12-16T09:41:50.694265
BOS_106120,loc_zip,2108,02108,Missing leading zero,2025-12-16T09:41:50.694311
BOS_106121,loc_zip,2111,02111,Missing leading zero,2025-12-16T09:41:50.694359
BOS_106135,loc_zip,2109,02109,Missing leading zero,2025-12-16T09:41:50.694405
BOS_106154,loc_zip,2210,02210,Missing leading zero,2025-12-16T09:41:50.694454
BOS_106165,loc_zip,2119,02119,Missing leading zero,2025-12-16T09:41:50.694505
BOS_106172,loc_zip,2116,02116,Missing leading zero,2025-12-16T09:41:50.694559
BOS_106190,loc_zip,2135,02135,Missing leading zero,2025-12-16T09:41:50.694609
BOS_106245,loc_zip,2114,02114,Missing leading zero,2025-12-16T09:41:50.694662
BOS_106247,loc_zip,2110,02110,Missing leading zero,2025-12-16T09:41:50.694713
BOS_106271,loc_zip,2126,02126,Missing leading zero,2025-12-16T09:41:50.694763
BOS_106277,loc_zip,2134,02134,Missing leading zero,2025-12-16T09:41:50.694816
BOS_106280,loc_zip,2111,02111,Missing leading zero,2025-12-16T09:41:50.694868
BOS_106285,loc_zip,2215,02215,Missing leading zero,2025-12-16T09:41:50.694926
BOS_106288,loc_zip,2134,02134,Missing leading zero,2025-12-16T09:41:50.694972
BOS_106289,loc_zip,2135,02135,Missing leading zero,2025-12-16T09:41:50.695017
BOS_106294,loc_zip,2135,02135,Missing leading zero,2025-12-16T09:41:50.695063
BOS_106295,loc_zip,2135,02135,Missing leading zero,2025-12-16T09:41:50.695113
BOS_106297,loc_zip,2135,02135,Missing leading zero,2025-12-16T09:41:50.695159
BOS_106298,loc_zip,2135,02135,Missing leading zero,2025-12-16T09:41:50.695204
BOS_106299,loc_zip,2135,02135,Missing leading zero,2025-12-16T09:41:50.695253
BOS_106300,loc_zip,2135,02135,Missing leading zero,2025-12-16T09:41:50.695298
BOS_106307,loc_zip,2134,02134,Missing leading zero,2025-12-16T09:41:50.695343
BOS_106312,loc_zip,2215,02215,Missing leading zero,2025-12-16T09:41:50.695391
BOS_106315,loc_zip,2215,02215,Missing leading zero,2025-12-16T09:41:50.695447
BOS_106316,loc_zip,2215,02215,Missing leading zero,2025-12-16T09:41:50.695501
BOS_106317,loc_zip,2215,02215,Missing leading zero,2025-12-16T09:41:50.695551
BOS_106318,loc_zip,2118,02118,Missing leading zero,2025-12-16T09:41:50.695601
BOS_106319,loc_zip,2118,02118,Missing leading zero,2025-12-16T09:41:50.695652
BOS_106320,loc_zip,2118,02118,Missing leading zero,2025-12-16T09:41:50.695702
BOS_106322,loc_zip,2118,02118,Missing leading zero,2025-12-16T09:41:50.695754
BOS_106326,loc_zip,2132,02132,Missing leading zero,2025-12-16T09:41:50.695807
BOS_106327,loc_zip,2108,02108,Missing leading zero,2025-12-16T09:41:50.695856
BOS_106328,loc_zip,2116,02116,Missing leading zero,2025-12-16T09:41:50.695903
BOS_106330,loc_zip,2110,02110,Missing leading zero,2025-12-16T09:41:50.695949
BOS_106340,loc_zip,2111,02111,Missing leading zero,2025-12-16T09:41:50.695993
BOS_106343,loc_zip,2111,02111,Missing leading zero,2025-12-16T09:41:50.696038
BOS_106371,loc_zip,2109,02109,Missing leading zero,2025-12-16T09:41:50.696086
BOS_106392,loc_zip,2116,02116,Missing leading zero,2025-12-16T09:41:50.696141
BOS_106401,loc_zip,2127,02127,Missing leading zero,2025-12-16T09:41:50.696192
BOS_106404,loc_zip,2210,02210,Missing leading zero,2025-12-16T09:41:50.696243
BOS_106410,loc_zip,2109,02109,Missing leading zero,2025-12-16T09:41:50.696300
BOS_106411,loc_zip,2110,02110,Missing leading zero,2025-12-16T09:41:50.696350
BOS_106412,loc_zip,2116,02116,Missing leading zero,2025-12-16T09:41:50.696401
BOS_106417,loc_zip,2116,02116,Missing leading zero,2025-12-16T09:41:50.696454
BOS_106418,loc_zip,2109,02109,Missing leading zero,2025-12-16T09:41:50.696509
BOS_106419,loc_zip,2114,02114,Missing leading zero,2025-12-16T09:41:50.696560
BOS_106425,loc_zip,2110,02110,Missing leading zero,2025-12-16T09:41:50.696615
BOS_106428,loc_zip,2110,02110,Missing leading zero,2025-12-16T09:41:50.696667
BOS_106442,loc_zip,2116,02116,Missing leading zero,2025-12-16T09:41:50.696721
BOS_106444,loc_zip,2108,02108,Missing leading zero,2025-12-16T09:41:50.696772
BOS_106445,loc_zip,2111,02111,Missing leading zero,2025-12-16T09:41:50.696826
BOS_106475,loc_zip,2130,02130,Missing leading zero,2025-12-16T09:41:50.696882
BOS_106517,loc_zip,2116,02116,Missing leading zero,2025-12-16T09:41:50.696931
BOS_106528,loc_zip,2127,02127,Missing leading zero,2025-12-16T09:41:50.696976
BOS_106618,loc_zip,2109,02109,Missing leading zero,2025-12-16T09:41:50.697024
BOS_106673,loc_zip,2111,02111,Missing leading zero,2025-12-16T09:41:50.697070
BOS_106682,loc_zip,2109,02109,Missing leading zero,2025-12-16T09:41:50.697117
BOS_106702,loc_zip,2115,02115,Missing leading zero,2025-12-16T09:41:50.697162
BOS_106703,loc_zip,2115,02115,Missing leading zero,2025-12-16T09:41:50.697207
BOS_106704,loc_zip,2115,02115,Missing leading zero,2025-12-16T09:41:50.697254
BOS_106706,loc_zip,2115,02115,Missing leading zero,2025-12-16T09:41:50.697301
BOS_106708,loc_zip,2120,02120,Missing leading zero,2025-12-16T09:41:50.697347
BOS_106712,loc_zip,2115,02115,Missing leading zero,2025-12-16T09:41:50.697392
BOS_106713,loc_zip,2115,02115,Missing leading zero,2025-12-16T09:41:50.697438
BOS_106714,loc_zip,2120,02120,Missing leading zero,2025-12-16T09:41:50.697482
BOS_106715,loc_zip,2120,02120,Missing leading zero,2025-12-16T09:41:50.697533
BOS_106716,loc_zip,2115,02115,Missing leading zero,2025-12-16T09:41:50.697583
BOS_106737,loc_zip,2135,02135,Missing leading zero,2025-12-16T09:41:50.697632
BOS_106760,loc_zip,2109,02109,Missing leading zero,2025-12-16T09:41:50.697681
BOS_106762,loc_zip,2215,02215,Missing leading zero,2025-12-16T09:41:50.697730
BOS_106764,loc_zip,2108,02108,Missing leading zero,2025-12-16T09:41:50.697782
BOS_106768,loc_zip,2136,02136,Missing leading zero,2025-12-16T09:41:50.697838
BOS_106776,loc_zip,2126,02126,Missing leading zero,2025-12-16T09:41:50.697886
BOS_106777,loc_zip,2122,02122,Missing leading zero,2025-12-16T09:41:50.697935
BOS_106782,loc_zip,2210,02210,Missing leading zero,2025-12-16T09:41:50.697981
BOS_106784,loc_zip,2128,02128,Missing leading zero,2025-12-16T09:41:50.698026
BOS_106799,loc_zip,2119,02119,Missing leading zero,2025-12-16T09:41:50.698075
BOS_106811,loc_zip,2124,02124,Missing leading zero,2025-12-16T09:41:50.698121
BOS_106816,loc_zip,2116,02116,Missing leading zero,2025-12-16T09:41:50.698166
BOS_106818,loc_zip,2116,02116,Missing leading zero,2025-12-16T09:41:50.698211
BOS_106819,loc_zip,2115,02115,Missing leading zero,2025-12-16T09:41:50.698257
BOS_106820,loc_zip,2115,02115,Missing leading zero,2025-12-16T09:41:50.698302
BOS_106823,loc_zip,2130,02130,Missing leading zero,2025-12-16T09:41:50.698347
BOS_106826,loc_zip,2115,02115,Missing leading zero,2025-12-16T09:41:50.698396
BOS_106827,loc_zip,2119,02119,Missing leading zero,2025-12-16T09:41:50.698443
BOS_106837,loc_zip,2114,02114,Missing leading zero,2025-12-16T09:41:50.698492
BOS_106851,loc_zip,2136,02136,Missing leading zero,2025-12-16T09:41:50.698544
BOS_106901,loc_zip,2136,02136,Missing leading zero,2025-12-16T09:41:50.698593
BOS_106924,loc_zip,2119,02119,Missing leading zero,2025-12-16T09:41:50.698641
BOS_106928,loc_zip,2121,02121,Missing leading zero,2025-12-16T09:41:50.698690
BOS_106949,loc_zip,2118,02118,Missing leading zero,2025-12-16T09:41:50.698740
BOS_107009,loc_zip,2128,02128,Missing leading zero,2025-12-16T09:41:50.698789
BOS_107048,loc_zip,2124,02124,Missing leading zero,2025-12-16T09:41:50.698837
BOS_107052,loc_zip,2135,02135,Missing leading zero,2025-12-16T09:41:50.698895
BOS_107055,loc_zip,2135,02135,Missing leading zero,2025-12-16T09:41:50.698941
BOS_107057,loc_zip,2135,02135,Missing leading zero,2025-12-16T09:41:50.698986
BOS_107062,loc_zip,2135,02135,Missing leading zero,2025-12-16T09:41:50.699030
BOS_107068,loc_zip,2118,02118,Missing leading zero,2025-12-16T09:41:50.699076
BOS_107082,loc_zip,2215,02215,Missing leading zero,2025-12-16T09:41:50.699122
BOS_107083,loc_zip,2215,02215,Missing leading zero,2025-12-16T09:41:50.699167
BOS_107084,loc_zip,2215,02215,Missing leading zero,2025-12-16T09:41:50.699212
BOS_107086,loc_zip,2215,02215,Missing leading zero,2025-12-16T09:41:50.699259
BOS_107087,loc_zip,2215,02215,Missing leading zero,2025-12-16T09:41:50.699305
BOS_107088,loc_zip,2215,02215,Missing leading zero,2025-12-16T09:41:50.699351
BOS_107135,loc_zip,2135,02135,Missing leading zero,2025-12-16T09:41:50.699395
BOS_107173,loc_zip,2114,02114,Missing leading zero,2025-12-16T09:41:50.699443
BOS_107176,loc_zip,2135,02135,Missing leading zero,2025-12-16T09:41:50.699500
BOS_107183,loc_zip,2124,02124,Missing leading zero,2025-12-16T09:41:50.699550
BOS_107254,loc_zip,2111,02111,Missing leading zero,2025-12-16T09:41:50.699600
BOS_107282,loc_zip,2114,02114,Missing leading zero,2025-12-16T09:41:50.699650
BOS_107521,loc_zip,2109,02109,Missing leading zero,2025-12-16T09:41:50.699702
BOS_107591,loc_zip,2119,02119,Missing leading zero,2025-12-16T09:41:50.699754
BOS_107639,loc_zip,2115,02115,Missing leading zero,2025-12-16T09:41:50.699804
BOS_107668,loc_zip,2125,02125,Missing leading zero,2025-12-16T09:41:50.699854
BOS_107794,loc_zip,2121,02121,Missing leading zero,2025-12-16T09:41:50.699901
BOS_107803,loc_zip,2114,02114,Missing leading zero,2025-12-16T09:41:50.699948
BOS_107844,loc_zip,2215,02215,Missing leading zero,2025-12-16T09:41:50.699994
BOS_107913,loc_zip,2120,02120,Missing leading zero,2025-12-16T09:41:50.700039
BOS_107955,loc_zip,2114,02114,Missing leading zero,2025-12-16T09:41:50.700086
BOS_107962,loc_zip,2115,02115,Missing leading zero,2025-12-16T09:41:50.700132
BOS_107968,loc_zip,2215,02215,Missing leading zero,2025-12-16T09:41:50.700180
BOS_107969,loc_zip,2215,02215,Missing leading zero,2025-12-16T09:41:50.700227
BOS_107970,loc_zip,2215,02215,Missing leading zero,2025-12-16T09:41:50.700272
BOS_108021,loc_zip,2115,02115,Missing leading zero,2025-12-16T09:41:50.700320
BOS_108047,loc_zip,2171,02171,Missing leading zero,2025-12-16T09:41:50.700366
BOS_108082,loc_zip,2109,02109,Missing leading zero,2025-12-16T09:41:50.700414
BOS_108085,loc_zip,2135,02135,Missing leading zero,2025-12-16T09:41:50.700463
BOS_108117,loc_zip,2115,02115,Missing leading zero,2025-12-16T09:41:50.700516
BOS_108125,loc_zip,2110,02110,Missing leading zero,2025-12-16T09:41:50.700566
BOS_108126,loc_zip,2116,02116,Missing leading zero,2025-12-16T09:41:50.700618
BOS_108128,loc_zip,2127,02127,Missing leading zero,2025-12-16T09:41:50.700667
BOS_108162,loc_zip,2110,02110,Missing leading zero,2025-12-16T09:41:50.700719
BOS_108165,loc_zip,2115,02115,Missing leading zero,2025-12-16T09:41:50.700769
BOS_108167,loc_zip,2120,02120,Missing leading zero,2025-12-16T09:41:50.700822
CAM_1005,loc_zip,2142,02142,Missing leading zero,2025-12-16T09:41:50.700872
CAM_1014,loc_zip,2139,02139,Missing leading zero,2025-12-16T09:41:50.700928
CAM_1022,loc_zip,2139,02139,Missing leading zero,2025-12-16T09:41:50.700977
CAM_1023,loc_zip,2139,02139,Missing leading zero,2025-12-16T09:41:50.701032
CAM_1030,loc_zip,2139,02139,Missing leading zero,2025-12-16T09:41:50.701078
CAM_1031,loc_zip,2139,02139,Missing leading zero,2025-12-16T09:41:50.701132
CAM_1040,loc_zip,2138,02138,Missing leading zero,2025-12-16T09:41:50.701185
CAM_1043,loc_zip,2139,02139,Missing leading zero,2025-12-16T09:41:50.701240
CAM_1050,loc_zip,2138,02138,Missing leading zero,2025-12-16T09:41:50.701287
CAM_1061,loc_zip,2142,02142,Missing leading zero,2025-12-16T09:41:50.701333
CAM_1062,loc_zip,2142,02142,Missing leading zero,2025-12-16T09:41:50.701378
CAM_1063,loc_zip,2140,02140,Missing leading zero,2025-12-16T09:41:50.701422
CAM_1064,loc_zip,2140,02140,Missing leading zero,2025-12-16T09:41:50.701475
CAM_1065,loc_zip,2138,02138,Missing leading zero,2025-12-16T09:41:50.701524
CAM_1066,loc_zip,2138,02138,Missing leading zero,2025-12-16T09:41:50.701573
CAM_1070,loc_zip,2142,02142,Missing leading zero,2025-12-16T09:41:50.701622
CAM_1075,loc_zip,2142,02142,Missing leading zero,2025-12-16T09:41:50.701673
CAM_1077,loc_zip,2142,02142,Missing leading zero,2025-12-16T09:41:50.701724
CAM_1080,loc_zip,2142,02142,Missing leading zero,2025-12-16T09:41:50.701773
CAM_1081,loc_zip,2142,02142,Missing leading zero,2025-12-16T09:41:50.701826
CAM_1082,loc_zip,2142,02142,Missing leading zero,2025-12-16T09:41:50.701877
CAM_1084,loc_zip,2141,02141,Missing leading zero,2025-12-16T09:41:50.701922
CAM_1085,loc_zip,2139,02139,Missing leading zero,2025-12-16T09:41:50.701971
CAM_1088,loc_zip,2142,02142,Missing leading zero,2025-12-16T09:41:50.702017
CAM_1089,loc_zip,2141,02141,Missing leading zero,2025-12-16T09:41:50.702062
CAM_1094,loc_zip,2139,02139,Missing leading zero,2025-12-16T09:41:50.702110
CAM_1096,loc_zip,2139,02139,Missing leading zero,2025-12-16T09:41:50.702158
CAM_1097,loc_zip,2139,02139,Missing leading zero,2025-12-16T09:41:50.702203
CAM_1100,loc_zip,2139,02139,Missing leading zero,2025-12-16T09:41:50.702250
CAM_1106,loc_zip,2138,02138,Missing leading zero,2025-12-16T09:41:50.702294
CAM_1108,loc_zip,2138,02138,Missing leading zero,2025-12-16T09:41:50.702339
CAM_1113,loc_zip,2139,02139,Missing leading zero,2025-12-16T09:41:50.702387
CAM_1114,loc_zip,2140,02140,Missing leading zero,2025-12-16T09:41:50.702434
CAM_1117,loc_zip,2142,02142,Missing leading zero,2025-12-16T09:41:50.702483
CAM_1118,loc_zip,2141,02141,Missing leading zero,2025-12-16T09:41:50.702533
CAM_1119,loc_zip,2141,02141,Missing leading zero,2025-12-16T09:41:50.702582
CAM_1120,loc_zip,2142,02142,Missing leading zero,2025-12-16T09:41:50.702630
CAM_1121,loc_zip,2141,02141,Missing leading zero,2025-12-16T09:41:50.702756
CAM_1123,loc_zip,2138,02138,Missing leading zero,2025-12-16T09:41:50.702810
CAM_1126,loc_zip,2139,02139,Missing leading zero,2025-12-16T09:41:50.702863
CAM_1135,loc_zip,2139,02139,Missing leading zero,2025-12-16T09:41:50.702914
CAM_1136,loc_zip,2138,02138,Missing leading zero,2025-12-16T09:41:50.702961
CAM_1137,loc_zip,2138,02138,Missing leading zero,2025-12-16T09:41:50.703018
CAM_1139,loc_zip,2138,02138,Missing leading zero,2025-12-16T09:41:50.703064
CAM_1142,loc_zip,2138,02138,Missing leading zero,2025-12-16T09:41:50.703110
CAM_1143,loc_zip,2138,02138,Missing leading zero,2025-12-16T09:41:50.703155
CAM_1154,loc_zip,2138,02138,Missing leading zero,2025-12-16T09:41:50.703200
CAM_1155,loc_zip,2138,02138,Missing leading zero,2025-12-16T09:41:50.703249
CAM_1156,loc_zip,2138,02138,Missing leading zero,2025-12-16T09:41:50.703296
CAM_1157,loc_zip,2138,02138,Missing leading zero,2025-12-16T09:41:50.703341
CAM_1159,loc_zip,2141,02141,Missing leading zero,2025-12-16T09:41:50.703390
CAM_1160,loc_zip,2138,02138,Missing leading zero,2025-12-16T09:41:50.703437
CAM_1161,loc_zip,2138,02138,Missing leading zero,2025-12-16T09:41:50.703488
CAM_1163,loc_zip,2138,02138,Missing leading zero,2025-12-16T09:41:50.703540
CAM_1164,loc_zip,2138,02138,Missing leading zero,2025-12-16T09:41:50.703590
CAM_1165,loc_zip,2143,02143,Missing leading zero,2025-12-16T09:41:50.703642
CAM_1166,loc_zip,2138,02138,Missing leading zero,2025-12-16T09:41:50.703693
CAM_1167,loc_zip,2138,02138,Missing leading zero,2025-12-16T09:41:50.703742
CAM_1168,loc_zip,2138,02138,Missing leading zero,2025-12-16T09:41:50.703793
CAM_1169,loc_zip,2138,02138,Missing leading zero,2025-12-16T09:41:50.703842
CAM_1170,loc_zip,2138,02138,Missing leading zero,2025-12-16T09:41:50.703890
CAM_1171,loc_zip,2138,02138,Missing leading zero,2025-12-16T09:41:50.703936
CAM_1172,loc_zip,2138,02138,Missing leading zero,2025-12-16T09:41:50.703982
CAM_1175,loc_zip,2138,02138,Missing leading zero,2025-12-16T09:41:50.704027
CAM_1180,loc_zip,2138,02138,Missing leading zero,2025-12-16T09:41:50.704072
CAM_1185,loc_zip,2138,02138,Missing leading zero,2025-12-16T09:41:50.704119
CAM_1191,loc_zip,2138,02138,Missing leading zero,2025-12-16T09:41:50.704180
CAM_1196,loc_zip,2138,02138,Missing leading zero,2025-12-16T09:41:50.704228
CAM_1197,loc_zip,2138,02138,Missing leading zero,2025-12-16T09:41:50.704272
CAM_1200,loc_zip,2138,02138,Missing leading zero,2025-12-16T09:41:50.704317
CAM_1201,loc_zip,2138,02138,Missing leading zero,2025-12-16T09:41:50.704363
CAM_1205,loc_zip,2138,02138,Missing leading zero,2025-12-16T09:41:50.704410
CAM_1206,loc_zip,2138,02138,Missing leading zero,2025-12-16T09:41:50.704458
CAM_1209,loc_zip,2138,02138,Missing leading zero,2025-12-16T09:41:50.704508
CAM_1212,loc_zip,2138,02138,Missing leading zero,2025-12-16T09:41:50.704559
CAM_1213,loc_zip,2138,02138,Missing leading zero,2025-12-16T09:41:50.704611
CAM_1215,loc_zip,2138,02138,Missing leading zero,2025-12-16T09:41:50.704662
CAM_1216,loc_zip,2138,02138,Missing leading zero,2025-12-16T09:41:50.704712
CAM_1218,loc_zip,2138,02138,Missing leading zero,2025-12-16T09:41:50.704762
CAM_1220,loc_zip,2138,02138,Missing leading zero,2025-12-16T09:41:50.704816
CAM_1222,loc_zip,2138,02138,Missing leading zero,2025-12-16T09:41:50.704867
CAM_1223,loc_zip,2138,02138,Missing leading zero,2025-12-16T09:41:50.704914
CAM_1227,loc_zip,2138,02138,Missing leading zero,2025-12-16T09:41:50.704963
CAM_1228,loc_zip,2138,02138,Missing leading zero,2025-12-16T09:41:50.705009
CAM_1229,loc_zip,2138,02138,Missing leading zero,2025-12-16T09:41:50.705054
CAM_1233,loc_zip,2138,02138,Missing leading zero,2025-12-16T09:41:50.705100
CAM_1235,loc_zip,2138,02138,Missing leading zero,2025-12-16T09:41:50.705145
CAM_1237,loc_zip,2138,02138,Missing leading zero,2025-12-16T09:41:50.705189
CAM_1242,loc_zip,2138,02138,Missing leading zero,2025-12-16T09:41:50.705234
CAM_1245,loc_zip,2138,02138,Missing leading zero,2025-12-16T09:41:50.705279
CAM_1247,loc_zip,2138,02138,Missing leading zero,2025-12-16T09:41:50.705323
CAM_1254,loc_zip,2138,02138,Missing leading zero,2025-12-16T09:41:50.705368
CAM_1255,loc_zip,2138,02138,Missing leading zero,2025-12-16T09:41:50.705415
CAM_1257,loc_zip,2138,02138,Missing leading zero,2025-12-16T09:41:50.705465
CAM_1258,loc_zip,2138,02138,Missing leading zero,2025-12-16T09:41:50.705515
CAM_1260,loc_zip,2138,02138,Missing leading zero,2025-12-16T09:41:50.705564
CAM_1261,loc_zip,2138,02138,Missing leading zero,2025-12-16T09:41:50.705614
CAM_1265,loc_zip,2138,02138,Missing leading zero,2025-12-16T09:41:50.705663
CAM_1266,loc_zip,2138,02138,Missing leading zero,2025-12-16T09:41:50.705717
CAM_1270,loc_zip,2138,02138,Missing leading zero,2025-12-16T09:41:50.705767
CAM_1273,loc_zip,2138,02138,Missing leading zero,2025-12-16T09:41:50.705821
CAM_1275,loc_zip,2138,02138,Missing leading zero,2025-12-16T09:41:50.705876
CAM_1277,loc_zip,2138,02138,Missing leading zero,2025-12-16T09:41:50.705923
CAM_1281,loc_zip,2138,02138,Missing leading zero,2025-12-16T09:41:50.705968
CAM_1287,loc_zip,2138,02138,Missing leading zero,2025-12-16T09:41:50.706013
CAM_1289,loc_zip,2138,02138,Missing leading zero,2025-12-16T09:41:50.706058
CAM_1291,loc_zip,2138,02138,Missing leading zero,2025-12-16T09:41:50.706117
CAM_1292,loc_zip,2138,02138,Missing leading zero,2025-12-16T09:41:50.706167
CAM_1293,loc_zip,2138,02138,Missing leading zero,2025-12-16T09:41:50.706212
CAM_1294,loc_zip,2138,02138,Missing leading zero,2025-12-16T09:41:50.706259
CAM_1297,loc_zip,2138,02138,Missing leading zero,2025-12-16T09:41:50.706304
CAM_1301,loc_zip,2138,02138,Missing leading zero,2025-12-16T09:41:50.706350
CAM_1303,loc_zip,2138,02138,Missing leading zero,2025-12-16T09:41:50.706396
CAM_1304,loc_zip,2140,02140,Missing leading zero,2025-12-16T09:41:50.706443
CAM_1305,loc_zip,2142,02142,Missing leading zero,2025-12-16T09:41:50.706492
CAM_1306,loc_zip,2138,02138,Missing leading zero,2025-12-16T09:41:50.706544
CAM_1307,loc_zip,2142,02142,Missing leading zero,2025-12-16T09:41:50.706596
CAM_1308,loc_zip,2142,02142,Missing leading zero,2025-12-16T09:41:50.706646
CAM_1309,loc_zip,2142,02142,Missing leading zero,2025-12-16T09:41:50.706695
CAM_1312,loc_zip,2138,02138,Missing leading zero,2025-12-16T09:41:50.706744
CAM_1314,loc_zip,2139,02139,Missing leading zero,2025-12-16T09:41:50.706794
CAM_1315,loc_zip,2142,02142,Missing leading zero,2025-12-16T09:41:50.706843
CAM_1322,loc_zip,2138,02138,Missing leading zero,2025-12-16T09:41:50.706891
CAM_1324,loc_zip,2142,02142,Missing leading zero,2025-12-16T09:41:50.706935
CAM_1325,loc_zip,2139,02139,Missing leading zero,2025-12-16T09:41:50.706982
CAM_1326,loc_zip,2139,02139,Missing leading zero,2025-12-16T09:41:50.707029
CAM_1328,loc_zip,2138,02138,Missing leading zero,2025-12-16T09:41:50.707075
CAM_1330,loc_zip,2139,02139,Missing leading zero,2025-12-16T09:41:50.707120
CAM_1333,loc_zip,2139,02139,Missing leading zero,2025-12-16T09:41:50.707165
CAM_1337,loc_zip,2142,02142,Missing leading zero,2025-12-16T09:41:50.707209
CAM_1338,loc_zip,2142,02142,Missing leading zero,2025-12-16T09:41:50.707254
CAM_1340,loc_zip,2142,02142,Missing leading zero,2025-12-16T09:41:50.707299
CAM_1343,loc_zip,2139,02139,Missing leading zero,2025-12-16T09:41:50.707343
CAM_1344,loc_zip,2139,02139,Missing leading zero,2025-12-16T09:41:50.707388
CAM_1345,loc_zip,2142,02142,Missing leading zero,2025-12-16T09:41:50.707439
CAM_1346,loc_zip,2139,02139,Missing leading zero,2025-12-16T09:41:50.707490
CAM_1347,loc_zip,2139,02139,Missing leading zero,2025-12-16T09:41:50.707540
CAM_1349,loc_zip,2139,02139,Missing leading zero,2025-12-16T09:41:50.707593
CAM_1351,loc_zip,2141,02141,Missing leading zero,2025-12-16T09:41:50.707644
CAM_1352,loc_zip,2138,02138,Missing leading zero,2025-12-16T09:41:50.707693
CAM_1355,loc_zip,2138,02138,Missing leading zero,2025-12-16T09:41:50.707746
CAM_1358,loc_zip,2138,02138,Missing leading zero,2025-12-16T09:41:50.707796
CAM_1364,loc_zip,2142,02142,Missing leading zero,2025-12-16T09:41:50.707849
CAM_1368,loc_zip,2139,02139,Missing leading zero,2025-12-16T09:41:50.707903
CAM_1370,loc_zip,2142,02142,Missing leading zero,2025-12-16T09:41:50.707949
CAM_1371,loc_zip,2139,02139,Missing leading zero,2025-12-16T09:41:50.707998
CAM_1376,loc_zip,2138,02138,Missing leading zero,2025-12-16T09:41:50.708043
CAM_1377,loc_zip,2139,02139,Missing leading zero,2025-12-16T09:41:50.708091
CAM_1378,loc_zip,2139,02139,Missing leading zero,2025-12-16T09:41:50.708136
CAM_1380,loc_zip,2139,02139,Missing leading zero,2025-12-16T09:41:50.708180
CAM_1382,loc_zip,2142,02142,Missing leading zero,2025-12-16T09:41:50.708225
CAM_1383,loc_zip,2142,02142,Missing leading zero,2025-12-16T09:41:50.708274
CAM_1386,loc_zip,2138,02138,Missing leading zero,2025-12-16T09:41:50.708319
CAM_1387,loc_zip,2142,02142,Missing leading zero,2025-12-16T09:41:50.708364
CAM_1388,loc_zip,2139,02139,Missing leading zero,2025-12-16T09:41:50.708409
CAM_1389,loc_zip,2139,02139,Missing leading zero,2025-12-16T09:41:50.708459
CAM_1390,loc_zip,2142,02142,Missing leading zero,2025-12-16T09:41:50.708509
CAM_1391,loc_zip,2139,02139,Missing leading zero,2025-12-16T09:41:50.708558
CAM_1392,loc_zip,2139,02139,Missing leading zero,2025-12-16T09:41:50.708608
CAM_1393,loc_zip,2139,02139,Missing leading zero,2025-12-16T09:41:50.708657
CAM_1394,loc_zip,2142,02142,Missing leading zero,2025-12-16T09:41:50.708707
CAM_1396,loc_zip,2139,02139,Missing leading zero,2025-12-16T09:41:50.708758
CAM_1397,loc_zip,2139,02139,Missing leading zero,2025-12-16T09:41:50.708810
CAM_1398,loc_zip,2139,02139,Missing leading zero,2025-12-16T09:41:50.708860
CAM_1399,loc_zip,2139,02139,Missing leading zero,2025-12-16T09:41:50.708907
CAM_1401,loc_zip,2139,02139,Missing leading zero,2025-12-16T09:41:50.708952
CAM_1402,loc_zip,2139,02139,Missing leading zero,2025-12-16T09:41:50.708997
CAM_1404,loc_zip,2139,02139,Missing leading zero,2025-12-16T09:41:50.709044
CAM_1407,loc_zip,2139,02139,Missing leading zero,2025-12-16T09:41:50.709095
CAM_1409,loc_zip,2139,02139,Missing leading zero,2025-12-16T09:41:50.709142
CAM_1410,loc_zip,2139,02139,Missing leading zero,2025-12-16T09:41:50.709188
CAM_1411,loc_zip,2139,02139,Missing leading zero,2025-12-16T09:41:50.709233
CAM_1412,loc_zip,2139,02139,Missing leading zero,2025-12-16T09:41:50.709280
CAM_1413,loc_zip,2139,02139,Missing leading zero,2025-12-16T09:41:50.709326
CAM_1414,loc_zip,2139,02139,Missing leading zero,2025-12-16T09:41:50.709372
CAM_1419,loc_zip,2141,02141,Missing leading zero,2025-12-16T09:41:50.709417
CAM_1420,loc_zip,2141,02141,Missing leading zero,2025-12-16T09:41:50.709466
CAM_1429,loc_zip,2139,02139,Missing leading zero,2025-12-16T09:41:50.709515
CAM_1430,loc_zip,2139,02139,Missing leading zero,2025-12-16T09:41:50.709565
CAM_1431,loc_zip,2138,02138,Missing leading zero,2025-12-16T09:41:50.709614
CAM_1435,loc_zip,2139,02139,Missing leading zero,2025-12-16T09:41:50.709672
CAM_1436,loc_zip,2140,02140,Missing leading zero,2025-12-16T09:41:50.709724
CAM_1437,loc_zip,2142,02142,Missing leading zero,2025-12-16T09:41:50.709774
CAM_1438,loc_zip,2138,02138,Missing leading zero,2025-12-16T09:41:50.709826
CAM_1439,loc_zip,2138,02138,Missing leading zero,2025-12-16T09:41:50.709876
CAM_1454,loc_zip,2138,02138,Missing leading zero,2025-12-16T09:41:50.709922
CAM_1459,loc_zip,2138,02138,Missing leading zero,2025-12-16T09:41:50.709967
CAM_1460,loc_zip,2139,02139,Missing leading zero,2025-12-16T09:41:50.710015
CAM_1467,loc_zip,2138,02138,Missing leading zero,2025-12-16T09:41:50.710061
CAM_1468,loc_zip,2139,02139,Missing leading zero,2025-12-16T09:41:50.710106
CAM_1469,loc_zip,2139,02139,Missing leading zero,2025-12-16T09:41:50.710154
CAM_1470,loc_zip,2139,02139,Missing leading zero,2025-12-16T09:41:50.710200
CAM_1471,loc_zip,2139,02139,Missing leading zero,2025-12-16T09:41:50.710247
CAM_1473,loc_zip,2139,02139,Missing leading zero,2025-12-16T09:41:50.710293
CAM_1474,loc_zip,2142,02142,Missing leading zero,2025-12-16T09:41:50.710338
CAM_1476,loc_zip,2139,02139,Missing leading zero,2025-12-16T09:41:50.710383
CAM_1478,loc_zip,2139,02139,Missing leading zero,2025-12-16T09:41:50.710433
CAM_1479,loc_zip,2142,02142,Missing leading zero,2025-12-16T09:41:50.710488
CAM_1480,loc_zip,2142,02142,Missing leading zero,2025-12-16T09:41:50.710538
CAM_1481,loc_zip,2139,02139,Missing leading zero,2025-12-16T09:41:50.710588
CAM_1482,loc_zip,2139,02139,Missing leading zero,2025-12-16T09:41:50.710642
CAM_1483,loc_zip,2139,02139,Missing leading zero,2025-12-16T09:41:50.710699
CAM_1484,loc_zip,2139,02139,Missing leading zero,2025-12-16T09:41:50.710750
CAM_1486,loc_zip,2142,02142,Missing leading zero,2025-12-16T09:41:50.710803
CAM_1491,loc_zip,2139,02139,Missing leading zero,2025-12-16T09:41:50.710860
CAM_1492,loc_zip,2142,02142,Missing leading zero,2025-12-16T09:41:50.710917
CAM_1494,loc_zip,2142,02142,Missing leading zero,2025-12-16T09:41:50.710963
CAM_1495,loc_zip,2139,02139,Missing leading zero,2025-12-16T09:41:50.711008
CAM_1496,loc_zip,2142,02142,Missing leading zero,2025-12-16T09:41:50.711070
CAM_1497,loc_zip,2139,02139,Missing leading zero,2025-12-16T09:41:50.711119
CAM_1499,loc_zip,2139,02139,Missing leading zero,2025-12-16T09:41:50.711165
CAM_1501,loc_zip,2139,02139,Missing leading zero,2025-12-16T09:41:50.711211
CAM_1505,loc_zip,2139,02139,Missing leading zero,2025-12-16T09:41:50.711257
CAM_1507,loc_zip,2139,02139,Missing leading zero,2025-12-16T09:41:50.711303
CAM_1511,loc_zip,2139,02139,Missing leading zero,2025-12-16T09:41:50.711348
CAM_1512,loc_zip,2139,02139,Missing leading zero,2025-12-16T09:41:50.711393
CAM_1515,loc_zip,2138,02138,Missing leading zero,2025-12-16T09:41:50.711443
CAM_1527,loc_zip,2139,02139,Missing leading zero,2025-12-16T09:41:50.711497
CAM_1528,loc_zip,2139,02139,Missing leading zero,2025-12-16T09:41:50.711549
CAM_1529,loc_zip,2140,02140,Missing leading zero,2025-12-16T09:41:50.711603
CAM_1536,loc_zip,2138,02138,Missing leading zero,2025-12-16T09:41:50.711655
CAM_1539,loc_zip,2138,02138,Missing leading zero,2025-12-16T09:41:50.711706
CAM_1541,loc_zip,2138,02138,Missing leading zero,2025-12-16T09:41:50.711760
CAM_1542,loc_zip,2138,02138,Missing leading zero,2025-12-16T09:41:50.711814
CAM_1547,loc_zip,2139,02139,Missing leading zero,2025-12-16T09:41:50.711869
CAM_1548,loc_zip,2139,02139,Missing leading zero,2025-12-16T09:41:50.711921
CAM_1549,loc_zip,2141,02141,Missing leading zero,2025-12-16T09:41:50.711968
CAM_1551,loc_zip,2138,02138,Missing leading zero,2025-12-16T09:41:50.712031
CAM_1559,loc_zip,2141,02141,Missing leading zero,2025-12-16T09:41:50.712077
CAM_1565,loc_zip,2139,02139,Missing leading zero,2025-12-16T09:41:50.712122
CAM_1573,loc_zip,2139,02139,Missing leading zero,2025-12-16T09:41:50.712171
CAM_1574,loc_zip,2139,02139,Missing leading zero,2025-12-16T09:41:50.712217
CAM_1575,loc_zip,2142,02142,Missing leading zero,2025-12-16T09:41:50.712263
CAM_1578,loc_zip,2139,02139,Missing leading zero,2025-12-16T09:41:50.712308
CAM_1579,loc_zip,2139,02139,Missing leading zero,2025-12-16T09:41:50.712355
CAM_1582,loc_zip,2142,02142,Missing leading zero,2025-12-16T09:41:50.712400
CAM_1583,loc_zip,2139,02139,Missing leading zero,2025-12-16T09:41:50.712448
CAM_1585,loc_zip,2138,02138,Missing leading zero,2025-12-16T09:41:50.712496
CAM_1588,loc_zip,2139,02139,Missing leading zero,2025-12-16T09:41:50.712547
CAM_1589,loc_zip,2142,02142,Missing leading zero,2025-12-16T09:41:50.712598
CAM_1590,loc_zip,2139,02139,Missing leading zero,2025-12-16T09:41:50.712648
CAM_1594,loc_zip,2141,02141,Missing leading zero,2025-12-16T09:41:50.712697
CAM_1602,loc_zip,2138,02138,Missing leading zero,2025-12-16T09:41:50.712749
CAM_1603,loc_zip,2139,02139,Missing leading zero,2025-12-16T09:41:50.712799
CAM_1608,loc_zip,2138,02138,Missing leading zero,2025-12-16T09:41:50.712848
CAM_1609,loc_zip,2138,02138,Missing leading zero,2025-12-16T09:41:50.712896
CAM_1610,loc_zip,2138,02138,Missing leading zero,2025-12-16T09:41:50.712944
CAM_1611,loc_zip,2139,02139,Missing leading zero,2025-12-16T09:41:50.712991
CAM_1612,loc_zip,2138,02138,Missing leading zero,2025-12-16T09:41:50.713037
CAM_1613,loc_zip,2141,02141,Missing leading zero,2025-12-16T09:41:50.713082
CAM_1614,loc_zip,2138,02138,Missing leading zero,2025-12-16T09:41:50.713128
CAM_1615,loc_zip,2139,02139,Missing leading zero,2025-12-16T09:41:50.713173
CAM_1617,loc_zip,2139,02139,Missing leading zero,2025-12-16T09:41:50.713219
CAM_1620,loc_zip,2139,02139,Missing leading zero,2025-12-16T09:41:50.713264
CAM_1621,loc_zip,2138,02138,Missing leading zero,2025-12-16T09:41:50.713309
CAM_1625,loc_zip,2138,02138,Missing leading zero,2025-12-16T09:41:50.713354
CAM_1638,loc_zip,2138,02138,Missing leading zero,2025-12-16T09:41:50.713402
CAM_1647,loc_zip,2139,02139,Missing leading zero,2025-12-16T09:41:50.713454
CAM_1648,loc_zip,2139,02139,Missing leading zero,2025-12-16T09:41:50.713508
CAM_1650,loc_zip,2139,02139,Missing leading zero,2025-12-16T09:41:50.713559
CAM_1652,loc_zip,2138,02138,Missing leading zero,2025-12-16T09:41:50.713613
CAM_1654,loc_zip,2140,02140,Missing leading zero,2025-12-16T09:41:50.713663
CAM_1655,loc_zip,2141,02141,Missing leading zero,2025-12-16T09:41:50.713716
CAM_1659,loc_zip,2141,02141,Missing leading zero,2025-12-16T09:41:50.713770
CAM_1661,loc_zip,2141,02141,Missing leading zero,2025-12-16T09:41:50.713823
CAM_1662,loc_zip,2141,02141,Missing leading zero,2025-12-16T09:41:50.713873
CAM_1663,loc_zip,2142,02142,Missing leading zero,2025-12-16T09:41:50.713922
CAM_1665,loc_zip,2138,02138,Missing leading zero,2025-12-16T09:41:50.713968
CAM_1668,loc_zip,2138,02138,Missing leading zero,2025-12-16T09:41:50.714013
CAM_1670,loc_zip,2138,02138,Missing leading zero,2025-12-16T09:41:50.714060
CAM_1675,loc_zip,2140,02140,Missing leading zero,2025-12-16T09:41:50.714105
CAM_1679,loc_zip,2138,02138,Missing leading zero,2025-12-16T09:41:50.714149
CAM_1683,loc_zip,2138,02138,Missing leading zero,2025-12-16T09:41:50.714198
CAM_1686,loc_zip,2139,02139,Missing leading zero,2025-12-16T09:41:50.714243
CAM_1688,loc_zip,2142,02142,Missing leading zero,2025-12-16T09:41:50.714289
CAM_1689,loc_zip,2138,02138,Missing leading zero,2025-12-16T09:41:50.714339
CAM_1694,loc_zip,2138,02138,Missing leading zero,2025-12-16T09:41:50.714385
CAM_1702,loc_zip,2141,02141,Missing leading zero,2025-12-16T09:41:50.714431
CAM_1703,loc_zip,2138,02138,Missing leading zero,2025-12-16T09:41:50.714484
CAM_1712,loc_zip,2138,02138,Missing leading zero,2025-12-16T09:41:50.714535
CAM_1715,loc_zip,2138,02138,Missing leading zero,2025-12-16T09:41:50.714590
CAM_1716,loc_zip,2138,02138,Missing leading zero,2025-12-16T09:41:50.714643
CAM_1718,loc_zip,2138,02138,Missing leading zero,2025-12-16T09:41:50.714694
CAM_1721,loc_zip,2138,02138,Missing leading zero,2025-12-16T09:41:50.714742
CAM_1732,loc_zip,2472,02472,Missing leading zero,2025-12-16T09:41:50.714795
CAM_1734,loc_zip,2139,02139,Missing leading zero,2025-12-16T09:41:50.714845
CAM_1739,loc_zip,2141,02141,Missing leading zero,2025-12-16T09:41:50.714897
CAM_1745,loc_zip,2139,02139,Missing leading zero,2025-12-16T09:41:50.714942
CAM_1749,loc_zip,2140,02140,Missing leading zero,2025-12-16T09:41:50.714991
CAM_1770,loc_zip,2141,02141,Missing leading zero,2025-12-16T09:41:50.715036
CAM_1776,loc_zip,2138,02138,Missing leading zero,2025-12-16T09:41:50.715085
CAM_1805,loc_zip,2138,02138,Missing leading zero,2025-12-16T09:41:50.715130
CAM_1807,loc_zip,2141,02141,Missing leading zero,2025-12-16T09:41:50.715179
CAM_1809,loc_zip,2139,02139,Missing leading zero,2025-12-16T09:41:50.715225
CAM_1816,loc_zip,2139,02139,Missing leading zero,2025-12-16T09:41:50.715275
CAM_1817,loc_zip,2138,02138,Missing leading zero,2025-12-16T09:41:50.715335
CAM_1820,loc_zip,2139,02139,Missing leading zero,2025-12-16T09:41:50.715381
CAM_1821,loc_zip,2140,02140,Missing leading zero,2025-12-16T09:41:50.715426
CAM_1822,loc_zip,2138,02138,Missing leading zero,2025-12-16T09:41:50.715478
CAM_1823,loc_zip,2138,02138,Missing leading zero,2025-12-16T09:41:50.715527
CAM_1824,loc_zip,2138,02138,Missing leading zero,2025-12-16T09:41:50.715575
CAM_1837,loc_zip,2141,02141,Missing leading zero,2025-12-16T09:41:50.715628
CAM_1847,loc_zip,2142,02142,Missing leading zero,2025-12-16T09:41:50.715678
CAM_1849,loc_zip,2142,02142,Missing leading zero,2025-12-16T09:41:50.715734
CAM_1856,loc_zip,2138,02138,Missing leading zero,2025-12-16T09:41:50.715784
CAM_1859,loc_zip,2139,02139,Missing leading zero,2025-12-16T09:41:50.715838
CAM_1872,loc_zip,2142,02142,Missing leading zero,2025-12-16T09:41:50.715888
CAM_1873,loc_zip,2142,02142,Missing leading zero,2025-12-16T09:41:50.715937
CAM_1874,loc_zip,2142,02142,Missing leading zero,2025-12-16T09:41:50.715989
CAM_1878,loc_zip,2138,02138,Missing leading zero,2025-12-16T09:41:50.716045
CAM_1879,loc_zip,2142,02142,Missing leading zero,2025-12-16T09:41:50.716093
CAM_1880,loc_zip,2139,02139,Missing leading zero,2025-12-16T09:41:50.716154
CAM_1885,loc_zip,2138,02138,Missing leading zero,2025-12-16T09:41:50.716205
CAM_1901,loc_zip,2139,02139,Missing leading zero,2025-12-16T09:41:50.716251
CAM_1925,loc_zip,2139,02139,Missing leading zero,2025-12-16T09:41:50.716295
DC_5483662,energy_elec_kwh,0.22343,,kWh=0.22343 but kBtu=4.7M - impossible ratio (21M vs expected 3.412),2025-12-16T09:41:50.716956
CHI_250165,ROW_DELETED,,,Bad EUI data,2025-12-17T21:13:27.438952
DC_5483662,energy_climate_zone,,South-Central,Washington DC climate zone,2025-12-17T21:13:27.438952
LA_434683843961,ROW_DELETED,,,Bad EUI data,2025-12-17T21:13:27.438952
PHL_141674,ROW_DELETED,,,Bad EUI data,2025-12-17T21:13:27.438952
PHL_160526,ROW_DELETED,,,Bad EUI data,2025-12-17T21:13:27.438952
PHL_165426,ROW_DELETED,,,Bad EUI data,2025-12-17T21:13:27.438952
PHL_97993,ROW_DELETED,,,Bad EUI data,2025-12-17T21:13:27.438952
NYC_1007027501,ROW_DELETED,,,Bad EUI data,2025-12-17T21:13:27.438952
NYC_1005770071,energy_star_score,0.0,,Invalid score 0,2025-12-17T21:13:27.438952
NYC_1010990021,energy_star_score,0.0,,Invalid score 0,2025-12-17T21:13:27.438952
